pocket,-3.22657465939,-161473.883924
pockets,-3.17406250121,-1163055.54
fellow,-2.68901423599,-257180.93731
muttered,-2.65018868352,-344914.065009
coat,-2.61638117768,-232296.444746
pipe,-2.59441065616,-245406.682401
study,-2.57003769424,-912401.809118
horse,-2.48224100033,-69469.4790791
master,-2.38738039605,-59538.0325011
shirt,-2.3759955802,-824523.509599
hat,-2.33837442424,-85179.0820406
cigar,-2.26876912366,-6234773.63007
men,-2.25904385735,-88443.4479595
beard,-2.23794358836,-479890.305268
sword,-2.19896877237,-433617.040139
office,-2.1512614881,-105348.330958
boots,-1.89511797029,-543479.522525
strode,-1.85766471197,-442093.241058
suit,-1.82461009055,-464499.6449
worked,-1.79173223821,-163318.705444
career,-1.77799120893,-288627.571852
arm,-1.77342991496,-44698.1130285
shouted,-1.77178084254,-130575.588522
staggered,-1.77028838549,-774179.544652
heel,-1.76857209108,-931584.25995
gun,-1.75782630364,-318774.851955
cap,-1.74811320608,-276451.052601
overcoat,-1.67185580832,-1768359.46344
embrace,-1.65856398777,-2731156.37079
comrades,-1.65424743896,-789252.232347
was-served,-1.65104447652,-782168.44497
placed,-1.64451345646,-128537.225667
cane,-1.6437267339,-500275.189659
heels,-1.63831365562,-391524.805667
officer,-1.62488780795,-500673.697912
tie,-1.60659537426,-14831670.7814
took,-1.60232858507,-13064.6403178
shot,-1.59841200876,-144915.905347
found,-1.57696915949,-18668.1991405
rode,-1.55632446173,-188239.21407
stumbled,-1.54346827875,-846959.343983
watch,-1.54012623097,-157709.767907
was-killed,-1.50617376062,-131586.367952
rage,-1.49838048679,-1254310.57981
pen,-1.48324267241,-637639.381582
opponent,-1.47446932391,-981885.017804
return,-1.47230311488,-100473.431264
whistled,-1.45658833918,-4087857.31925
met,-1.45406650047,-43243.8658902
was-met,-1.44938965802,-58236.5410405
profession,-1.44830174436,-614862.275843
obtained,-1.4211283969,-312184.934811
majesty,-1.41963353918,-84179.615523
companions,-1.4181402374,-153566.910885
quarters,-1.41558272949,-609451.374869
ride,-1.41340343913,-606774.281282
trousers,-1.41016990978,-738038.059953
bought,-1.40685949612,-106690.256955
blinked,-1.40163599032,-1525813.76308
concluded,-1.38639538325,-203393.470585
lawyer,-1.35925128227,-3746520.09014
comrade,-1.35625217945,-1934595.63667
labours,-1.35479213933,-3505919.18607
got,-1.35439686926,-14846.9744976
enemy,-1.35318026411,-428662.830846
drove,-1.34566794427,-109846.937448
crawled,-1.34434661314,-1879382.49757
venture,-1.34260024936,-1266874.82392
was-seen,-1.33905673062,-73823.8157337
practice,-1.33564624299,-6062087.7676
grinned,-1.33282630117,-368185.096791
was-remind,-1.32852620806,-1432845.09368
conduct,-1.32835702177,-168020.571861
join,-1.32827918424,-363886.23678
authority,-1.3259317307,-984437.886574
pondered,-1.32176989146,-4139127.46905
employer,-1.31838056769,-234436.305387
ship,-1.3158712937,-326874.380103
job,-1.31552894007,-454116.437379
thumb,-1.31442610264,-908925.637531
was-set,-1.31419335373,-189971.866574
eye,-1.31138596082,-54650.5826011
smoked,-1.31050396406,-440665.914754
library,-1.30396242081,-512497.613413
roared,-1.30093400119,-2224466.29143
was-received,-1.29337601542,-191057.052464
moustache,-1.28955311182,-320188.130142
estate,-1.28394202164,-570028.575471
brows,-1.28387345387,-493637.754082
was-hated,-1.27541072525,-300879.618275
shop,-1.27216824359,-57775.5673158
horses,-1.26994698784,-471666.723773
entrance,-1.26083629329,-276236.322045
was-drawn,-1.25942623094,-765684.004662
land,-1.25849863518,-1002164.68852
was-warned,-1.2505167455,-517264.457362
swore,-1.24971313687,-245507.575359
pace,-1.24929165101,-2023799.76641
approached,-1.2469528346,-104067.221356
chair,-1.24598338444,-47971.3588651
pistol,-1.24586013997,-796041.686394
paper,-1.24108068679,-307092.825248
dealt,-1.23899163457,-1481325.27428
was-drove,-1.23847016036,-470689.75103
was-shook,-1.23394483216,-597979.49859
was-follow,-1.23306806258,-190186.025605
riding,-1.22998989922,-925174.984923
get,-1.22707808922,-28441.4459903
was-eying,-1.22684810683,-1620508.78869
was-refused,-1.22533663523,-2286023.65208
dismounted,-1.21169394102,-1005398.27127
was-sent,-1.20688884435,-80391.4161077
ruin,-1.20349325635,-5450905.06142
associates,-1.20193457728,-702427.398618
collar,-1.19716203334,-871983.453371
was-get,-1.19560024028,-106115.619847
stories,-1.18221405652,-570752.319978
mate,-1.17965827248,-234169.679113
enemies,-1.17753240253,-343467.462438
attentions,-1.17683944895,-337203.366886
mad,-1.17677196837,-452548.609307
breakfast,-1.17602070706,-777048.956659
offered,-1.1729448935,-66550.7402108
committed,-1.17137917217,-338019.738649
pass,-1.17066996263,-268523.592816
was-sending,-1.15709780065,-872028.332259
wounds,-1.15612483563,-515449.45253
appointment,-1.15545682433,-479821.739194
encountered,-1.15367604311,-383373.943577
agent,-1.14848629389,-152539.932902
was-cut,-1.147198596,-674244.874286
toes,-1.14680140945,-1257713.00418
liberty,-1.14510728123,-2177422.62446
brow,-1.14183881029,-164822.904265
laid,-1.13134272179,-87938.2926957
expense,-1.12578283482,-1106985.84129
be,-1.12478869243,-23636.8024416
marvelled,-1.12413095563,-4710327.01247
fellows,-1.12286113177,-800958.686781
pocketbook,-1.12174402329,-1557942.94946
heir,-1.12126907907,-884692.256438
was-hear,-1.12121674338,-178412.075874
attempt,-1.12020137794,-2301695.18804
teeth,-1.11817092316,-105130.702807
cleared,-1.11662793047,-301415.00914
hero,-1.11464776395,-312031.522141
fallen,-1.11418908952,-182258.240175
sleeve,-1.11292817713,-1326964.00531
habits,-1.10998718457,-986980.202552
dropped,-1.1071706369,-92889.1247247
introduced,-1.10596704885,-208766.402167
breathing,-1.10415093856,-268617.578911
led,-1.10411403655,-65606.6790535
happened,-1.09766944642,-470880.782458
amazement,-1.09353141716,-621896.229283
genius,-1.09272505177,-348622.917332
was-thanked,-1.09183162265,-101590.044004
confess,-1.09138555495,-2344538.99363
wandered,-1.09041639091,-251828.024324
shaking,-1.08804847859,-846989.766689
was-struck,-1.08501918381,-161488.160224
view,-1.08170795132,-532152.785473
pulled,-1.07879237544,-86415.4712458
fist,-1.0786306434,-110716.154263
was-shot,-1.07765252375,-418653.831633
was-wounded,-1.0763455428,-1317654.04756
nostrils,-1.07441192636,-828194.059718
was-read,-1.07405972598,-302456.755735
gazed,-1.07128872087,-151364.662075
sauntered,-1.06827128991,-1217691.94106
way,-1.06757967458,-15853.9655644
lowered,-1.06659583848,-650308.52729
intended,-1.06626943304,-98199.5279168
drank,-1.06235836578,-160084.209642
was-introduce,-1.05829954187,-551251.752409
lain,-1.05780729895,-2967265.85205
fell,-1.05379359348,-51091.893196
produced,-1.05146895386,-253058.140839
leapt,-1.04784750762,-323355.736419
completed,-1.04515780673,-467120.664642
watching,-1.04330701025,-422151.272794
passing,-1.04273238063,-316652.003683
follow,-1.04242395078,-429921.090511
muscles,-1.03903321324,-1387534.88411
knee,-1.03849782025,-203010.710553
luck,-1.03649894577,-718155.924402
jaw,-1.03606239705,-1350910.22884
pay,-1.03495900621,-245542.272588
was-pay,-1.03070183347,-440755.138994
grandfather,-1.02781352844,-112410.854118
killed,-1.02629508972,-150189.854751
trying,-1.02589330799,-95285.0462347
fever,-1.02519696154,-9007099.62462
coming,-1.02517935267,-21012.3067126
belt,-1.02378237505,-3071372.67755
gripped,-1.02087902739,-1432525.23259
was-supposed,-1.02079016554,-364208.515801
was-come,-1.01969683394,-222465.114785
argued,-1.01681569749,-704557.633758
studied,-1.01448237821,-531237.211147
king,-1.01224288789,-1065617.65649
ears,-1.01038013429,-103871.264006
was-knocked,-1.00387023006,-451410.446718
desires,-0.997097796133,-2231987.92964
dug,-0.996273004066,-881941.138141
jumped,-0.994191989692,-116032.812709
sold,-0.993137090485,-177564.046564
saddle,-0.987370683095,-286289.680468
fired,-0.986926045361,-382856.222717
prospects,-0.985761550141,-664784.161273
guide,-0.98574993169,-656759.819242
lungs,-0.9853609284,-1060131.85931
neglected,-0.984781395414,-1372970.27463
plate,-0.984148798611,-494369.000657
business,-0.982908182204,-126253.750534
attempted,-0.981276270968,-521605.321757
honest,-0.981185078493,-648752.640007
spine,-0.97980840946,-1530392.2632
gained,-0.977173458703,-170903.419096
requested,-0.976922798875,-159121.57174
books,-0.975174784685,-258157.496233
was-satisfied,-0.972544788126,-241080.233185
purchased,-0.971610030087,-227022.359671
was-robbed,-0.970513970346,-9302042.72719
whip,-0.967714052385,-1405160.66113
grunted,-0.967202779472,-486063.616747
come,-0.96512253723,-9094.1248627
was-receive,-0.961024935756,-438769.928611
made,-0.959949573593,-7036.25821748
bill,-0.956593113215,-355625.95057
warned,-0.956402374349,-187895.22813
ground,-0.95588430241,-645313.750646
benefactor,-0.952353884157,-676169.96934
stared,-0.95129444812,-89005.443243
relations,-0.950987399045,-239268.582826
was-keep,-0.950922784856,-131297.154392
detained,-0.950795905317,-1162512.83135
promise,-0.950125016274,-158620.853752
certain,-0.942017632738,-442835.111403
was-meet,-0.941695991822,-51471.0281522
stood,-0.94167741476,-12926.8072559
proceeded,-0.940649883664,-85204.8743738
manner,-0.934630869479,-42108.9577531
boat,-0.93346101362,-312492.073198
act,-0.933445343998,-171258.411231
was-shouted,-0.932498296483,-583312.982343
raise,-0.930160504335,-4241945.16118
catch,-0.928471311274,-627638.213427
supper,-0.92373385393,-782963.087094
doing,-0.923708974137,-51603.6407657
rival,-0.922720895749,-842535.22143
eyebrows,-0.921990680163,-172220.784247
chance,-0.921176359846,-742467.900381
bowed,-0.919810937975,-105167.417552
was-interrupted,-0.91884874393,-173109.383416
set,-0.917666715974,-34365.223666
was-considered,-0.917485335478,-260657.884417
talents,-0.915619528903,-1224751.13549
was-saw,-0.912595328048,-23412.6981288
succeeded,-0.910085579131,-171499.84799
was-troubled,-0.903215317953,-1140867.29421
plan,-0.899085881705,-359546.088727
picked,-0.898280442549,-67885.9484133
dream,-0.896505570646,-634066.747669
god,-0.894558189306,-318310.737672
buy,-0.89371510458,-742247.728966
errand,-0.893145559096,-257367.15616
connexion,-0.889486509005,-898298.768386
art,-0.885657902483,-595268.84799
handed,-0.884860960822,-104276.632102
take,-0.884319000545,-21958.7162987
promised,-0.88157370522,-60980.6740943
knocked,-0.880239140726,-366635.820608
departure,-0.879372429466,-174723.298443
suffering,-0.877915754982,-1101521.14684
built,-0.875195450687,-120020.084307
paid,-0.870389027799,-68288.5488871
actions,-0.866423871037,-656833.505266
resisted,-0.864002650993,-373338.483631
sentence,-0.862476363043,-384262.352628
drink,-0.861599422426,-232702.756757
speech,-0.861060475745,-40423.8267489
dispatched,-0.86050712219,-1658326.47835
was-aroused,-0.859870114552,-636109.597026
was-added,-0.858160593703,-58725.0141824
yelled,-0.857501367097,-163138.501424
bring,-0.856397752197,-58144.0230043
game,-0.855363868292,-955977.15963
fancy,-0.855148484026,-264140.853919
host,-0.854940217207,-275106.582972
seized,-0.854228742161,-81179.4112649
mood,-0.851931665,-228564.866499
was-trust,-0.85148103011,-271212.67035
halted,-0.85147701542,-684731.710168
shadow,-0.850259826527,-1365331.42325
alighted,-0.850210519717,-1675185.00092
find,-0.848873774806,-55541.5803782
strolled,-0.84583476387,-1511888.76628
was-beaten,-0.845242480277,-476274.249547
known,-0.842523796609,-66511.9279083
comes,-0.841853122165,-50464.6464377
fine,-0.840759458027,-181943.742649
failure,-0.840271544206,-333857.648655
parted,-0.840087305687,-289542.761462
'd,-0.836680350955,-113712.818961
was-turned,-0.836356935199,-118751.792861
property,-0.835964702623,-180886.786397
exchanged,-0.834341070451,-250177.158079
unfolded,-0.829504308687,-2526675.50422
store,-0.829058795233,-175010.984308
defence,-0.826969296344,-943727.677301
growled,-0.826720361721,-421070.015531
fashion,-0.821649406535,-281030.541911
was-continued,-0.821133909202,-69320.1890519
arrive,-0.820564457924,-1117220.37458
brothers,-0.81904720945,-156918.684308
was-stop,-0.818971599209,-156805.020864
was-rejoined,-0.81775729554,-223469.546614
assured,-0.816093027654,-95898.0708368
country,-0.815766761785,-94225.6460182
start,-0.815448435792,-171497.076513
ignorant,-0.813652165158,-864629.486026
stated,-0.813641827896,-267543.786477
imagine,-0.813159027631,-244061.277254
was-reached,-0.811710646419,-255701.869933
cursed,-0.810974243359,-404575.439459
woke,-0.810937940279,-576871.114513
failed,-0.809957319314,-149235.164117
dislike,-0.807011930082,-1832480.25276
meal,-0.8044429104,-479574.991042
setting,-0.802659473526,-1155079.08386
escaped,-0.799261204299,-205926.244507
was-observed,-0.798222419378,-300857.644496
reach,-0.797439969829,-229038.145799
recover,-0.797253314167,-275551.025874
was-filled,-0.796591430481,-934275.079324
line,-0.794550455947,-209673.702093
was-hit,-0.794178576569,-126226.476382
exhibited,-0.794026532817,-493421.719373
busy,-0.793758300384,-141862.067251
marked,-0.793089916465,-527139.405669
weak,-0.791388194541,-580136.251577
seeking,-0.79032604743,-961464.904627
benefit,-0.790153178606,-1404338.68774
disposition,-0.789706966033,-390018.457251
reasons,-0.789416883662,-354709.246345
mean,-0.789221023527,-84377.2276147
darted,-0.78860050902,-761433.213545
elbow,-0.786748554871,-202502.550256
professed,-0.785939752269,-205579.271235
offer,-0.783911762824,-176147.591649
lighted,-0.780495284261,-814643.1244
was-brought,-0.780158709652,-40698.4347167
was-invited,-0.778011534177,-214082.052918
plunged,-0.777390336044,-191351.308822
beheld,-0.776888961376,-283015.365213
affairs,-0.776257608964,-268636.961716
knowing,-0.776155937628,-583829.629592
stepped,-0.774626026634,-46230.194129
passed,-0.774307592307,-35044.7594859
fall,-0.77320552253,-491901.172965
died,-0.772063105115,-29849.9009297
running,-0.771092841483,-146478.130764
box,-0.770664071019,-157380.130779
ambition,-0.76905889745,-441838.862656
taking,-0.768630165142,-118623.964493
was-catch,-0.767343129909,-216415.969257
fool,-0.763335076963,-309262.737298
was-stirred,-0.76233526943,-128486.942902
was-moved,-0.762046569674,-145394.678007
was-learned,-0.760224283048,-2082553.06169
was-recalled,-0.758956537229,-1747985.04464
adventure,-0.757804832871,-492152.634101
song,-0.757391864843,-191726.839202
won,-0.755204922888,-81458.3882939
remain,-0.753872781949,-227463.97338
distinguish,-0.752087795067,-1440467.61411
pointed,-0.751716569233,-62194.7079673
was-overwhelmed,-0.751464372024,-7703896.48501
eating,-0.749790551844,-345649.970988
indulged,-0.748405957012,-548707.987507
sell,-0.74808065331,-506745.382838
pulse,-0.74601307027,-412941.295139
was-concerning,-0.745709476825,-353332.440296
was-looking,-0.745631262628,-496538.902391
housekeeper,-0.743942161733,-12057.6248641
replaced,-0.743726694149,-354047.088405
resources,-0.740829289106,-3161450.5633
arrival,-0.740205799913,-81356.8907121
was-greeted,-0.739357776771,-243446.652795
work,-0.738176627202,-19619.0151246
was-buried,-0.735409368979,-282990.646389
was-hurt,-0.734463592087,-177943.35398
dog,-0.732197033065,-115811.501877
saw,-0.729492406972,-6821.79747298
followed,-0.728717921171,-33049.7884049
groped,-0.727868727947,-2123137.95054
chain,-0.726818796017,-372672.114481
responsible,-0.724306699635,-201097.850263
mounted,-0.723073717349,-317538.612103
hit,-0.722939385344,-385254.962219
compelled,-0.722904159688,-448616.724914
right,-0.722812988103,-42494.0911829
coffee,-0.72141642396,-158594.691495
commenced,-0.720825898725,-105227.655512
shoes,-0.718505264049,-65685.4107233
hunted,-0.718123788987,-369074.439077
served,-0.717392254961,-200190.331692
escape,-0.716780511427,-99188.9794462
people,-0.715870458932,-82642.8811864
hinted,-0.715097675037,-287139.415069
checked,-0.713938250402,-251536.413805
grace,-0.712906601601,-87418.5805984
was-understand,-0.712022896345,-134669.07495
treat,-0.711845798593,-1097629.77945
sees,-0.711842707465,-141386.872684
chuckled,-0.711613147427,-114196.072225
stick,-0.708972759064,-421291.864913
dared,-0.708491724,-129651.574591
wants,-0.707635473334,-28484.457503
tore,-0.703668723141,-134207.736329
counsel,-0.702357155133,-450912.940041
order,-0.70032253457,-439895.369085
trusted,-0.698000247223,-665286.477395
was-expect,-0.696992567047,-571841.616841
saved,-0.696748847553,-72407.7642523
hastened,-0.696648490363,-156997.340937
considers,-0.695696541043,-1776785.66712
startled,-0.693507310674,-478339.83675
was-like,-0.693206251828,-44096.4248777
friend,-0.69219574646,-7481.5618369
studies,-0.690663273561,-213578.183824
was-dragged,-0.689002028684,-361224.250802
bit,-0.687466934015,-152522.928131
brother-in-law,-0.687298221428,-434120.141158
was-betrayed,-0.687129230455,-871003.95819
guided,-0.685031859063,-308633.121563
danger,-0.685028144912,-842171.732523
attack,-0.683226430315,-1306820.5535
faculties,-0.681263198529,-254216.657999
apologised,-0.680914202477,-1015310.4762
backed,-0.679901018507,-725913.208783
unable,-0.677109560716,-300953.763117
late,-0.675738776877,-217896.707761
savings,-0.674536235056,-1298986.0722
attempts,-0.673897560643,-2191538.16118
'll,-0.673178644462,-96281.1777534
was-informed,-0.670339675712,-61378.7227814
mistake,-0.668949125318,-367277.566225
was-accustomed,-0.66718848231,-173587.692268
burden,-0.666624089218,-733176.880945
surveyed,-0.663188216402,-966826.303503
pick,-0.662941834178,-250831.192162
hung,-0.661676402552,-226940.644824
thrust,-0.661047132875,-285695.232444
wit,-0.661028723121,-507893.38078
lingered,-0.659593643384,-273730.380333
was-ordered,-0.65931628647,-118471.387859
was-gone,-0.659115317136,-48038.7379307
was-beat,-0.658668414812,-775633.602367
feet,-0.657631137911,-13544.444696
legs,-0.65759670702,-54569.1234203
prayed,-0.655343969125,-142306.007792
was-facing,-0.655201839866,-706175.304834
awoke,-0.653449439846,-265983.015643
journey,-0.653160758181,-158127.127109
makes,-0.652012107578,-68562.935046
visits,-0.651656145488,-253797.876246
hear,-0.651073466849,-38132.5519249
was-thrown,-0.650672088548,-168961.659242
acted,-0.648220896813,-149632.116712
position,-0.648074496528,-64693.7718909
glass,-0.64793561475,-75851.1029064
drop,-0.6476134099,-139976.160805
chest,-0.647402022803,-58010.5561491
scrambled,-0.647314594736,-443384.03347
kicked,-0.646371780168,-1112882.18686
accomplished,-0.645911827717,-224775.12156
calling,-0.645523485192,-109262.089859
was-meeting,-0.64501883079,-518190.129688
driving,-0.644782397993,-332961.796175
deemed,-0.643884982105,-121621.439507
was-looked,-0.643498009776,-446351.062646
was-convince,-0.641922866807,-3251414.114
stand,-0.640946956346,-48902.0807571
avoided,-0.640737310229,-205170.608437
blood,-0.638906692953,-196940.764819
turned,-0.638594682327,-6504.38779033
impatience,-0.63725719445,-338380.144796
sink,-0.637176830261,-856342.215444
weight,-0.636450540629,-278775.973218
interview,-0.636145001193,-453996.070375
secured,-0.635374530944,-480434.721756
was-surprised,-0.635339948522,-99525.0832453
family,-0.635290203123,-17882.5322054
was-do,-0.634231156292,-92538.2918113
was-joined,-0.633954379177,-93713.5948213
clenched,-0.633473131226,-955270.503193
directed,-0.63188328663,-113837.495419
desired,-0.630990827381,-100812.905138
was-surrounded,-0.630131859231,-586005.417602
senses,-0.629541334482,-156834.068195
was-warn,-0.627927413647,-205120.37885
ashamed,-0.627420201593,-131892.870752
successful,-0.626499548789,-6859422.59521
invitation,-0.624527993902,-160687.527442
was-offended,-0.623131014574,-318019.705792
familiar,-0.622957148391,-503922.486103
ease,-0.620967265559,-451831.628357
clothes,-0.620302294015,-81689.4751783
fortune,-0.620226915481,-146871.918836
dinner,-0.616890620039,-346393.103423
sent,-0.61564497023,-13898.1744149
anger,-0.61504133843,-229215.17901
was-released,-0.614952057598,-141196.131975
sailed,-0.614931167913,-270584.912744
was-demanded,-0.613388612314,-115337.185042
papers,-0.6121119233,-160628.565084
perceived,-0.611981474892,-99167.4078594
stammered,-0.609952393574,-323608.539205
was-arrested,-0.60701441864,-483751.652239
waistcoat,-0.606673639227,-715541.330055
brains,-0.605214073532,-264799.36219
was-muttered,-0.60445242092,-237837.258875
powers,-0.604038634573,-189250.454287
going,-0.603079806561,-14417.9226368
disappeared,-0.602932869528,-99607.4649043
success,-0.602289880937,-145234.875236
was-remembered,-0.60069710697,-143145.748321
ceased,-0.59900395877,-142078.363369
was-seek,-0.59722585793,-442223.522144
ring,-0.597096200834,-105441.263863
finish,-0.59673887568,-3059124.76845
tale,-0.59601310907,-192355.285587
hoped,-0.595414878265,-40607.2247851
finding,-0.593416224962,-1668612.56777
withdraw,-0.593057417626,-2056021.13354
adventures,-0.592917310857,-564847.782244
recognise,-0.592642309159,-693077.031341
stretched,-0.590983209797,-280049.793698
afford,-0.589707542057,-135173.769519
planted,-0.589328105358,-545529.139488
likely,-0.588529499109,-249788.964155
make,-0.588451061727,-25406.4920486
acts,-0.586865392413,-95426.2662662
secretary,-0.586603515886,-226917.463183
purpose,-0.586223321575,-146967.761518
staring,-0.580219837536,-380820.04693
wonder,-0.579857752047,-467389.022622
abandoned,-0.579067858562,-230109.558927
dreams,-0.577863685716,-351109.441255
tail,-0.576421007209,-163411.495471
give,-0.574672978108,-21552.8408416
was-inform,-0.574177082465,-540599.225227
memory,-0.573704714027,-98225.4934098
arrived,-0.571414157719,-28855.1914291
recovery,-0.570690035472,-275405.197821
fame,-0.570574161185,-405515.737123
nodded,-0.567416506319,-36106.6201642
confession,-0.566307635128,-360950.802056
birth,-0.565581009481,-420608.445275
was-deprived,-0.564001385043,-433064.806659
praised,-0.563053123759,-417023.42491
wrote,-0.562559082592,-19590.2069206
meditated,-0.562493522021,-2835353.76732
determined,-0.560186628709,-73793.74814
brain,-0.558611428124,-62306.4504967
takes,-0.557306479111,-79928.6878093
end,-0.556422537823,-338589.648242
changed,-0.556222739516,-105211.575789
removed,-0.555058499952,-289118.966681
resentment,-0.555008360036,-815460.84959
travelled,-0.553426685723,-258206.016122
honour,-0.553091035993,-140248.411938
rolled,-0.552390439281,-132849.12065
was-addressing,-0.551763372536,-207602.632255
folded,-0.551156190134,-227696.114683
run,-0.550652573425,-76177.4606941
was-entertained,-0.550460368416,-207852.748297
shrugged,-0.550390311571,-169909.75286
slow,-0.549894810214,-542162.220711
prevent,-0.549370679943,-267241.241099
slip,-0.54829044795,-166589.607862
owed,-0.547732680851,-181409.120981
strike,-0.546651607026,-547935.822659
die,-0.546598281377,-113307.170059
was-heard,-0.546087535925,-31912.0821239
was-found,-0.546041916728,-24801.0663694
crushed,-0.545338057821,-248287.580916
tone,-0.545273173298,-60721.5933455
was-destined,-0.544832738109,-3536970.59428
lift,-0.544585884147,-297219.39983
fists,-0.543993319479,-1272947.39903
struggled,-0.54306410231,-132907.281653
was-treat,-0.542542778536,-225153.491597
speak,-0.542011265926,-26961.966906
leg,-0.541546184262,-91386.1153524
guilt,-0.540029959471,-2830697.76097
sound,-0.538354638211,-3494127.76344
expectations,-0.538037850425,-207530.886355
laughing,-0.537818075337,-89996.6539808
keeping,-0.537261148297,-1747744.08012
straightened,-0.537246265798,-733828.702709
heard,-0.537225523164,-6154.60413154
principles,-0.534858704928,-335027.934042
birthday,-0.533035823239,-254815.517979
skill,-0.532488939499,-133235.56825
strove,-0.530845108225,-118502.324942
was-satisfy,-0.530507043324,-220914.245243
gone,-0.529430975824,-10937.0599011
experience,-0.529051787339,-91196.1386972
friends,-0.528689864636,-9466.66871091
ascended,-0.528407016142,-528917.424213
bounded,-0.527950307337,-178395.767998
fly,-0.526864079248,-910652.475065
needed,-0.526049796619,-65767.8835868
slid,-0.525863465832,-726361.33046
win,-0.525509703634,-276066.68438
was-exhausted,-0.523143971584,-566242.167554
succeed,-0.523032086128,-701263.253512
countenance,-0.518113276147,-65461.050935
power,-0.516976781977,-59845.0378792
embarrassment,-0.516335630083,-302306.006155
sleeves,-0.5153546242,-477793.375937
knock,-0.5150093857,-456454.201524
touched,-0.514993192331,-63195.560313
views,-0.513837567168,-97449.87644
preferred,-0.5131904243,-212125.431848
restrained,-0.510429134385,-1156656.79646
declined,-0.507880737463,-524083.282006
choked,-0.507056912944,-618195.976371
conscience,-0.506684267702,-158569.013209
know,-0.506176877877,-6881.58049957
roof,-0.504998390473,-165122.977185
old,-0.504153797031,-40273.4838154
fled,-0.504113601501,-134203.585547
was-upset,-0.503770979536,-774558.298603
preparations,-0.502116518256,-188981.575634
state,-0.501343851549,-157729.611573
word,-0.501304339726,-81119.0357673
proceedings,-0.500674709276,-1737544.1455
blew,-0.500528989155,-247058.262223
was-put,-0.498454326458,-20739.4909977
claimed,-0.497430226596,-114900.845295
landed,-0.497398793404,-549969.967454
folly,-0.497064520956,-390448.415984
was-bring,-0.496542737138,-39540.1425078
thrown,-0.493670761087,-215407.892658
break,-0.491464192068,-124498.447039
visited,-0.491157160228,-121727.759184
vowed,-0.490988769646,-188894.530513
jerked,-0.488824666615,-717166.09866
candle,-0.488528623813,-610643.826044
close,-0.487309417098,-139211.601815
was-carry,-0.487013132263,-99320.3339031
obtain,-0.48573955559,-822521.266325
was-affect,-0.48400339409,-289769.178909
fixed,-0.483452381352,-92360.7857443
youth,-0.481491972495,-57829.6500091
curiosity,-0.479024914933,-170218.853883
passion,-0.478181398143,-128897.329503
was-awaiting,-0.478055040066,-177837.888314
clasp,-0.475983218432,-799199.677654
quit,-0.47550682868,-171576.825293
was-confronted,-0.475105845164,-840095.657378
alive,-0.473175680636,-66232.4291031
's,-0.471997878827,-12413.8025186
ventured,-0.471956508064,-138076.698401
flung,-0.469456998369,-63298.3238871
was-stung,-0.46945418187,-1141378.00833
gets,-0.468685499136,-74880.6920778
means,-0.466500207854,-145177.434702
explain,-0.465574095057,-341715.372397
was-possessed,-0.465218092457,-256044.525112
let,-0.464655864317,-15417.8883041
taken,-0.464576524183,-12050.825691
clever,-0.462818903937,-92306.1583875
grave,-0.461668721239,-291940.260592
denied,-0.461405068344,-279723.855928
was-finding,-0.461287504271,-249405.322378
was-greet,-0.461001095242,-267293.295785
was-find,-0.458705483566,-22426.1991713
long,-0.458552836034,-319177.951779
prisoner,-0.458407169757,-272027.516943
was-support,-0.458154763301,-351281.039208
engaged,-0.458099348479,-107092.212629
was-fetch,-0.456072151361,-100723.154545
swung,-0.453759415423,-490402.002507
devotion,-0.453199184432,-228212.710464
welcomed,-0.453059119829,-145964.58947
appeared,-0.45227415389,-16041.8713178
intentions,-0.448836245033,-339767.651696
motioned,-0.448745521693,-293654.02816
overheard,-0.448617199878,-876025.549009
arose,-0.448062041011,-48043.3462113
getting,-0.448053990279,-36205.6901363
related,-0.447867356617,-217594.227992
veins,-0.44695832657,-171275.311764
true,-0.446765027101,-158096.772132
lived,-0.446658102963,-13716.2493406
bow,-0.446635480472,-122571.428715
gathered,-0.443075054569,-56964.3842189
was-draw,-0.442693653603,-247167.388106
crouched,-0.441599923404,-731605.057289
was-assisted,-0.440703560253,-229110.871029
was-serve,-0.440472804558,-423029.816532
was-shut,-0.439779707316,-442431.467226
was-reduced,-0.439336403607,-1395849.89112
was-disappointed,-0.438764557627,-55051.7141153
expecting,-0.431730095381,-716424.965687
comforted,-0.43131864094,-1869337.44566
dismay,-0.430444928746,-279137.475951
support,-0.427535777682,-241577.143506
satisfaction,-0.425770738615,-299529.999033
was-puzzled,-0.425704826964,-264025.385823
lives,-0.425005725963,-60203.1232111
leave,-0.423983747667,-29071.5597691
was-please,-0.423379533366,-70796.4874331
jump,-0.422166213743,-622904.835966
was-implored,-0.422025035818,-694551.748647
progress,-0.421859041125,-170398.922947
was-enabled,-0.421689133763,-115963.250418
save,-0.420907978084,-66439.1513617
finished,-0.418945410588,-29112.7653657
keep,-0.417857966289,-44115.6132304
was-pulled,-0.41751702346,-453099.26746
was-believed,-0.416066793346,-90042.9649265
was-accompanied,-0.415322689218,-168060.822194
post,-0.414723916389,-194152.739696
ignorance,-0.409976171528,-291399.946449
was-leading,-0.408656061903,-259395.569833
ejaculated,-0.40803465203,-365724.995182
fill,-0.407217113193,-241754.870742
travels,-0.406923892838,-258075.158544
was-hold,-0.405844667834,-43807.5119267
selected,-0.40497357537,-303304.886883
was-let,-0.404297057619,-46531.5503297
sipped,-0.402625953415,-339836.420483
was-trusted,-0.402310341105,-399922.931524
referred,-0.399394936813,-278954.883879
was-begged,-0.397849811122,-86107.9058254
ate,-0.396878007539,-242313.108634
was-ushered,-0.396639404128,-453181.508061
opportunity,-0.39654842076,-63787.4720601
esteem,-0.396191766913,-2381023.67155
count,-0.396003110189,-340209.099
was-detain,-0.395073355461,-445736.005845
reserve,-0.394046553866,-413993.026378
returned,-0.394008540854,-8886.18322052
stolen,-0.393847316307,-1836841.97207
suffered,-0.392449365082,-51949.85941
step,-0.391963599545,-131051.547282
clothing,-0.391793683996,-173353.119817
want,-0.390654493224,-14288.2066605
relapsed,-0.390203353331,-1095834.44946
table,-0.386417022941,-51492.6276169
suspicions,-0.385449944031,-658807.866507
congratulated,-0.384670914121,-2473289.60043
cigarette,-0.38449894532,-160509.206803
rallied,-0.382644067136,-230031.354347
carry,-0.381710401057,-44410.5284183
released,-0.380225574241,-302743.181467
was-assailed,-0.37766533491,-316249.215726
acquired,-0.377549646352,-239264.403746
stole,-0.376265797318,-105851.936301
was-presented,-0.375695915851,-183838.255293
bread,-0.375345462621,-109469.126725
servants,-0.374677989328,-125738.420092
older,-0.373631384075,-116077.58691
occupied,-0.371832264783,-71782.2045118
was-give,-0.371046506719,-58156.9724862
due,-0.368536689666,-1084837.2753
was-regarded,-0.367874091185,-66763.2141804
race,-0.363860205984,-121536.826338
enough,-0.363746340441,-276004.412252
fought,-0.36320282581,-54082.2919716
services,-0.362645382497,-93092.9465261
design,-0.361458652066,-140622.205217
absence,-0.360817911178,-57537.067235
speaks,-0.359930522501,-50954.5438939
command,-0.35793361596,-99280.4752727
last,-0.357469728253,-171089.825157
taste,-0.356035175067,-56448.4020684
lied,-0.354272680528,-376172.269851
lose,-0.352802161766,-118657.944671
chances,-0.352071813566,-319826.625534
place,-0.351433204866,-7659.75801397
marched,-0.350369523209,-253939.908551
guard,-0.350007184305,-741722.547827
betrayed,-0.349908852636,-136363.990854
course,-0.349116273638,-39908.0417146
was-liked,-0.346045361156,-38573.6487846
heavy,-0.344851875912,-521110.253885
dismissed,-0.34464154177,-249091.627525
statement,-0.344338503298,-125120.385933
endure,-0.343055464081,-360428.951977
asks,-0.34257101642,-65489.5234777
called,-0.34213053907,-5095.14938484
glasses,-0.339492202247,-141576.672311
ai,-0.339476642599,-60393.7160353
hid,-0.339130802854,-307564.458867
losing,-0.337143319066,-2836987.68793
content,-0.337013575806,-135404.99955
re,-0.336190598304,-337124.024181
hailed,-0.335945888032,-152883.149802
forehead,-0.334833425746,-33074.1926338
was-cast,-0.333914181837,-126440.040094
jealousy,-0.33146465305,-240829.908774
was-allowed,-0.33144142442,-59464.3914414
do,-0.331222309905,-4805.21725172
dipped,-0.330916763181,-1466551.87268
was-thought,-0.3308884811,-73618.4954825
was-mean,-0.330290959993,-154503.884289
acting,-0.330146413548,-117124.201778
victim,-0.330013741153,-121834.192004
calculated,-0.329830301919,-5516325.02812
repeat,-0.328918382458,-446770.855554
sprung,-0.327918086003,-361100.053665
was-alarmed,-0.327379684119,-102088.076677
was-escape,-0.326373337814,-171855.712329
first,-0.321036422507,-43604.6235078
neighbour,-0.320825359649,-40505.6468741
mentioned,-0.320771845826,-41183.8308366
was-detained,-0.31919345591,-1182776.26342
pretend,-0.317797973995,-104011.747636
shared,-0.316871298938,-111887.594489
seat,-0.316694063671,-16648.5705151
patience,-0.315779557917,-121287.73181
hotel,-0.315305772739,-1622633.69253
nose,-0.315120156943,-21189.6740919
sides,-0.31460593259,-176295.656731
residence,-0.314095667239,-87896.8222806
drunk,-0.313400851683,-151784.950789
feeling,-0.313206567841,-91858.4519778
doubted,-0.313182966831,-694040.896714
wealth,-0.312933102316,-178671.315204
was-amuse,-0.312906700731,-237250.529724
was-occupied,-0.312403458139,-316800.590465
deny,-0.310774215099,-430193.827495
influence,-0.310495094998,-76454.9049031
kill,-0.305921752353,-202712.736341
was-mind,-0.3057598387,-404735.500364
will,-0.305262499118,-62209.7671308
adored,-0.305211197099,-67584.4544783
was-awakened,-0.305100598978,-646884.222659
reason,-0.304828143441,-257853.026038
revealed,-0.303695310669,-296833.556641
listened,-0.303272302432,-18491.9830924
were,-0.302070239983,-10277.3272106
ancestors,-0.302023363464,-135154.058421
done,-0.302005923436,-8128.48752522
lent,-0.301830335768,-376419.018038
objected,-0.301689899199,-74354.8085812
was-roused,-0.301297393714,-393190.353084
stopped,-0.300320517084,-12616.157392
laboured,-0.300231386514,-189036.517334
forefinger,-0.299312429649,-100852.995168
filled,-0.29912653115,-86727.297077
was-forgive,-0.299063286484,-147844.328528
lie,-0.294485596722,-64749.9375893
walk,-0.29305848002,-17591.2708856
was-pitied,-0.291399244891,-429540.223784
recall,-0.291024269252,-837336.480939
peered,-0.290792567475,-156022.518282
greeted,-0.288625314026,-80733.9725401
drifted,-0.288573807439,-1058282.92227
was-walked,-0.286766580255,-443290.269771
s,-0.286605232879,-13316.8210397
falling,-0.285979495888,-1595112.5564
humour,-0.285854278871,-209377.748728
stock,-0.285242901112,-75312.3372635
was-amazed,-0.284379504187,-133554.436546
thought,-0.284088376188,-1904.69445154
wishes,-0.283920988872,-37456.6911862
was-motioned,-0.28300772556,-2414084.49382
was-leave,-0.282612052643,-19624.0953216
was-showed,-0.282501175339,-125673.093221
was-save,-0.279951125143,-18352.3653283
was-welcome,-0.278488129019,-280779.296537
applied,-0.278426809099,-155574.656072
full,-0.278190401225,-32806.1333626
blush,-0.277886781654,-1171895.43735
rushed,-0.275599838867,-41199.2240261
bath,-0.274226515406,-102147.443742
working,-0.274135087033,-59725.4312001
education,-0.272963931211,-65002.7355051
was-hate,-0.271432639516,-159242.495634
was-touch,-0.268169455538,-108666.841819
was-going,-0.266012440381,-116932.24261
wont,-0.26371073196,-43569.0902077
seems,-0.263575437696,-45911.2617468
accompany,-0.262785887696,-274024.193834
played,-0.262342031651,-32480.5087727
experiences,-0.260532044309,-232990.830125
was-knew,-0.260453392709,-19924.2015328
opinions,-0.260232782648,-215907.505205
soul,-0.259571297109,-22609.3153761
caused,-0.259434463906,-84777.0066478
was-recognise,-0.259020958258,-73707.5198246
awakened,-0.258765990607,-244492.904449
back,-0.257722135044,-10342.9335267
undertook,-0.257462925533,-117454.655642
wine,-0.257405588646,-145494.77501
accustomed,-0.25740339592,-102259.816339
meant,-0.257152237509,-14522.4620555
responded,-0.256247538075,-50741.45858
being,-0.255733177204,-111488.449534
doubt,-0.255325130296,-80571.8731071
avoid,-0.254143844716,-1714937.23238
was-named,-0.25338580516,-83257.1720532
opinion,-0.253298529757,-20572.1054351
admired,-0.253263731293,-66527.9819282
show,-0.25240850483,-39458.8969287
was-engaged,-0.252187416905,-22627.3432762
hard,-0.251066912833,-173596.666834
pitied,-0.250717838344,-577449.976217
rescued,-0.249893159728,-88386.1961667
urged,-0.249375754402,-33789.2853791
addressed,-0.248149519335,-73290.48314
'm,-0.246889668906,-93155.9620017
absorbed,-0.246747720249,-337169.3559
patted,-0.246126744468,-152689.193682
system,-0.246061178224,-237201.514936
remembered,-0.245305076211,-12390.628007
slapped,-0.242905438188,-157472.392837
wrath,-0.242818987551,-60588.5472258
money,-0.242022693338,-11601.8373924
throat,-0.241369366736,-22626.8413654
regret,-0.240753629502,-616786.120151
was-answer,-0.240705569571,-78889.5523144
was-pressed,-0.240629394391,-841157.270416
was,-0.240534699927,-747.799818759
key,-0.240149532863,-240494.029165
guilty,-0.238769891004,-181568.370057
driven,-0.235755001216,-91081.8056156
approach,-0.23569359592,-150931.637411
reasoned,-0.235605508677,-179203.131623
inclined,-0.234238545908,-159907.767966
ill,-0.23336294446,-73472.741181
task,-0.231465070809,-91614.8154216
was-gave,-0.230943664648,-63815.6642625
mouth,-0.230891702207,-6809.2120218
spent,-0.229620584282,-30226.311138
fain,-0.227582337498,-262370.028952
suggestion,-0.22734063323,-551093.224487
mumbled,-0.227196200464,-299070.146817
was-telling,-0.226054510015,-30582.9827943
described,-0.225793536459,-77726.2248334
courage,-0.224366595798,-66340.5752128
explained,-0.223479400468,-11620.5513458
member,-0.223180972014,-251248.438087
use,-0.222469288374,-46026.592182
knows,-0.221458237786,-7134.87263558
shook,-0.221447730589,-9134.16880672
wondering,-0.21996816422,-110020.00442
bound,-0.219819665471,-169071.421015
slept,-0.219006382936,-23980.607666
case,-0.218794012145,-21438.0851166
grip,-0.218134753091,-98921.1860963
remarks,-0.216834165001,-48374.1975338
was-directed,-0.216608980157,-60421.0623308
commanded,-0.216592760063,-42286.8129035
judge,-0.216352839709,-232044.235664
flesh,-0.215571563291,-62112.5379179
reputation,-0.215335715416,-70922.7554493
was-persuaded,-0.214428534683,-55076.3732782
patient,-0.214143918567,-70547.8207544
turning,-0.212915253185,-54463.3072778
object,-0.211437464426,-47747.705767
enjoying,-0.210992665957,-104348.499317
was-placed,-0.210794699784,-74681.1252545
see,-0.208858048323,-3145.4793174
round,-0.208480663327,-36849.6583135
had,-0.208396915879,-463.350889249
provided,-0.206983739355,-52075.5642202
believe,-0.206783379147,-22951.6994031
was-drag,-0.206455519836,-1399828.81773
wish,-0.206353548879,-11647.7226755
blame,-0.205232735544,-244688.641134
was-restored,-0.205147659105,-145527.097342
lead,-0.203714948325,-350103.703747
belonged,-0.203300996552,-78181.7968692
was-understood,-0.201905700088,-132666.272327
was-kept,-0.20186290342,-34999.2653303
body,-0.201754351174,-10317.4411999
was-admitted,-0.201062760772,-50695.794028
able,-0.199827052529,-9838.72299828
bones,-0.199152499644,-71599.8475323
service,-0.197139012643,-45665.9601998
was-regarding,-0.196561223119,-173237.474811
ways,-0.195998218455,-39628.5309412
companion,-0.195589168305,-13635.8880168
drew,-0.194831545864,-6757.67289814
faced,-0.194278354959,-42531.0592237
attained,-0.193273251854,-147078.531509
forced,-0.192625053274,-57186.506217
descended,-0.192444359946,-59361.1303283
witnessed,-0.191444762414,-133287.645891
was-wrapped,-0.19053731692,-627083.17314
was-admired,-0.190427005817,-45782.1956473
was-oppressed,-0.190246259171,-4788715.55465
noted,-0.190201532238,-38046.6710755
pretended,-0.188870668767,-73779.6206773
was-believe,-0.188719264529,-137618.046396
force,-0.187729703215,-128802.804862
pushed,-0.187014612001,-32709.628064
listen,-0.184968930702,-37795.0908175
exertions,-0.184630776552,-48465.0605438
suggested,-0.182489419362,-12511.8600133
chose,-0.181990303035,-32160.1617823
was-wish,-0.18145746806,-87930.4938039
stomach,-0.181449637717,-110614.444093
spoken,-0.180112482555,-27246.8278932
adopted,-0.179459571199,-77542.4025943
drive,-0.179455535864,-70306.3727164
whereabouts,-0.179189740438,-330375.15828
was-move,-0.178622903156,-76793.7388957
surroundings,-0.177986655749,-85782.1402253
was-join,-0.17622341115,-25049.1056292
aid,-0.175378442864,-146656.422697
mind,-0.174597891646,-2100.33517361
waved,-0.174194942747,-35033.5869961
summoned,-0.173120790645,-140623.867131
gazing,-0.172583128079,-72894.7794423
sleeping,-0.172409580798,-102365.537523
wrapped,-0.172216565307,-345621.697057
eagerness,-0.172041219691,-114308.623218
leaned,-0.171582827217,-10158.9180864
insist,-0.17046738759,-389966.621992
was-is,-0.170104291333,-89946.802265
knowledge,-0.166748580529,-38427.8287936
assumed,-0.16648425964,-65188.8277567
troubled,-0.166461321006,-283534.147802
words,-0.165211563618,-7616.82972234
bent,-0.163777875387,-113257.981222
has,-0.163766847399,-1537.66660358
was-laughed,-0.16362205963,-41846.0052522
returns,-0.161536135851,-502143.679844
was-pushed,-0.161513227297,-83896.6818372
afraid,-0.161468967347,-14688.5519045
was-shown,-0.161389868191,-92819.5185938
partner,-0.161254162577,-31887.4859688
gaze,-0.160564739501,-26609.349395
best,-0.160084221523,-24863.7409978
visitor,-0.159096571964,-33775.09611
impressions,-0.158208610499,-292906.246269
was-faced,-0.157165711531,-66294.732266
good,-0.156805844882,-10595.5641198
tell,-0.156495268112,-5400.95304869
tones,-0.156019810827,-45149.9391238
was-has,-0.155942964395,-106523.633668
estimation,-0.155540837482,-197965.83752
was-send,-0.155184590286,-23231.6585312
was-make,-0.154301361076,-28994.3319072
light,-0.153503342179,-97361.8245278
cup,-0.152976742262,-64226.7391948
search,-0.152657912649,-55316.5682324
year,-0.152347093722,-55617.0954998
expressed,-0.151801553038,-31644.9961747
impressed,-0.151237804231,-169815.472724
detected,-0.149035913295,-330263.637927
was-prevented,-0.148505531361,-39586.9879401
was-covered,-0.146765610557,-692358.131886
signed,-0.146210426702,-47196.5863407
was-driven,-0.143929040913,-65796.4292675
was-bewildered,-0.143029353773,-56271.4483007
amused,-0.142099153231,-398020.410345
ready,-0.139888457945,-13505.4306103
was-vexed,-0.137621452895,-185041.955647
purchase,-0.136647210513,-85456.318195
sympathies,-0.13587079017,-103511.797323
pressed,-0.134376665516,-15764.4806917
talking,-0.133772550975,-10395.6384121
paced,-0.133348287577,-37511.4655887
is,-0.132431992662,-1022.6448608
was-began,-0.132130326611,-41657.5718785
subject,-0.131914946675,-51117.3392678
shake,-0.130968565784,-99969.0075297
moments,-0.130925857886,-99844.9112776
was-reach,-0.130692750579,-69015.0166965
are,-0.130544757306,-11214.835751
carrying,-0.130368249326,-63265.6337107
weary,-0.130290707425,-587643.621699
yielded,-0.129620691237,-56216.4329933
was-explained,-0.128985705442,-43000.4377421
health,-0.128558307795,-19632.9742755
hungry,-0.126989059071,-111340.581624
occupation,-0.126594765835,-63090.7388427
ordered,-0.126528443532,-10227.8456909
collected,-0.125995645039,-82726.6739761
allowed,-0.123405093639,-13803.8279996
greeting,-0.123361334323,-43124.0206628
sprang,-0.123054541155,-19594.6019318
disposed,-0.122462673576,-114802.770598
cast,-0.121018237963,-10659.4224755
following,-0.120025163997,-125377.923309
was-got,-0.119723668985,-6641.19247687
observed,-0.118738396863,-7911.42047251
was-known,-0.118587510421,-9256.33817057
finds,-0.118350840006,-25376.1890683
was-written,-0.11812975916,-157339.834079
was-held,-0.1178561736,-33845.3644733
fortunes,-0.117547668987,-195834.605594
expected,-0.117435343637,-14988.0547394
understood,-0.11721556397,-13844.0584869
stuck,-0.115147260702,-103314.155938
begin,-0.114251028469,-39600.7576005
present,-0.112883862984,-23652.5620105
repented,-0.112815653414,-804971.730967
dead,-0.111951169858,-2703.88875053
character,-0.111788606892,-15746.6432456
flashed,-0.111648349206,-132153.795351
inspected,-0.110688325277,-248834.752658
swallowed,-0.110277975048,-74696.8929261
walked,-0.109719864694,-2505.569985
developed,-0.108549325631,-137988.840632
was-preferred,-0.108200730877,-177953.421461
write,-0.108172432497,-8579.73108672
was-welcomed,-0.107837372667,-42623.2500638
retreat,-0.10748602073,-36627.3614025
window,-0.106759761312,-9380.76726561
scanned,-0.10624017084,-866669.055473
angel,-0.106133122001,-44756.3929914
written,-0.106130480226,-11040.9305041
inquired,-0.105081825019,-5133.96088231
was-induced,-0.104534718194,-32199.3703365
difficulties,-0.104002368297,-317076.019797
book,-0.103494721661,-10359.5251415
claim,-0.103330335319,-47751.3083791
instincts,-0.103183811587,-219414.664675
toilet,-0.101984663861,-64063.2493763
discussed,-0.101664134164,-91216.2345966
threatened,-0.0997242327012,-106167.528303
peace,-0.0958118204521,-95874.6813856
was-forgotten,-0.0955382109187,-16415.1959095
snatched,-0.0954990631863,-116101.992476
was-called,-0.0942730486698,-3607.90037281
willing,-0.0942674041599,-13942.5994443
was-guide,-0.0927451569243,-74608.9858519
express,-0.0920754383929,-77529.2997093
liked,-0.0910014588135,-3644.31159957
sad,-0.0896258994071,-194942.757455
share,-0.0881808105372,-10613.9981084
brave,-0.0878701649878,-121321.389695
was-discovered,-0.08762753102,-43564.2619302
was-suspected,-0.0870395898739,-40695.1511845
buried,-0.0869299202599,-19235.8831307
palm,-0.0868211180792,-79338.0366839
spoke,-0.0865954626288,-1403.72283931
appealed,-0.0863817587229,-81619.16665
was-repeated,-0.0850697556646,-22532.9026935
chin,-0.0839865202408,-10521.1997758
forgotten,-0.0826950699218,-10618.5551627
did,-0.0800145553786,-897.22141124
returning,-0.0798279807279,-30123.174369
wise,-0.0788522349596,-50733.9048092
was-touched,-0.0783140540709,-14287.1409456
hesitated,-0.0776145282036,-12163.0511602
listener,-0.0773115245606,-45165.3866051
audience,-0.0765502850451,-37055.6299694
conducted,-0.0764909894832,-51527.0002404
believes,-0.0761941022677,-45639.5287859
antagonist,-0.076157390342,-496068.858578
kneeling,-0.0756080779952,-27032.9328304
sacrifice,-0.075053913151,-321512.532976
fate,-0.0747054512683,-12361.2268424
persuaded,-0.0744042532745,-29946.3977325
attended,-0.0740032233446,-11362.8699962
acknowledged,-0.0736600488589,-48518.8886071
clear,-0.0734839921227,-300648.570322
advice,-0.0730514009068,-13851.1415597
seated,-0.0715013608704,-10491.7321317
was-felt,-0.069483050093,-42881.3439809
steps,-0.0693065843387,-12748.0817118
performed,-0.0689998535712,-24725.9006824
was-keeping,-0.0689798376743,-23058.1054174
fail,-0.0677374745356,-24938.7641496
indicated,-0.0667143560555,-28204.6943648
recollected,-0.0662681782764,-133655.568187
jacket,-0.0658723321915,-42815.1455901
temples,-0.0658612441916,-37709.6535023
was-accompany,-0.0652888362596,-16671.1015868
different,-0.0650522359373,-30746.5914254
asking,-0.0648618811225,-32954.0006437
listening,-0.0625830892232,-14821.919895
was-question,-0.0617586380879,-67335.0765254
obeyed,-0.0611802208954,-16890.7444883
regretted,-0.060774165531,-53953.2054015
was-disturb,-0.0604774567117,-19094.9207771
imagined,-0.0600880138247,-13911.4677711
action,-0.0598972176131,-27321.9506913
chosen,-0.0588884728937,-13041.5804964
frame,-0.058775034621,-13812.8967741
nerves,-0.0579033920138,-9751.72631341
disappointment,-0.0576496112015,-28501.1526539
appetite,-0.0576049989066,-23497.6604752
intelligence,-0.0570584396942,-55775.9057014
orders,-0.056902600291,-14833.5138281
reverie,-0.0568120015341,-59632.829392
was-approached,-0.0567513780475,-42676.3689109
hopes,-0.0562620119241,-8757.39274978
appear,-0.0535566525606,-27390.9608391
extended,-0.0533061830331,-71282.0107056
devoted,-0.0531992125459,-74013.0964421
was-threw,-0.0513630647264,-233570.357201
open,-0.0509587041265,-10658.3139607
anxiety,-0.0506327898627,-18870.4657591
proposed,-0.0494591236971,-11836.3083274
does,-0.0489409172419,-2451.66101244
was-aid,-0.0486576446154,-54659.4085907
respect,-0.0474129077753,-65218.4299958
considered,-0.0460316579752,-3703.0395985
nails,-0.0444881371687,-25057.5379441
features,-0.0443438639542,-3624.04437701
sons,-0.0438916890018,-4267.74099985
drinking,-0.0422286341898,-15695.6303696
struck,-0.0417890325421,-4756.33669658
pupil,-0.0417482400159,-10053.009282
demeanour,-0.0415714914595,-16618.970014
was-escaped,-0.0411585031312,-35693.615962
disposal,-0.0408270796912,-36840.9486816
fighting,-0.0405559822997,-16237.9517265
lying,-0.0402611259799,-8650.54039076
mused,-0.0392802173394,-17301.3339848
was-regard,-0.0390139259595,-154877.092073
covered,-0.0388371047953,-6199.82931843
rise,-0.0384190662979,-6870.32211344
receive,-0.0380393228308,-9100.72464151
cousin,-0.0375505760379,-1825.90688062
disappointed,-0.0374365504818,-19582.6805495
writes,-0.0366753550134,-6812.48734148
announced,-0.0354670605747,-4434.50993448
weakness,-0.0347539896069,-38351.5620607
impatient,-0.0335662258932,-45158.3936031
was-been,-0.0334722747515,-9682.0893238
chanced,-0.0319789017959,-16733.6537668
leading,-0.0318507530027,-24708.9153021
limbs,-0.0315059307157,-13131.4738147
pencil,-0.0305126898196,-14624.3313368
impression,-0.0298652467828,-88963.4060199
picture,-0.0285382999068,-9310.24125683
tossed,-0.02722038024,-9004.15609962
speaking,-0.0262790244901,-3054.59930326
breathed,-0.0262273743353,-6033.59549203
agony,-0.0252903213131,-12677.6204744
learning,-0.0241371132948,-44908.9239974
glared,-0.0234386115915,-21005.200076
was-ask,-0.0221725209257,-827.264381754
calls,-0.0200981680885,-4387.89978553
endured,-0.0189117918517,-9973.97563735
playing,-0.0185814435453,-3925.7292574
fault,-0.0177134444981,-8758.60229906
footsteps,-0.017425425442,-5119.43436272
submitted,-0.0169194718174,-9447.36179084
story,-0.0167925545517,-803.284670088
wrist,-0.0165337794358,-2296.76774753
convinced,-0.0164098232982,-12494.2937497
disgust,-0.0146809877899,-24155.5645786
refuse,-0.0145868144632,-18143.5116671
sort,-0.0143507381839,-4869.27121497
reached,-0.0135096240102,-910.92757529
food,-0.0127723376883,-7084.75640505
was-inquired,-0.012095514971,-869.363594122
approved,-0.0115358147759,-10454.7078487
doubts,-0.0104044314359,-17949.3742212
was-loved,-0.00984581312327,-533.932972186
knife,-0.00717629640472,-1975.66035215
was-missed,-0.00672814765803,-12868.1988473
care,-0.00669605515824,-391.636280266
presented,-0.00631508104264,-1064.42420277
wheeled,-0.00470563191972,-3989.58664541
skin,-0.00452646509874,-2020.49179057
delivered,-0.00414588043555,-2182.90598123
putting,-0.00239549871245,-525.532005159
concealed,-0.00181764679632,-3669.17530563
gentle,-0.00138445202481,-935.275655499
imagination,-0.00137952995893,-640.357268362
past,-0.000639963730749,-468.27826788
relation,0.000761478367346,649.181270792
was-admire,0.00138147589512,718.093381206
continue,0.00384129011311,2213.85882251
twisted,0.00402083321202,8636.77316047
was-did,0.00407074848509,1133.85417384
jealous,0.00546615152595,3228.21493762
was-lost,0.00581512118139,2834.6349438
garments,0.00587662019537,14373.4967678
was-consulted,0.0061845342549,8211.6792326
was-done,0.00701944409765,938.337213808
was-turn,0.00946718317674,2868.83201544
employed,0.010085312214,3672.49756309
breast,0.010220209714,841.702918524
try,0.0102460899191,1054.21710931
emerged,0.0109056696897,10786.8399188
demand,0.0112345859074,8926.95129102
death,0.0115546843472,817.584873168
resolved,0.0118889693817,2842.99043782
income,0.0128361793587,8982.27928242
conceived,0.0131249997364,50500.0480502
draw,0.0147693503352,10487.4884802
experienced,0.016422720638,9012.32666014
works,0.0165313509706,6742.43783388
company,0.0180143981772,2414.24722503
waiting,0.0186327781698,1316.35914483
advantage,0.0187110651169,10740.7791304
was-inspired,0.0195977899399,47350.5509508
desire,0.0199124740408,3206.91609809
intend,0.0209777339613,12054.0299539
was-cheer,0.0215776371241,46824.5425592
was-introduced,0.0217766995857,4648.39156151
aware,0.0224784621411,6732.38881126
was-calling,0.0232252565742,14690.205083
meaning,0.0252360907382,16637.610873
uttered,0.025408157927,2594.28380314
cut,0.0260275525673,7410.55819294
worthy,0.0265957681041,54893.7620422
established,0.0267469470766,16374.2467458
vanity,0.0287285487915,11094.1801332
need,0.0287715146342,4460.51256532
dragged,0.0295396497965,9229.2259883
earned,0.029646576095,9639.0968077
consider,0.0297446653993,9813.1025693
was-overcome,0.0298597212899,14334.2224364
direction,0.0311615643369,6787.99208271
overtook,0.0312512716494,15074.8696954
beginning,0.0316450196055,4004.97765915
sufferings,0.0317319631501,21570.0314063
judged,0.0341256054199,86390.0710579
interest,0.0350523064457,7140.6264792
was-accepted,0.0355784780004,30407.0576074
was-carried,0.0358257487479,6150.15601995
curious,0.0359726366588,18853.1082012
expect,0.036159263543,5860.22762121
history,0.036356291895,9649.78018701
mistaken,0.0373192738462,53080.6244635
represented,0.038144649178,28091.8946921
enthusiasm,0.0396404388255,14145.0764999
recalled,0.042464384557,9394.81792904
giving,0.0452806883415,11870.055842
shoulders,0.0459094317722,2239.82826591
was-stopped,0.0466374888707,9765.6170108
rooms,0.0470171049436,6002.99801542
presence,0.0478301322703,2559.24667782
was-supplied,0.0482280287407,30171.0623911
spirits,0.0492214078089,23881.2392544
whole,0.0492224875,183056.336213
was-told,0.0507467878364,386.651421143
bearing,0.0508817723097,72639.0732315
suffer,0.0509296687417,16562.5678855
scheme,0.0534783779815,30803.5650214
keeps,0.0539462291265,22094.1678365
indifference,0.0547420457245,45684.7836332
pronounced,0.0549106342673,15166.7188812
remark,0.0565524072878,16256.4871942
letter,0.0565730667813,3047.10259228
was-show,0.057011477371,18737.7857818
was-bored,0.0576354210511,69961.7030735
went,0.0578286147722,335.090597227
dreaded,0.0583420389753,17041.7969202
desk,0.0587661767788,3745.59911519
came,0.0593988563449,264.61299211
worn,0.0604425376776,25015.8850648
was-left,0.0614662827024,2137.57466721
was-swept,0.0615671738844,493709.750079
was-love,0.061667033753,4351.17366498
was-seeing,0.0630498529286,7282.96542576
named,0.0650501345188,22602.4695581
advised,0.0655843127571,22950.7346047
locked,0.066195157514,45972.6433834
seek,0.0665654909894,32543.1375847
incapable,0.0676420474501,32787.3655393
likes,0.069755587203,6300.22996741
lit,0.0710188268754,68036.1059362
glance,0.0713547677992,10293.6443
studying,0.0722149653825,138383.559559
qualities,0.0726682570094,86843.6510394
offended,0.0730371935248,35796.57181
clapped,0.073235858053,41137.6609143
regard,0.0742013903466,20458.8027476
was-answered,0.0753247160919,8411.21154941
control,0.0754746170853,18691.8633007
was-say,0.0767569009757,36449.0660343
controlled,0.0768853500714,69260.0901925
approve,0.0769872681933,55693.280901
put,0.0774310073861,1014.84483614
address,0.0781462434636,18907.6491626
style,0.0789912227457,17358.1552699
grasp,0.0799001682987,57055.1438397
praise,0.0804669450272,149901.180875
was-bound,0.0810152786039,31237.0552242
instructions,0.081707671113,22719.6327678
conviction,0.0832540679784,18517.8497801
judgement,0.084045325699,26363.3198103
cell,0.0848458550649,142972.078678
sorrows,0.0854313940988,57063.691713
crossed,0.0855181229784,21978.5713596
goes,0.0865669015636,3621.60009954
fast,0.0872075651006,90616.452393
proved,0.0878745304399,13048.5651588
threw,0.088010533791,4763.93698272
suspect,0.0896958584074,239450.618845
feared,0.0898174223157,9865.91863444
rose,0.0898277968493,2329.52560295
drawing,0.0915898643298,30049.9411452
safe,0.0916232265715,33107.1851887
reported,0.0926935445352,19432.3776541
deceived,0.0934844859488,49660.9004403
terror,0.0942154892127,38130.8241697
ask,0.0948902782056,11443.98803
searched,0.0952774275313,44306.3837238
walking,0.0959044142462,16142.2064905
pillow,0.0961670869095,23737.7835276
tongue,0.0972607902803,13448.4099889
was-eyed,0.0981285221018,268382.490993
tied,0.0987439190099,201128.12904
add,0.0997033861447,26772.6724562
telephoned,0.0997673241649,99525.0355065
was-picked,0.100080223264,24434.7710149
agitation,0.100191379541,210862.853834
suppose,0.103290001827,40489.9895133
was-charmed,0.105334800321,69619.0022494
eager,0.106017936779,61031.0908296
behaviour,0.106254351479,31764.8486721
dwelled,0.10645682886,82165.4307387
supplied,0.107056226036,64991.0380762
was-obliged,0.108706862561,16604.0175568
spend,0.108928769655,57384.2634402
was-given,0.109079923572,11359.8931714
tried,0.109222508364,5476.42236729
was-expected,0.111195009015,44234.4033385
cabin,0.112684722905,35448.6384793
was-born,0.114465104874,10969.9238097
dined,0.114564231737,66507.6505415
opened,0.114851954883,4656.98740277
allow,0.115124085899,43063.3505854
departed,0.115849957972,21706.3539534
excuse,0.116329536105,172357.029293
was-relieved,0.116445743316,48269.8815982
fear,0.117482616425,31157.3727892
elbows,0.117667482073,35534.6208016
appreciated,0.118517282885,261606.309565
rid,0.121571739946,70266.6836815
self-possession,0.122091642069,694396.869039
roused,0.123395597936,79928.5263391
begun,0.124492936596,13859.9737402
was-look,0.124753963698,166616.838369
wait,0.124773454052,20471.5255177
sure,0.125644824701,9278.87814508
hate,0.125918423221,80861.6599304
forgive,0.126538838148,36704.4626493
movement,0.126640413045,124519.670088
beckoned,0.126640499721,28626.0098583
excitement,0.127624017794,36269.3225355
endeavoured,0.127749459739,63770.388415
lodgings,0.127820839275,15803.1001054
grown,0.128447353303,18166.5977193
arrangements,0.12889228047,158113.798662
guess,0.130359159281,70188.7317675
thinks,0.130540292317,5957.69639777
rested,0.131020934659,39829.2879302
affection,0.131091670751,33148.306139
protested,0.133144118322,36359.3066841
was-attracted,0.133505138648,214458.091788
was-convinced,0.134050214955,58608.3765836
account,0.134672553312,13948.1019628
remember,0.135784416502,13905.9916186
declared,0.135957621512,5820.15519726
coughed,0.137672354073,104512.230801
was-helping,0.138160490947,78515.3601286
was-prepared,0.139215406258,41851.8531868
snapped,0.139236932605,99924.1483588
began,0.139944106449,1876.23935689
favour,0.140101304579,35471.2534851
was-getting,0.140388390433,61408.1548623
proposal,0.142301528817,41640.4888109
was-pleased,0.142779275169,37732.766944
attitude,0.143165375047,42951.374535
bed,0.143376654725,11248.3719789
was-cost,0.143452331925,167406.397026
energies,0.144141118753,905527.847325
been,0.144800625984,2933.09662921
was-bore,0.145033970821,83345.7869805
was-echoed,0.145073669893,142127.245768
distress,0.147549640919,130063.946469
thank,0.148574673028,184002.466546
stop,0.148680737004,19630.2870045
rich,0.149753476194,41774.0737536
advanced,0.151021132331,29249.421824
approval,0.151953282508,68283.9313696
nervous,0.153061056847,88394.4976559
dare,0.153335466818,30863.2500576
was-beheld,0.154275178174,87406.0938995
answers,0.154924624914,530678.176604
was-employed,0.155230776063,52363.2077512
sounded,0.155510002769,213426.685377
drawn,0.15606680407,71203.3366303
existence,0.156259475917,31580.3216194
disliked,0.156978866729,123766.637346
hatred,0.157178898584,68655.8123167
attachment,0.157417953369,85812.1860791
thanked,0.157585742706,33961.9911481
cared,0.158046572337,20433.0508251
match,0.159347242542,148901.453696
discovery,0.159403970017,153917.611026
move,0.160768733658,39257.8820373
wound,0.161577962435,48570.194188
was-permitted,0.161598811083,125547.540171
eyed,0.162934508909,139737.053494
was-sought,0.163068147245,64540.8603286
sensible,0.163175910431,819510.337797
corner,0.164137055424,107047.36041
taught,0.16426768467,37825.3377085
anguish,0.16449958033,811361.506699
ridden,0.166362648444,447249.007744
was-deceived,0.16832054844,227531.903311
triumph,0.169514741909,380906.034716
echoed,0.169871694121,186032.090084
was-returned,0.170228036355,29165.4475447
inability,0.170481937695,886675.323429
was-resumed,0.171246281782,182280.14147
arms,0.172049387248,4205.32567129
managed,0.172382145862,20059.9735939
was-asked,0.172587389776,1339.64752395
consulted,0.173268942405,216739.706153
lost,0.173305708709,10579.6592452
pale,0.173317790066,64030.1842486
turn,0.173412806865,14818.3978182
life,0.17346517938,2116.71330509
intellect,0.173851928329,269845.577002
absent,0.173947038263,40816.8406936
waited,0.17405113461,13567.3122273
envied,0.174206771166,80407.3817386
left,0.175367019157,2922.53141077
shrink,0.175682527889,257790.944667
was-won,0.177557693194,402458.016234
corrected,0.177624661583,182382.657658
undressed,0.177803398169,112887.009783
remarked,0.178069828423,5865.9853822
settled,0.180168024706,51063.4196836
sit,0.181224718028,39055.928253
leaving,0.181314634649,49555.2103765
lip,0.181460285894,56623.9569971
mission,0.181712077275,102305.290297
broken,0.182898125161,88969.8150035
was-treated,0.183880349359,57069.2193672
teacher,0.184123805798,124560.412705
windows,0.184475421006,132833.42778
rubbed,0.186801461846,43825.9832669
settle,0.188106389692,377845.749862
discover,0.18903080572,647381.718558
used,0.189052871321,5169.03730079
was-soothe,0.190878668574,137341.277046
energy,0.190901929789,206676.78003
strength,0.193695938559,23350.7775841
head,0.193725302382,1048.50575448
was-tired,0.194108448956,56500.5377681
discovered,0.194356775107,24945.0218276
was-replied,0.195510449198,2356.05246554
trust,0.196187276008,99443.0349986
years,0.19623283062,29138.6717456
thinking,0.196527063463,16721.658877
comfort,0.197263264512,169774.374735
questioned,0.197619865801,92179.3941166
was-led,0.197883901324,29506.8659416
needs,0.197978655985,53183.2407526
spared,0.200056724609,102190.567277
was-tell,0.200860053445,3277.85306371
friendship,0.201881722083,97557.4257909
little,0.202034959037,112368.07948
silent,0.202129244804,23991.460273
circumstances,0.202535869538,66337.1942696
unhappy,0.203405251926,92952.9113548
was-know,0.203646187233,5179.25563622
belongings,0.203870161878,150001.668497
joy,0.206448931156,151575.314221
unwilling,0.206886145698,181277.611545
enjoyed,0.207585724084,29898.9285503
part,0.207646509896,11056.7488669
admitted,0.208078444339,42445.8016606
was-marry,0.20885082928,9892.81651654
one,0.208880165075,41734.0284168
born,0.208916241136,50820.180023
faults,0.209775378367,619982.877959
noticed,0.210625975286,15060.5432723
was-impressed,0.211203296927,173237.062162
rising,0.211837794807,283377.123277
was-compelled,0.213022165464,54085.4584397
was-wished,0.213303302519,126103.146795
height,0.2134225004,117923.885634
perceive,0.213569631108,441022.880833
was-beckoned,0.2138658417,680186.831136
was-urging,0.214128240007,515951.251194
hurry,0.214459446431,322728.758767
luggage,0.214618257217,98066.4798857
borrowed,0.216047391199,97822.2283267
read,0.218774316799,6413.53982168
observe,0.219532770851,245550.215014
feel,0.219712559041,13936.4814585
was-assist,0.221588892457,113410.2831
kindness,0.222161970754,39285.9714698
making,0.222693647089,20232.2084006
point,0.2244595993,85815.8403033
was-encouraged,0.22507460189,593809.524698
name,0.226076356718,3927.93272824
discomfiture,0.22699455801,94643.1580498
grumbled,0.227498721911,185992.613282
was-failed,0.227568414712,231391.004844
loves,0.227738349519,28351.979855
was-worried,0.228163371931,198004.087683
arranged,0.228626208052,75129.063489
entering,0.228659628896,98211.5544292
rang,0.228691641758,30026.098227
wrists,0.228784004058,91877.9484948
sight,0.229029457446,75984.4329113
knees,0.229247139689,14059.3431487
was-handed,0.229558977613,100243.916109
pursued,0.230355056738,135063.187195
shed,0.234005540215,87780.5439095
loss,0.234637411523,123357.248995
acquainted,0.235041647735,190428.260862
was-mentioned,0.235685177993,104501.362661
was-stood,0.235981272189,86973.1978276
reproached,0.238415751222,143059.060891
inherited,0.238490314879,54764.0874731
fingers,0.238585994611,9398.47554518
days,0.239078005613,25931.987238
squeezed,0.239536864464,160953.83441
was-help,0.240749239053,23773.8195512
remained,0.241822992603,23944.9982912
was-caught,0.242550120599,27858.7744419
play,0.24294079113,67016.5787792
spare,0.246271490249,107625.620231
train,0.246316919267,201030.364041
appeal,0.24685543607,109263.792399
struggling,0.24755683216,153336.977583
was-leaving,0.248935617297,42672.9232661
lifted,0.249610408807,29743.8975102
innocent,0.24988688535,749998.526442
danced,0.250630454307,41876.7444596
deal,0.251249641465,222748.029113
was-prevent,0.251430106457,117883.589628
fastened,0.251726805333,165899.189769
cries,0.251779926765,130513.883998
was-queried,0.251804805838,116662.528406
hearing,0.252157658383,222793.191189
moods,0.252369461847,393345.010143
accept,0.252934658752,59163.409009
was-affected,0.253264577263,162841.333241
anticipated,0.255165657347,341895.652915
was-having,0.257648348347,366543.039866
answer,0.258536776203,32195.6352262
temper,0.261186645397,79828.5945103
forgot,0.261549568643,39725.8778633
was-remember,0.263383937932,41030.0214006
was-addressed,0.264093340633,62071.8754828
broke,0.266026800771,14498.9121052
couch,0.266928593551,131928.704205
grew,0.268146697254,20427.9293963
dying,0.270214021292,86799.5037269
choice,0.270499211007,172003.042864
sought,0.270965839457,37099.5677894
was-blame,0.271563497395,107303.218104
was-settled,0.272737329507,163169.778947
wrong,0.273628981801,50957.8756135
was-dismissed,0.274902123307,42714.1696443
secret,0.277106618037,162385.711308
was-gasped,0.277521895365,69017.7794503
glanced,0.278341815353,16825.2908559
meditations,0.278472890041,437190.352048
was-summoned,0.279214409821,139570.259904
was-lead,0.280144577636,71382.2701881
received,0.281615916557,10874.8815443
asked,0.282811955608,2169.77269963
holding,0.283538298322,76662.2314742
illness,0.283733246379,57744.8423417
satisfied,0.28394943734,85315.0263826
speed,0.284359891702,115512.849117
alluded,0.28514042173,341880.316349
was-tempted,0.286217806711,218980.402926
surprised,0.286526368866,106646.486976
card,0.287616051667,331105.628581
decision,0.288881374536,198152.303424
possession,0.289612489172,89041.9856606
morning,0.289730018559,368060.741317
leaves,0.290428388378,145851.103369
standing,0.290677990374,18967.4951186
was-watch,0.291604596342,100669.440548
manage,0.293796196046,59112.9093296
sorrow,0.299113297115,82197.1884814
seem,0.299348003388,30904.1376253
emotion,0.299415690121,100007.871572
shoulder,0.30068539107,21517.5979979
rejected,0.302966200177,441823.385686
age,0.303123877287,20455.1873872
brought,0.303362897525,5687.07576611
stooped,0.304904993926,50867.9847184
sing,0.305305265085,376941.09431
wake,0.305718893236,148633.909999
shut,0.309574679277,82782.0701474
learn,0.309987523671,89001.1073669
schemes,0.310994849178,88537.6254219
cross,0.311372655852,85860.83742
society,0.311483374123,142242.116838
was-married,0.312378083506,20925.0580184
enter,0.312744313229,188676.793319
nature,0.313668118381,20974.1948716
worth,0.314964121013,74121.4832753
consent,0.315815792118,121351.481505
formed,0.316561561036,141960.866347
duties,0.317483961603,32666.2094485
unlocked,0.318112555589,163870.442936
sentiments,0.318303026776,266953.67036
engagement,0.322155285156,404941.413149
shifted,0.322767967025,299901.456431
sang,0.323696835478,25247.7805957
cause,0.325713885731,185044.447815
was-assured,0.326076157869,44486.4223203
day,0.327997528867,27420.9857205
annoyance,0.328892878932,275352.344391
writing,0.331010165758,45684.7948359
rights,0.331085040109,2102315.46577
beat,0.331440841564,87031.3557405
persuade,0.331754351052,1001427.54017
was-saved,0.333774885746,98722.3341513
paused,0.334390602261,13652.7578615
delight,0.33533940685,70330.6992692
balance,0.336452605751,222538.675328
nice,0.337994913439,187955.472317
started,0.338050014348,16828.6877905
gives,0.340259738115,64109.7200198
replied,0.340654064602,3639.93520223
stands,0.340697510559,105540.698927
aspect,0.342218814993,502403.073062
becoming,0.342271834494,572222.165009
was-call,0.342444870432,23239.9606127
welcome,0.343405866155,117245.938081
language,0.346420691628,369218.922933
decided,0.348565935831,34354.4698235
was-paid,0.348977909096,155501.073176
smiling,0.349566821597,32749.7395125
stranger,0.349579561416,344473.796739
behaved,0.349697984563,219280.264568
duty,0.349787689294,56225.3490605
forgave,0.350365908687,253203.169571
silence,0.350510998751,135940.575438
was-confused,0.351028078919,3427920.43212
safety,0.351065631834,981249.304632
visit,0.351130537788,31309.5650281
having,0.351433899056,21271.5584391
entreated,0.354054034714,3964515.41596
neck,0.355503458033,17179.9311634
quiet,0.355653561909,156488.013339
smoothed,0.355830314289,899641.48655
was-seized,0.357588148638,53080.4694875
hold,0.358363031592,68506.2117505
was-fascinated,0.358982368941,156498.296508
dancing,0.358994880495,168537.657767
maintained,0.359523225685,158523.392843
loved,0.359842313229,7296.33013535
was-bringing,0.360650607258,72478.3757449
grandson,0.361263457004,48428.2643419
tapped,0.362685689501,214673.640614
breathe,0.363079206879,2738055.79224
acquaintance,0.36318819444,99753.1988376
was-noticed,0.363705873197,445425.682994
was-kill,0.363709894871,86662.5044504
tasted,0.364144761728,579904.716494
abode,0.364513157278,135374.965901
relief,0.365797406955,418939.671517
hide,0.367808951083,96105.3474097
retired,0.367826908729,62267.3329776
hope,0.367946796239,61728.6661404
world,0.368276928962,109281.736053
was-win,0.371209514234,137427.518541
was-pursued,0.37182559185,290748.150363
ideal,0.3723275445,884189.844211
deserved,0.373169128709,298127.992201
assurance,0.374514494368,218971.544303
stir,0.374727778908,2689364.11373
flight,0.376393167648,510967.527664
surprise,0.377311936257,79505.27215
bid,0.378866731943,499428.198887
yield,0.379668524212,621740.575125
was-followed,0.37999295928,29995.333071
consented,0.381695118888,112909.719014
talked,0.382960046313,12814.8915503
consciousness,0.383581591523,287302.621903
fight,0.385786065658,205669.430557
stirred,0.38684461524,109472.786738
appears,0.386937912962,260699.442213
guessed,0.387261848279,99372.9533281
was-helped,0.387702353383,78044.7659335
misery,0.387896487419,1026099.85408
strained,0.39049180814,940347.902224
was-carrying,0.391034126856,770373.140513
resumed,0.392156059133,48834.8043799
commented,0.393721934486,133220.106393
recovered,0.394207888838,67801.4855953
thankful,0.394761488918,386197.02476
cares,0.396604984312,158973.246101
seen,0.396652924143,8592.72913368
trip,0.397215215258,660971.312791
tall,0.397346214479,127623.06213
held,0.398629244972,9465.20307273
walks,0.399169414435,94667.8200359
hugged,0.39933340677,4046402.31753
contemplated,0.402638130831,324651.132147
fainted,0.40343631843,183741.34537
was-had,0.405311841658,35868.6531376
carried,0.40593766398,37957.5992211
was-overtook,0.406014080145,89132.7936956
rejoined,0.407327239966,99354.7488478
send,0.407672355562,62425.226692
helped,0.407757628251,44955.40155
was-perceived,0.409001399274,1027550.11314
intention,0.41041229811,70076.6105929
letters,0.410548215889,41412.5953712
was-frightened,0.411161417348,273103.578816
cherished,0.413304420321,378841.517836
wedding,0.415075031201,241535.340599
throw,0.41576111359,317268.660661
conceive,0.415865599907,166834.750874
was-promised,0.417665324092,291240.899771
ankles,0.418718365991,187110.49701
telling,0.419422988452,106910.927877
armchair,0.4196319792,653084.528912
inclination,0.421716936562,538742.899373
was-want,0.422216494095,83465.2258433
was-astonished,0.422231077104,315630.626254
car,0.423192107997,69558.615695
hanging,0.425024504968,204702.131652
pride,0.4252777842,63988.4677741
was-recognised,0.425279859744,118939.996496
pictured,0.428227064418,920526.922865
felt,0.428445243049,3234.03011877
forgiven,0.428811939536,365480.69452
plans,0.429409611065,88499.3578916
guest,0.432019479391,44417.0649961
was-suited,0.432304452398,210079.677711
refrained,0.433065512144,1204478.10073
dignity,0.433427372392,263384.955448
restrain,0.434867160173,648767.293482
love,0.435108089123,15999.8938121
dashed,0.43522394577,146116.114677
questions,0.436384372335,332734.917586
relieved,0.43638691834,641696.569292
angry,0.436923570803,75552.4333742
wished,0.437062933422,15851.0507818
was-lifted,0.437790057176,98951.7485111
vision,0.437928603439,145753.403354
was-taken,0.438482305544,32252.8532343
was-responded,0.440662258652,179671.793754
was-desired,0.442375391554,322653.519608
reply,0.442405126729,126360.561295
movements,0.442448445754,198364.043365
cloak,0.442760743849,52181.0604029
shrunk,0.442852776979,688595.293227
was-accused,0.44383594391,219698.819335
was-strike,0.444238523165,269490.617427
told,0.447206688486,3050.43863874
grateful,0.447422874885,174937.292894
frowned,0.447549773781,353801.821693
memories,0.448655754719,2115635.6999
night,0.451754651274,78566.4696947
gave,0.452011199301,5432.74843346
was-retorted,0.453506646824,149769.930358
given,0.453584515622,31904.0498742
rest,0.453852410229,452881.656419
temperament,0.453963910949,933320.664912
resolve,0.454362231772,3885093.74956
was-raised,0.454447421661,306595.386159
lacked,0.456756855915,557738.394369
laughed,0.456872565671,8907.5091008
tripped,0.458029480243,331022.325349
help,0.458451454268,20422.2490887
was-holding,0.459010581666,142498.186485
brushed,0.45907719159,487818.104005
was-teach,0.459132582373,219626.400748
was-caused,0.46125150848,180896.934499
meeting,0.462564149859,396833.260029
moved,0.46270610655,37459.4987967
report,0.466146400707,90460.3412358
fumbled,0.467847206007,549677.101363
hours,0.467952691875,372932.040184
palms,0.469590250776,1556663.14928
eaten,0.470856851232,407500.064699
indifferent,0.471839413894,2362795.40059
ear,0.472217921026,43733.8675222
realised,0.472450890234,41517.4115851
understand,0.472801070496,29651.1691724
freedom,0.473940636868,1503440.29705
dreaming,0.474317488961,230232.003955
form,0.475619240673,49866.2770993
innocence,0.476138430744,415958.212275
was-announced,0.477266930252,260398.966886
servant,0.477663683516,74028.9399558
admiration,0.478525401638,140275.562616
was-forced,0.478625546716,184383.648587
attention,0.478715014934,54344.5474812
appearance,0.482122292698,28666.1587951
was-wrote,0.48227751272,322051.905131
gratitude,0.484461121218,277641.764249
informed,0.485786453248,54291.106028
favourite,0.486556711079,148846.012954
was-invite,0.487396234046,270486.807981
bear,0.488729356465,73495.9820493
house,0.494073339327,6822.63857936
tremble,0.495213363643,915210.952562
was-pass,0.497392799995,357475.684819
refused,0.497935399544,38712.3242869
quitted,0.497998290543,206167.061161
repeated,0.498237461381,36920.3823931
household,0.500129906662,216582.437925
was-passed,0.500264053982,61924.0701606
free,0.500534465357,96361.308973
was-conducted,0.502274096114,151357.790538
reflected,0.503283055679,105785.337985
turns,0.503985013215,181765.664677
prove,0.504907624112,148836.001315
firm,0.505114377337,115337.028196
counted,0.505699388735,586438.128775
was-amused,0.506673771178,157969.559052
excused,0.506781350304,419518.212837
umbrella,0.508979942282,405611.988106
required,0.50899357655,141549.443018
comprehend,0.510382176286,420381.14802
lay,0.513164508741,22966.6706781
effort,0.513893649467,387518.253557
wear,0.514484196689,120933.39293
holds,0.514932567276,154978.184545
breath,0.515142731988,28466.010302
prefer,0.517553495244,418276.482093
joined,0.5177525416,50081.3203543
enjoy,0.517955294619,163838.265203
stay,0.51801955167,46440.3287549
response,0.51808309256,392915.269114
was-drive,0.518284052735,171411.874493
loneliness,0.518561039295,374459.552958
path,0.51920109628,306166.117882
call,0.519406706219,32042.1865498
persisted,0.522373753087,102777.048912
wondered,0.522492096122,43977.8861199
interrupted,0.522605359246,65812.8264848
strong,0.522956028153,153659.876477
change,0.523217752219,151511.061779
careful,0.525672109995,520790.154643
tenderness,0.52741315128,1131505.77082
pony,0.528583667511,95729.6983057
was-questioned,0.530178627347,260274.508202
stayed,0.530782622089,38121.1575235
was-wanted,0.53085283366,152493.080226
times,0.531361886098,540433.036842
regarded,0.531443604835,96891.6864749
longing,0.535671244704,2980749.46656
troubles,0.536715814384,287063.88697
says,0.537473574107,1748.10225273
notice,0.539284543144,217034.981184
nephew,0.539827325867,52779.4973805
lot,0.540379677113,195657.091169
neighbours,0.540854055319,96781.1600391
widow,0.544042668332,126311.938144
was-go,0.544749642278,133759.040072
gulped,0.548218539931,4744561.53696
despair,0.54916277045,438913.089459
was-resolved,0.550169307099,414916.943964
possessed,0.551105660377,101097.143241
climbed,0.552215092092,162091.534446
meet,0.554004055132,116503.05758
was-have,0.555342427158,25035.3238631
pleased,0.556382085249,99034.0059948
achieved,0.556878380982,258378.951237
confided,0.558320970284,259152.99443
marry,0.558551661794,54682.5857105
reflections,0.559572503207,727881.869531
was-advised,0.560114267824,127992.59575
preparing,0.562252349753,388607.565376
wanted,0.562280916671,10969.1103876
was-asking,0.562452711807,238981.636353
cousins,0.563176957105,356530.603222
comment,0.563344922551,215789.971883
childhood,0.564775939006,257913.238676
information,0.565087407198,1182859.7317
was-suggested,0.567354680678,213992.134604
was-excited,0.56736597477,439094.459174
trouble,0.567601224435,135021.047883
was-murmured,0.570183794523,135024.258636
wiped,0.573177165491,143191.614715
apt,0.574470297033,2717145.8726
lord,0.576830149919,163018.711758
rescue,0.578933584214,667414.92431
attracted,0.579756144034,1427744.52926
lonely,0.580336531267,786588.382463
future,0.582074619921,250861.271675
bade,0.58224800462,128027.734081
flew,0.582369593075,150453.093297
fit,0.582991873498,672702.564592
was-see,0.583315252733,7854.34014769
affected,0.584956158844,679336.724184
examined,0.585042402204,265639.351386
was-thrilled,0.587380760715,38625909.1202
clasped,0.587897608978,320121.863297
was-annoyed,0.588013076776,229359.683266
glances,0.588415487524,399410.679383
conscious,0.588781579619,177984.439532
respected,0.589204709867,333413.186508
was-offered,0.589705629453,285530.135425
intent,0.590323555461,1330550.73063
resolution,0.590855156777,933830.169469
refusal,0.592905639839,1343314.01288
example,0.593605784135,315388.608245
pause,0.595493314584,1922781.80604
permission,0.595552815339,457969.353066
touch,0.595562211887,177340.731878
determination,0.596667367204,294305.53664
caught,0.597813070161,36024.8087939
groaned,0.598301019943,273397.397344
request,0.599221639077,87817.0435336
was-separated,0.601159560837,539695.092315
amusement,0.604033296042,1305068.21996
was-drew,0.604233805976,124898.221904
half,0.606154616445,228553.210082
colour,0.606521145379,230888.280163
anxious,0.607139058337,109686.496057
regained,0.607689221815,1449792.39687
smelled,0.608429183486,818384.359431
shame,0.609013127446,1573644.92838
fancied,0.609352658153,73815.3222224
gain,0.611834118597,613817.629387
uncle,0.614021714547,40306.81238
attend,0.616129231771,423585.303143
hand,0.616574431986,3780.97666068
worse,0.616714132191,591075.311532
was-haunted,0.619644965828,3573250.68669
own,0.622029376807,20760.2515857
shrank,0.623526521165,329329.581903
trembled,0.623600927487,147078.681619
learned,0.625650286899,40507.3960349
handkerchief,0.627462119321,143974.10728
suspicion,0.627901402506,1763707.08192
panted,0.629895955539,793804.823039
leaning,0.632607962131,181825.943292
was-'m,0.637379274491,412118.462319
lies,0.639060654528,291453.388968
invited,0.639093655535,94674.8721578
spread,0.63976531947,165212.939111
was-ejaculated,0.640998470086,387377.263866
thing,0.643778028591,188045.412812
hesitate,0.643809655367,551672.645339
moving,0.644076121975,354757.955873
quick,0.648223450842,349217.317092
was-deserted,0.648608765153,159676.283418
was-startled,0.648932947278,189749.955118
salary,0.650009138273,438912.102782
interests,0.650327425303,584897.260108
choose,0.650455961429,319473.377155
stroked,0.651383589929,457388.244682
attire,0.651516288775,319665.507473
was-provided,0.65219086051,366765.319218
feels,0.653330077604,182167.598433
astonished,0.654616421369,1406408.4287
calm,0.655375920156,680317.313278
complexion,0.655542924857,428822.035937
was-laid,0.655550404303,432984.104546
kind,0.656432893259,64724.4150878
charge,0.657775968586,163344.558031
sitting,0.658176844464,34096.3032543
asserted,0.659182165855,208605.353341
cottage,0.662104257992,117215.233859
was-took,0.664087985017,27215.5540794
efforts,0.664795553764,184724.963141
was-reminded,0.665265772464,151133.438315
was-claimed,0.66538287117,1707279.18327
appreciate,0.666760919816,442919.761684
have,0.666975782499,7951.24929569
sake,0.666992880488,55481.0232843
longed,0.669918872281,88651.394356
clutched,0.670358699697,738917.231226
idea,0.670485889848,147319.656607
station,0.672529073871,963546.217757
decide,0.672529805815,755126.96355
was-examined,0.677742451703,2674315.69085
interested,0.677943253521,116736.606196
was-meant,0.679295128698,211266.485356
blind,0.679512566839,620627.579754
was-thank,0.680980707664,329524.371642
indignant,0.681639847939,1049184.41746
teach,0.681678130346,315601.012763
hurt,0.683886483967,764598.895242
yawned,0.686225192,497077.062492
notes,0.68783570792,871333.326395
confusion,0.689083438881,703916.587427
married,0.689607197199,38379.4939453
answered,0.690831931007,12063.8150584
foot,0.691887162318,66990.4444505
opening,0.69414834972,1187207.78696
wits,0.695527700673,390266.362739
trembling,0.697060139083,547861.417636
confidence,0.697510546845,193722.727615
was-watching,0.699419130928,189815.492812
was-supported,0.701238493039,663748.095621
ones,0.70156607895,228881.363896
was-terrified,0.702188492143,1297918.49376
ended,0.703291177681,204409.365882
spirit,0.703773059812,106647.767157
finger,0.704608884621,44226.5357485
home,0.704644009435,25893.7189763
kissed,0.706315884274,71068.7025358
blamed,0.708567474214,691854.799696
pursue,0.71097895785,2510052.89304
think,0.712791279719,21819.7585689
eat,0.715164406897,231323.565299
that,0.715462713316,619815.93658
was-lose,0.71767328353,326756.558135
attached,0.71780843109,417684.678743
was-spared,0.717845551826,583395.636224
conversation,0.719489842069,178616.37743
belong,0.720148192831,523935.683755
displayed,0.721946267031,400847.21287
affections,0.723549098572,218235.852328
crept,0.723889301975,160272.47696
viewed,0.724027236876,1437232.8429
was-reassured,0.724039333746,225481.938008
kiss,0.724597987488,1331314.43502
faith,0.725792607805,119255.557719
was-inclined,0.725952362182,601402.578611
was-disturbed,0.726985803759,570864.237492
relatives,0.727616279497,643183.030456
accord,0.729930456937,1153220.94385
party,0.730351999985,79436.5831425
trunk,0.730894454114,232131.211556
realise,0.734682036147,241477.615577
added,0.739018167783,14797.9915535
bestowed,0.739363211009,274443.833955
meals,0.740197912524,921860.36904
was-was,0.740978553222,138917.934166
tastes,0.741462026074,494565.927993
manners,0.742151963649,233408.586251
was-avoided,0.742953878228,423058.835286
personality,0.743833410669,420002.118841
capable,0.746239039589,402273.245226
condition,0.746807159444,111184.868947
proud,0.748024507084,99345.1576452
was-round,0.748399060995,1686156.89699
expression,0.749179430844,206752.930838
washed,0.749234639177,120261.619166
instinct,0.749756438245,653654.537461
permit,0.75026425583,344283.29722
despised,0.751148657235,354557.987133
entered,0.753666284084,25264.5418872
conceal,0.7538612183,1922000.4229
custom,0.755110228563,671251.944956
awaited,0.7554704647,317312.751288
rejoiced,0.756613034253,4259102.25613
nothing,0.757146330743,214774.723248
was-persuade,0.75781132535,284881.03314
interposed,0.758898691595,614012.85136
was-said,0.759061115797,136597.468777
astonishment,0.760536021767,1380046.24528
indignation,0.760701857815,852511.625715
assistance,0.763129438461,364858.68589
assisted,0.763841390564,256676.853694
fears,0.764255936812,228260.86894
ideas,0.766276791282,254238.312247
reminded,0.766403945306,871849.700641
risen,0.766831359178,504429.186702
spectacles,0.767272987147,153177.152532
was-changed,0.770635555115,555667.432166
tired,0.771882029319,232079.965066
was-embraced,0.773079106815,3279951.1355
resigned,0.774349786378,677585.195165
lesson,0.774918225396,356014.546768
was-made,0.775881336464,71108.9583611
excited,0.775923261484,567747.845724
painted,0.776018550523,213574.051189
exclaimed,0.776659621048,17455.2291087
recognised,0.780894326667,111504.702784
pupils,0.781712262889,135978.003647
knew,0.782362760784,6356.48034381
withdrew,0.782397806073,159774.982011
was-absorbed,0.782598077848,558154.751471
laugh,0.784077407933,106298.124995
time,0.784206665019,48487.7802256
was-marrying,0.785355794095,580127.795723
understanding,0.787360347712,1489568.06404
talks,0.790113352326,390276.038198
singing,0.79027453483,375617.856278
idol,0.790439116179,127126.556313
divined,0.794170764761,9151912.54734
busied,0.79490923538,1383976.57841
detested,0.797662319628,2252151.8496
was-determined,0.797792377424,215120.237763
was-awaited,0.798683483689,772421.410451
living,0.799167956571,121615.737513
retorted,0.799268443944,147308.79327
seemed,0.802991851363,18620.1655347
grasped,0.803545060954,133538.412111
encouraged,0.804300914466,544544.437849
afternoon,0.805474653132,5455826.1922
go,0.807984851449,10895.2318151
was-seated,0.811150414,86825.7951434
ran,0.811458651214,28639.2110758
grief,0.811668704301,157371.784493
person,0.813079885682,47391.1183596
bore,0.814248536199,101825.494784
prepared,0.815184821606,135278.854414
showed,0.815293510662,41760.3655146
composure,0.816255565185,361841.281002
shivered,0.816260062185,680352.599189
door,0.817444982867,61906.9277384
reception,0.817461713517,474082.330441
accompanied,0.818181321208,176946.251405
forget,0.818971549283,211564.506863
owned,0.819322415123,232907.289597
belief,0.824155859942,492002.175534
nurse,0.824758233402,155012.841846
was-forget,0.825568507393,248749.066109
credit,0.826123287118,175228.012451
was-disposed,0.828565746738,1368168.23498
refrain,0.82939290439,664557.460095
was-soothed,0.831777263895,561230.010174
inquiry,0.833758100711,444326.052749
poor,0.835547925068,315152.663985
frightened,0.83771669617,196166.697145
lack,0.839407944127,1001286.2206
missed,0.840129568456,230002.818901
ability,0.841173251711,1473015.1276
slippers,0.841351881188,381760.86204
shy,0.845238312493,371065.566201
agreed,0.845311915739,78105.3092788
happy,0.845725892924,46351.9843055
poured,0.846657115673,196591.913088
agree,0.847605525599,522744.616627
shrieked,0.852431402232,378512.582083
hated,0.85483272205,160106.130712
say,0.856724389773,6188.60802921
replies,0.857049937485,284630.961929
was-visit,0.857119493933,112341.541315
was-drawing,0.86180767877,1115760.65649
looks,0.862326322665,40641.961041
sank,0.874813796604,198889.001527
accepted,0.876917101677,127224.937881
entertained,0.879484086524,329325.017606
foresaw,0.880956794039,1585024.09183
burst,0.885013841335,248729.493662
emotions,0.886794431572,539555.301818
said,0.888045327781,213.960367511
glad,0.888260872402,52998.1205392
resist,0.889337387436,305994.527202
raised,0.890572497879,47961.3853565
demanded,0.890613135015,83895.7149557
vanished,0.891382262131,252769.852751
admit,0.894665629508,396566.87111
assented,0.896888987404,1177822.83501
watched,0.900410604737,69732.5675688
complained,0.903814272412,420487.464425
packed,0.903982923233,174225.140932
young,0.905964793284,111062.991992
like,0.907114856829,35444.1523267
was-taking,0.911926888579,211030.676502
feelings,0.911978660684,136673.408195
message,0.912919440041,684106.940933
hurried,0.913038662271,140165.364378
was-persisted,0.914589394578,584251.208881
resented,0.914648109061,1257853.99316
handsome,0.91617891153,186875.390266
continued,0.919901031383,18769.3289759
puzzled,0.920581595344,555854.555129
embraced,0.921066651485,1746064.63449
retained,0.922037865678,505234.246535
sits,0.924346019186,295744.928201
grandmother,0.925968631008,117922.483554
bedroom,0.926255030388,189756.1802
happiness,0.926832858864,266238.744668
guests,0.928841055168,57575.382307
self,0.929586886484,105289.325447
wept,0.93070689341,172579.959629
was-visited,0.932614322244,495728.047507
was-loves,0.93351493421,618477.192231
bedside,0.934766424415,345155.732513
pity,0.937992593964,1398886.61119
winced,0.938204771445,3346195.59948
sniffed,0.94090137002,482961.96647
seeing,0.942668667808,243955.662383
was-sat,0.943184634683,159239.33159
hour,0.944609842856,437508.414567
slave,0.946060950328,530931.287875
was-console,0.946343267912,570878.147321
figure,0.948726504529,95333.3280849
wearing,0.948747345158,421491.788083
side,0.950754973605,28717.3174282
heart,0.952394401379,10365.0214544
was-taught,0.952431640593,127160.82373
was-acquainted,0.953202320305,267451.93335
sunk,0.956007068581,534496.757928
swept,0.956848001132,631873.683566
please,0.958164497756,216515.998174
supposed,0.959745261059,207952.443393
beamed,0.96240676737,549033.825257
thanks,0.968905579104,813174.400917
apartment,0.972649941957,521492.127826
ignored,0.980827445684,697659.431255
behalf,0.980857371637,961689.993337
moment,0.982291924038,589846.39484
liking,0.982940402893,381110.90117
was-take,0.985128819992,43690.1199822
believed,0.987391643609,80869.2750762
more,0.987682690697,222306.737556
pleaded,0.98835830705,256467.205429
eyelids,0.994342187708,473559.736917
same,0.994720827733,1613071.65978
air,0.995790347866,421533.059471
unconscious,0.998037101889,368269.627932
faltered,0.999701509348,959746.304253
was-putting,1.00168454044,611432.89669
was-miss,1.00525069576,115634.337111
laughter,1.00589420934,454696.37911
reflection,1.00627477973,3317524.56707
was-remarked,1.00695649766,162942.893287
tear,1.00745746325,1656149.2038
note,1.01112634948,471102.989205
class,1.01802731765,325390.199482
delighted,1.0184337613,150592.726567
tea,1.02293029027,424714.325674
sleep,1.02310000319,220609.24434
visitors,1.02751268698,646165.981927
looking,1.02812404748,71029.4844663
staying,1.02950144864,342666.116962
sick,1.03076412967,308148.652418
dreamed,1.03156726158,510787.803584
shown,1.03278524469,274596.493914
was-comforted,1.04735654014,2974342.2934
situation,1.04959938456,361702.599513
closed,1.05798926563,122230.537336
was-shocked,1.06450565416,600147.133567
sorry,1.06913436419,160127.513606
growing,1.07252480916,595479.212609
blushed,1.07297639145,174855.354772
thoughts,1.07350314076,79260.1931103
image,1.0753129253,1388436.63769
farewell,1.08360680571,1380283.06397
well,1.08580112298,277500.442366
hears,1.08811339129,292041.656823
equal,1.09211931778,469568.20407
guardian,1.09544077888,1668870.79254
curls,1.10027131013,266620.088923
parlour,1.1007951094,168171.533838
costume,1.10163509875,2820596.77584
wardrobe,1.10496656775,997698.973099
slipped,1.11654069737,121894.370668
sisters,1.11987469661,67076.070264
room,1.12024545496,14101.1857891
smiles,1.1202617747,147958.506671
sense,1.12361018555,224361.080293
horror,1.12413257698,1541236.39606
was-watched,1.12650668496,110806.352234
away,1.13041685137,484633.407415
children,1.13585571719,30463.6097856
english,1.13715565382,1348905.34586
hands,1.14148750601,9625.77606343
welfare,1.14177967677,543876.496182
treated,1.14339626429,200659.185165
escort,1.14537266886,10570823.3955
basket,1.14894641458,296897.47332
fond,1.15141959829,99006.0137166
sex,1.15221558898,192517.507706
garden,1.15236650197,565712.125163
was-kissing,1.15449117809,531446.034168
was-cried,1.1624718,18415.0330091
was-attached,1.16581864688,568792.030893
look,1.16635450885,39852.2325113
talk,1.16707109944,71424.5415532
short,1.16898754908,363433.83753
charm,1.16912579369,598785.798764
impulse,1.17303486829,1705312.89464
planned,1.17359329267,796819.938806
pleasure,1.17574313341,177361.254712
was-concerned,1.18245982598,1497941.43954
was-comfort,1.18250116764,357663.004324
kept,1.18334617069,24125.9460389
something,1.18384862939,473997.450916
was-dressed,1.18714442228,220931.252405
darling,1.19173464636,438529.459725
flowers,1.19468061293,1567991.35915
habit,1.1990955744,340967.143093
saying,1.20395171846,84861.5794067
mine,1.20440572272,7258607.28904
cold,1.21324051344,1991349.7282
tells,1.21552555044,81238.7798551
grow,1.22232761892,5931446.2392
lessons,1.22399508691,801424.469589
flushed,1.2244911262,1163144.91797
bag,1.23783252578,253628.633799
upstairs,1.25154181608,1739861.07359
weeping,1.25340330329,1243890.76375
confessed,1.25701480206,683061.360573
evening,1.26171603925,492131.334975
looked,1.26358881549,8795.29305636
charms,1.26976870206,455058.745745
heaved,1.27406611233,1729453.44726
coloured,1.28901173037,2939263.74386
lashes,1.28939231722,2318888.15612
acquaintances,1.29565900956,875717.614367
lips,1.30213160629,23435.3003693
implored,1.3056750872,524898.950101
knelt,1.30711864331,545956.81001
live,1.31453447765,81671.7706623
cry,1.31680534567,405462.198621
was-protect,1.31923635495,714415.51092
happier,1.32019588418,10338874.6303
news,1.32378718167,1581979.11216
miss,1.32498118756,913737.535618
daughters,1.32663828376,47173.7332505
all,1.32805523999,1189748.41147
clung,1.34059825418,263964.981147
dressed,1.35152256257,553059.357666
question,1.35777625514,363324.837052
lovely,1.36622330061,552390.195999
smiled,1.3721365366,41105.1988806
anything,1.37580910003,768925.512161
was-sighed,1.37934278964,604389.174689
insisted,1.38762814314,72868.4373753
was-urged,1.38843140152,188490.539616
training,1.39110362589,606641.349796
permitted,1.40348912439,363368.180186
carriage,1.4073668583,115141.647764
reading,1.41641659269,227399.88007
marriage,1.42029446847,134259.099384
sympathy,1.43013465773,597749.757717
mention,1.43201404823,470473.189098
frock,1.45356584015,867509.059994
father,1.47883451313,4558.39776682
parents,1.48461492403,123130.239205
-rrb-,1.49597591639,3172020.68172
sighed,1.49775991653,95360.5836576
gloves,1.50538375457,1047173.83454
was-used,1.51696231842,307516.776933
screamed,1.532537335,831125.014225
sat,1.5349481275,18512.4106762
knitting,1.53603352204,322113.461231
murmured,1.53659100499,104544.810629
creature,1.54033767372,318674.608755
kitchen,1.54312047153,408034.405129
prayers,1.54682778436,325823.815665
was-whispered,1.55307725567,223432.578814
much,1.56602560622,177781.346996
face,1.57027678014,8513.39256166
things,1.57346621602,165100.565198
pain,1.57771763483,1497658.62198
was-exclaimed,1.58738684835,41443.350652
chamber,1.5906918921,383511.957169
wore,1.59562783494,81885.6375795
gown,1.61762988706,404389.579033
shuddered,1.62755590048,1306884.77851
beautiful,1.63902445856,322615.011702
cried,1.64419991948,19692.4229103
purse,1.65453590224,736911.436639
suspected,1.66713797586,692065.792448
niece,1.66886283474,76701.3078375
begged,1.67749803255,142487.285637
hostess,1.68804711692,417992.06857
sewing,1.71486821195,659951.877569
gasped,1.72029699409,285847.763578
sobs,1.7325122905,738804.211512
crying,1.7418558024,297398.061275
aunt,1.75170438712,65620.1734477
whispered,1.78740069275,80568.4537593
smile,1.79487992472,253918.051611
up,1.80897691538,579248.175226
scolded,1.82822382383,899473.924685
once,1.82883069865,985252.323774
down,1.83499137288,719283.529222
moaned,1.83588905107,769122.917303
waist,1.86927968982,338682.118502
about,1.87444291018,967455.576419
off,1.88042597584,648675.633753
baby,1.88219890787,184681.323166
cheeks,1.91152674879,104090.801155
bosom,1.92621659107,133288.221445
again,1.9624630501,682930.83825
voice,1.98270559258,20684.4060327
better,1.99158333444,371875.831577
???,1.99652228776,120979.188812
sobbed,2.007903462,659152.268003
veil,2.05331637314,889317.310404
cheek,2.05803520387,159737.015515
now,2.09022988314,899030.534131
there,2.1070159819,845808.151057
skirt,2.23056386905,668323.779244
mother,2.29107761035,9249.9070237
bonnet,2.36640945172,400304.890945
lover,2.52899826266,110287.716042
child,2.56017800051,99430.2201455
tears,2.59671429764,323190.897424
apron,2.65777729054,327787.149021
was-kissed,2.70828257169,358175.162026
lap,3.14910376618,186647.042066
eyes,3.34728290197,13054.5068727
beauty,3.42477852743,295578.238121
maid,3.43867245926,416764.887047
hair,3.60557929716,102758.415125
dress,4.23942694126,234209.249605
