pocket,-1.81820532025,-63183.2385772
pockets,-1.23817968808,-394120.56946
fellow,-1.21437572042,-265328.154086
pipe,-1.21261119631,-106508.26818
horse,-1.13436381822,-39675.884851
rode,-1.13012091797,-93573.2518203
men,-1.08779108596,-57223.7012419
master,-1.05832561868,-51083.3357249
shirt,-0.997837990616,-284823.682625
beard,-0.992985547277,-201937.577223
office,-0.98512048526,-43799.3467315
watch,-0.941134015857,-85245.1884232
coat,-0.91986966783,-47683.8417668
gun,-0.918111663463,-212880.499565
swung,-0.916813416678,-121805.127894
muttered,-0.905571368134,-73465.1847136
grinned,-0.884374573244,-60632.0593074
boots,-0.874369148146,-115366.118034
shot,-0.872672269234,-87492.688923
fist,-0.870459891415,-313355.652714
trousers,-0.853590971081,-1140082.36418
shouted,-0.844639107852,-45194.7112131
addressed,-0.803260151409,-210895.740133
strode,-0.795675676669,-156865.528194
swore,-0.792145462558,-151044.381502
enemy,-0.777531170452,-262125.642158
study,-0.771210935305,-238724.722922
comrades,-0.767373707302,-220021.615019
needed,-0.760403532434,-114507.516398
car,-0.758407485358,-89934.728186
leapt,-0.749675460442,-189889.944493
shifted,-0.745201818899,-247859.354108
was-hit,-0.741722040638,-136476.796853
overcoat,-0.735537147961,-647012.035914
roared,-0.73322386795,-355709.460859
got,-0.729134028971,-5571.10794065
moustache,-0.718729623845,-287774.828523
belt,-0.71394588586,-1358285.78383
cursed,-0.708482486958,-646333.915045
cigar,-0.698094028233,-114708.782451
walked,-0.685354535226,-13817.4801237
hit,-0.678118256714,-114834.629409
bought,-0.677536069426,-55785.2653929
was-killed,-0.669651799098,-58064.6340847
killed,-0.663935482802,-100635.209057
pondered,-0.655620044438,-523470.443615
horses,-0.645328803026,-90704.2333389
was-kill,-0.644096515104,-108045.062728
revolver,-0.640548426832,-373276.775294
rifle,-0.640512118816,-196796.920384
stretched,-0.638704688355,-111296.133037
waistcoat,-0.638398785402,-1018910.15531
cleared,-0.636730658341,-200790.024141
knife,-0.636651264138,-257766.551839
host,-0.636000582686,-170515.428548
secured,-0.634429286528,-177969.868422
snarled,-0.631623789219,-3416939.94147
business,-0.627596407037,-64313.1936419
jaw,-0.622561663903,-296188.723652
enemies,-0.614075876898,-621985.989576
was-throw,-0.602766445084,-128044.908309
glass,-0.602143473859,-95412.7750229
was-call,-0.598841359246,-41464.1700524
winked,-0.595130076437,-643251.938251
eye,-0.592634259402,-24272.2394454
chief,-0.591876616586,-166708.693533
friend,-0.590933125345,-10261.8087741
speaking,-0.588875422179,-70522.6373581
fellows,-0.586097687212,-1388465.87395
sword,-0.585459734983,-179257.461791
arm,-0.581428767296,-16125.6972294
grunted,-0.579160283434,-109692.895966
drove,-0.576450267363,-94345.5133792
leg,-0.574660115105,-26306.2664411
released,-0.573566535483,-245929.276274
follow,-0.571081272327,-128158.075535
called,-0.569586057592,-9791.62306158
pulled,-0.566396056356,-50993.9755137
glared,-0.5653320539,-355230.750876
examined,-0.565215379843,-195176.406439
ordered,-0.564120746478,-65751.9286546
brow,-0.562996752256,-85534.6378398
grip,-0.560417485468,-387300.705453
having,-0.557873317069,-62438.4691585
career,-0.557082592529,-69938.7977932
heel,-0.555492337117,-222579.3844
hat,-0.554402853249,-20710.8115817
character,-0.548697268539,-129284.894177
came,-0.548239993612,-2667.08891041
take,-0.547067393663,-13658.4407345
braced,-0.545391466388,-4781338.17428
job,-0.539960975288,-49709.5893616
noted,-0.538860315588,-252387.723429
drop,-0.537276751543,-229497.150747
left,-0.537078505,-7619.59255796
sink,-0.536541321088,-987332.816894
whip,-0.533129946782,-80190.6743135
sensed,-0.53249538114,-281207.759758
grumbled,-0.531578403823,-266085.858915
was-thanked,-0.530171129456,-84644.7315812
suit,-0.529850229869,-181166.335817
do,-0.526946240687,-9564.1072453
countenance,-0.525549581187,-179790.613375
collar,-0.522487288771,-169939.96525
employer,-0.517792222351,-82440.1599848
groped,-0.516080379889,-841442.943691
was-muttered,-0.514993265338,-431483.698151
companions,-0.51313016499,-62035.2339559
wandered,-0.512374541545,-640798.760203
certain,-0.511856656986,-178123.188452
agreed,-0.510712193098,-23217.7847293
opponent,-0.510197844407,-809730.447986
yelled,-0.510036623775,-93698.2145245
gripped,-0.50996473288,-550090.521214
saluted,-0.50992539288,-232603.866262
was-filled,-0.50962534465,-87357.5725189
desk,-0.507519593587,-43220.0871518
wonder,-0.506874746548,-275823.972359
king,-0.502184040244,-187749.716418
took,-0.499799317485,-3522.64891469
brought,-0.498713890162,-12827.228477
owned,-0.498682107766,-101301.562079
rubbed,-0.498221209225,-140369.348802
family,-0.497582520072,-14170.0911349
tracks,-0.497144627835,-623171.566355
club,-0.496688144267,-104679.906411
stock,-0.494148076343,-177878.900703
fought,-0.493398672244,-160896.24916
senses,-0.493361098844,-299263.722091
end,-0.492905775935,-396530.767975
knuckles,-0.492203195389,-1301663.40749
began,-0.489334803991,-6044.13709139
done,-0.489157042234,-18084.0467715
throat,-0.487545616995,-27743.5179978
sprang,-0.487107834988,-55424.8967483
quarters,-0.487045650402,-233353.776201
fell,-0.485650346929,-26353.5556134
was-serve,-0.485216775274,-367920.584076
turning,-0.48417242598,-118658.536943
was-disturbed,-0.483280673691,-155360.672863
guard,-0.482999841038,-77724.4595244
was-sent,-0.482284764316,-29328.9184755
win,-0.481231105476,-1965728.59897
wounds,-0.481013799796,-430941.161928
chair,-0.477388127984,-13082.9302292
jaws,-0.476042130107,-421580.879292
safety,-0.473263438622,-378751.456561
waved,-0.473108549591,-54579.5921536
grasp,-0.47238176132,-946556.835389
determined,-0.472189276513,-241329.911117
thumb,-0.471343926244,-312549.35361
subject,-0.471177503847,-180403.868705
was-despised,-0.469265660377,-189708.702016
was-ordered,-0.467570000626,-122826.256391
passion,-0.467073501765,-172985.483519
thrust,-0.465379326755,-79924.1830178
feet,-0.465220745157,-7861.82619599
was-got,-0.464883718605,-13139.9564044
was-replied,-0.462529708026,-16986.014936
enthusiasm,-0.461864827327,-131474.95332
was-attacked,-0.460911619108,-319762.7932
comrade,-0.459199022225,-386036.295909
was-agreed,-0.458530873362,-430262.641698
rage,-0.458069556294,-536461.293334
was-shake,-0.458052335999,-681845.559659
wasted,-0.453446090847,-318827.799692
support,-0.451732797984,-226419.336046
was-knew,-0.451604681863,-21895.0823192
way,-0.451185818537,-8615.14120965
succeed,-0.451179690352,-227739.147923
understanding,-0.451085400397,-3910221.44678
search,-0.447800868993,-210539.15639
inclined,-0.446778720767,-594315.729036
ribs,-0.446366491028,-2078020.87207
straightened,-0.446233375867,-143894.359446
reported,-0.446054893752,-55837.1413483
foot,-0.443704062549,-48496.1744748
asks,-0.440792820838,-147069.313037
presented,-0.440537327653,-132402.497063
saddle,-0.439298965067,-82848.42068
started,-0.439122499591,-21078.9813103
hailed,-0.437606334824,-609781.173297
travelled,-0.436772814644,-128911.461291
dare,-0.433415901965,-190453.324808
hold,-0.433396287895,-93953.36599
forehead,-0.432467468179,-29209.4499711
kicked,-0.432391431082,-198013.439974
chuckled,-0.431157946829,-61869.1607116
was-impressed,-0.431080494264,-616654.14545
was-pay,-0.430760418173,-248982.709429
fighting,-0.429587757141,-147943.970824
chest,-0.428769878763,-74122.31314
escaped,-0.428344762436,-138790.824009
fool,-0.427701106686,-69919.8792199
realise,-0.426964742037,-90468.990362
was-smote,-0.426825238557,-396379.973145
convinced,-0.426111763469,-882351.049102
struck,-0.424436225893,-47313.1890728
was-known,-0.423701901564,-22309.2237524
whistled,-0.423687781881,-327930.642403
crushed,-0.423679397907,-1877552.28115
strolled,-0.42288677452,-139468.963654
maintained,-0.422344743199,-164125.108524
speech,-0.421868411249,-17874.0816579
glasses,-0.421452587383,-126701.937778
fingered,-0.42137922216,-226981.211164
was-wounded,-0.42082724848,-307918.24191
majesty,-0.419532845233,-37902.5575161
footsteps,-0.419362711208,-548591.637161
fidgeted,-0.416820647807,-300795.209184
was-believed,-0.415412252295,-726445.126022
sentence,-0.414512661158,-235640.827452
muscles,-0.414349483567,-313606.560642
was-struck,-0.414232112297,-83498.7940638
suffer,-0.412645989822,-465424.849966
growled,-0.41253461542,-165916.970391
halted,-0.411012707504,-625284.697786
labours,-0.410538341819,-332158.29239
papers,-0.409330128733,-248826.628761
was-reminded,-0.409132435108,-71824.8346182
foreseen,-0.408945802758,-3538052.52444
swam,-0.408900820247,-739034.487275
was-treat,-0.408537914376,-147980.285723
sell,-0.40780931333,-201154.481806
was-trust,-0.40697535939,-130287.669287
smell,-0.406115721474,-775471.568321
scowled,-0.405943037373,-198580.523757
contemplated,-0.405873101479,-351785.135039
was-shot,-0.403768843453,-90528.7801601
silence,-0.403600017292,-394227.250546
trip,-0.403260577256,-511303.681526
boot,-0.403249794447,-238053.383825
sought,-0.403212978697,-91346.962622
represented,-0.402346310703,-176970.255567
thrown,-0.40217770587,-136912.654139
action,-0.401951295201,-1130875.95743
come,-0.401867756882,-2970.79271813
touch,-0.40164845422,-101211.936863
cap,-0.399420632357,-56101.0839584
tapped,-0.399141727531,-76621.2245275
scratched,-0.399113333159,-192071.055234
listen,-0.398861856762,-59759.957072
was-arrested,-0.397225264987,-339282.95638
powers,-0.396945887758,-203551.793669
was-found,-0.396425206583,-17808.4428501
plans,-0.396046381102,-69047.1714552
thigh,-0.395372086673,-186103.729717
stood,-0.39529585081,-4711.12952479
partner,-0.39495100379,-81317.8900089
proposed,-0.394728116619,-186462.146377
lost,-0.394122067459,-29809.3886516
profession,-0.3905817696,-215062.036237
methods,-0.389825285061,-655976.650809
limbs,-0.389116648424,-96771.1809238
was-dragged,-0.38833687256,-88757.5056613
resolved,-0.388079843879,-152434.465053
rooms,-0.387556629513,-54508.1059159
advanced,-0.387398475515,-122674.271284
blew,-0.387306702882,-158860.332537
sleeve,-0.386879872458,-111228.606518
imagine,-0.386229669951,-291118.281143
bowed,-0.386144512127,-62783.7304084
jumped,-0.385081280961,-24586.9416008
's,-0.383821200709,-7713.98893815
was-embarrassed,-0.383745942006,-1105005.9473
distinguish,-0.383117070712,-6227347.17904
sneered,-0.383079715288,-267028.833282
order,-0.381929826158,-437190.604597
stuck,-0.381886991573,-234450.952352
coming,-0.380688154604,-6129.53116939
send,-0.380222175665,-37313.0154464
was-regarding,-0.379393524354,-100200.91738
thinking,-0.379200009736,-32095.0689909
land,-0.378337555511,-195795.659532
was-motioned,-0.377819317469,-297591.308538
developed,-0.37684901359,-111675.132477
was-bore,-0.376113889389,-255024.03638
officer,-0.37571208633,-88840.752792
possession,-0.375598922439,-756420.197147
stole,-0.375171430055,-87662.5024002
was-seek,-0.375127457991,-966007.12946
shoved,-0.374885241951,-228061.733875
was-lifted,-0.374738686749,-291707.416541
guest,-0.373470623604,-51859.1542422
sauntered,-0.372793991616,-289911.878968
lit,-0.372625691257,-120455.781819
slid,-0.37249503007,-124094.022086
intend,-0.372212711125,-245228.027525
was-beat,-0.372070420225,-57512.96731
working,-0.3716506477,-34658.1948821
prospects,-0.371131989974,-323336.23857
challenged,-0.370834121753,-274411.954975
given,-0.370739631828,-14243.5475377
appointment,-0.370187181207,-253639.198176
riding,-0.369182318836,-238907.179786
skull,-0.368158313249,-234631.107376
was-shouted,-0.367870270669,-29649.4751137
incapable,-0.367687501218,-94536.8500503
caught,-0.366974482738,-16147.6562821
was-get,-0.366317488822,-22095.2302151
was-inspired,-0.36622652988,-1809333.32929
blood,-0.365586415585,-56484.000701
grasped,-0.365208012166,-97188.3598171
staggered,-0.364691396235,-188967.310444
repeat,-0.364186347018,-440347.216883
spread,-0.364146862597,-89132.0149236
fired,-0.362861722208,-368104.947748
meal,-0.361891143804,-464633.959105
heels,-0.361258953324,-63272.0886303
word,-0.361238068496,-44395.1667149
says,-0.360388392613,-1044.44313965
legs,-0.359948035188,-20952.0248921
considered,-0.359828620803,-39214.678489
cane,-0.359333870538,-101615.016264
boat,-0.359059409738,-241132.540635
pictured,-0.35847307014,-356029.805674
finds,-0.3578016576,-133959.610535
was-gripped,-0.357734025639,-307723.868486
was-woke,-0.357441548598,-1558495.86723
tail,-0.35721968977,-58668.8953791
drive,-0.357216202583,-54183.8786187
sold,-0.355497610205,-60720.6328966
present,-0.353177244671,-153998.362647
annoyance,-0.351626992881,-347461.5531
judge,-0.351451171533,-246057.249015
performed,-0.349643701349,-602592.843611
secretary,-0.349310452167,-35578.0502764
borrowed,-0.349126351802,-211331.018667
ride,-0.348617219103,-121157.942365
race,-0.347143852835,-234906.965369
able,-0.347127838453,-11637.370356
luck,-0.347059187073,-265068.203739
was-annoyed,-0.346773285704,-283925.520122
was-carry,-0.346360383471,-143447.030001
resolve,-0.346162680238,-393301.52505
smoked,-0.34591139967,-197822.237602
reach,-0.345821839072,-120645.480415
are,-0.345734009573,-58284.2935567
alive,-0.34512474024,-29382.1308844
reiterated,-0.344661230877,-286354.219586
get,-0.344056681237,-5427.49147885
dashed,-0.343799527189,-104465.475701
choked,-0.343308180102,-531734.095688
was-stopped,-0.34290363867,-84525.4690512
acted,-0.342732495719,-100414.551057
saying,-0.342108757925,-22050.547102
was-affected,-0.342062393981,-333911.629435
opportunity,-0.341942906057,-183011.784207
drawing,-0.341508144299,-226551.235137
height,-0.341031230743,-156113.440172
quit,-0.340644071402,-439827.377744
was-depressed,-0.340070771241,-412314.810481
rich,-0.339956232226,-60983.7893568
was-escaped,-0.33943084974,-628817.486493
rolled,-0.339392407363,-96870.3874838
marched,-0.339063826242,-461206.473077
boasted,-0.338869494958,-2027958.25701
case,-0.338824790293,-26304.0145626
was-regard,-0.337467126674,-145974.809745
found,-0.337006129715,-4229.69477893
attack,-0.336594452227,-328299.457694
fists,-0.336510257825,-231312.109902
staring,-0.336132811871,-66331.788985
dug,-0.336066423834,-173511.870089
was-find,-0.333964773838,-14479.8340175
gifts,-0.333535363208,-193308.661164
met,-0.333224724672,-12734.4463174
groaned,-0.332873656673,-137210.015726
was-keeping,-0.332779523298,-93691.354744
was-brought,-0.332634650133,-18258.6132808
nose,-0.332478217446,-9962.41902289
paced,-0.330906746113,-411666.242777
bringing,-0.330337681203,-114940.382091
stammered,-0.329543095497,-96198.1730038
was-read,-0.328869666111,-117595.328074
awoke,-0.328784377178,-378647.114286
appeal,-0.326609395737,-90739.1648695
elbow,-0.325637683499,-84096.7344548
enter,-0.324659479136,-94233.7644442
member,-0.324377460979,-183179.586593
pen,-0.323558692037,-126990.346713
was-returned,-0.323544229572,-116251.25695
emotions,-0.323426767487,-437535.890352
find,-0.323155975954,-22361.7842854
was-run,-0.322163185258,-236203.818656
place,-0.320813081502,-1217.46998928
was-went,-0.31998816808,-117717.323781
chin,-0.319880663741,-26323.8001843
ambition,-0.319001784101,-150413.330804
jacket,-0.318596565761,-222990.179426
danger,-0.318533999326,-153667.408108
won,-0.318301465128,-37300.3900102
fortune,-0.317799817886,-83528.2699625
caused,-0.317747639244,-165514.697176
was-restrained,-0.317410472383,-1182307.42394
reputation,-0.317250241197,-88346.9238017
account,-0.317128774482,-46085.445406
uncle,-0.31606665174,-1474.45621711
brain,-0.315518355937,-64492.5502364
dreams,-0.314396683848,-107975.326409
reckoned,-0.314348136341,-322073.699538
exploded,-0.3140310303,-190346.478125
plunged,-0.313811213585,-113258.621821
snorted,-0.311042884377,-1508597.51614
resolution,-0.310465701519,-428525.780019
grin,-0.308935843981,-199716.360125
tie,-0.308078018424,-151435.391501
ones,-0.307453281295,-306244.381594
mastered,-0.307135061179,-224795.166129
followed,-0.306998169885,-17750.9737809
trusted,-0.305001475945,-165497.972722
showed,-0.304499972978,-13452.009199
dreamed,-0.304451162134,-116122.28083
was-released,-0.30391228547,-163883.060194
knowing,-0.303902092627,-591044.257329
was-looked,-0.303760567243,-81112.1557455
was-caused,-0.303354403599,-219172.553148
listening,-0.303225870923,-56146.4910165
gets,-0.302950576331,-42531.2081991
hearers,-0.302328308006,-77019.7618458
edged,-0.302167920874,-1147970.0256
squeezed,-0.302113795415,-186937.981772
was-demanded,-0.301913742108,-24789.8692617
proceeded,-0.300793429553,-53773.5678288
last,-0.300743580505,-116185.207287
was-notice,-0.299870233362,-3382329.13848
crossed,-0.298765043274,-37800.5945318
servant,-0.297818563818,-79949.4706351
was-greet,-0.297567106385,-61568.3955051
cigarette,-0.297500900727,-65825.6369822
parted,-0.297158156699,-219072.627394
was-considered,-0.296784112772,-90299.2722871
capacity,-0.296755148305,-158617.984707
worked,-0.296557976544,-18442.2429176
was-invite,-0.296541057934,-783480.58641
knows,-0.296449623526,-12074.4958614
drunk,-0.295257050717,-82445.1315256
finding,-0.294865654215,-101160.622224
was-aroused,-0.294780754562,-170450.884536
skill,-0.294696472231,-251026.948191
progress,-0.294159228197,-172742.00785
lighted,-0.293892546921,-312381.082134
was-introduced,-0.293708196658,-90537.5274976
lord,-0.293159715628,-109298.937148
approached,-0.292744891568,-48533.3897504
let,-0.292692448246,-9363.69856714
cut,-0.292633236574,-32261.7054101
light,-0.292350684912,-209752.589446
was-forgot,-0.291348828079,-765854.871362
influence,-0.291039348252,-214195.375653
was-induced,-0.290157018064,-237438.56254
attentions,-0.290136333998,-104728.563509
blurted,-0.290063202821,-810291.649731
was-strike,-0.288086060534,-696371.013911
pushed,-0.288064487873,-32832.5007303
knocked,-0.287153286464,-78576.3899663
venture,-0.286962239431,-324409.530368
scanned,-0.286783120088,-214377.874318
restrained,-0.286485092363,-771950.472172
desired,-0.285993963966,-94503.3910256
experience,-0.285784400298,-57537.0707613
resumed,-0.285607369282,-84985.8535486
meant,-0.285241251449,-19960.231118
stated,-0.28510413124,-169234.749398
was-taken,-0.284761868611,-28206.8805077
paying,-0.284323812754,-382365.781698
confident,-0.283543511503,-1305413.01902
was-believe,-0.283482869724,-696455.123372
rejected,-0.282720130966,-206885.821513
was-stop,-0.282328614482,-89050.6565847
committed,-0.28138005178,-103981.324284
moments,-0.281127746653,-350816.503996
was-sending,-0.281021351406,-459305.609342
hide,-0.280759479363,-172291.779921
leap,-0.280646024026,-1669473.61783
laid,-0.280334539503,-16323.5610064
embarrassment,-0.280166559434,-248633.313333
crawled,-0.279999024605,-123303.848281
counted,-0.279933668932,-458278.921052
ai,-0.278804788521,-18564.5326006
earned,-0.278312921705,-146905.720178
delivered,-0.278097163567,-283589.033399
wits,-0.277868263072,-125335.126282
lose,-0.277823489163,-113758.740445
arrive,-0.27693383232,-410085.440166
reached,-0.276840054073,-12542.4891807
re,-0.276140161032,-592121.579278
turn,-0.275374504973,-16816.3146383
talked,-0.275095514971,-12745.0342227
lucky,-0.27506584688,-133530.228743
gazed,-0.273718359552,-23880.8191867
admitted,-0.273340253181,-38328.3164377
sorrow,-0.271782933397,-135724.75886
yawned,-0.271381487457,-180559.851598
endeavoured,-0.271362724721,-737892.888518
accent,-0.269259346175,-1517107.99168
excused,-0.268713781059,-136038.866974
sounded,-0.268629372218,-174546.024133
spine,-0.268625775862,-168877.395835
searched,-0.268553339175,-159498.062225
tells,-0.268482816896,-58249.6712227
driving,-0.267283905192,-103279.087563
wrath,-0.266790734971,-120233.531431
blessed,-0.266314804721,-201502.874066
taking,-0.265672537109,-37426.1685442
interview,-0.265621492438,-437745.326472
torn,-0.26488023065,-214926.219106
condition,-0.264802257929,-111559.972135
ridden,-0.264408173792,-106142.372023
folly,-0.264287129326,-164979.67339
employed,-0.264081733973,-78266.4076208
pointed,-0.263843106645,-14935.5433389
suppose,-0.263197203219,-138786.197694
attend,-0.26316887941,-160107.215356
weary,-0.262102353787,-216722.355585
was-drawing,-0.262064478586,-169248.062145
glanced,-0.261842315654,-12022.0222732
was-whispered,-0.261020429889,-51971.3080968
was-had,-0.260734268096,-18308.1214203
broken,-0.260383735189,-290881.576231
lies,-0.260335502011,-204141.869324
everything,-0.259606041223,-72937.2845842
responsible,-0.259132850778,-71620.0544007
spoke,-0.258835484823,-4886.79164089
warned,-0.258367583193,-51400.3624843
returned,-0.258189315215,-7156.54944202
was-drawn,-0.257873165735,-76438.0110444
sent,-0.25735755046,-8479.24253735
chance,-0.256584753889,-69679.4037257
unconscious,-0.256433708313,-617903.363856
was-hurried,-0.255909952444,-230209.399005
friendship,-0.255698935261,-181140.60474
god,-0.255610953097,-81211.814697
embraced,-0.255267168978,-264648.959975
offered,-0.254988878649,-26813.4103096
advised,-0.254317580133,-43121.8423312
drifted,-0.253852620451,-157668.860826
clothes,-0.252770741719,-19824.5189844
was-calling,-0.252656047644,-73971.0071815
country,-0.252373771632,-89412.054754
shone,-0.252130941254,-264078.560872
awakened,-0.251821933519,-199484.248369
was-done,-0.251178111314,-34770.1465793
thinks,-0.250062910502,-14449.0693036
was-push,-0.250033582044,-1209515.13534
produced,-0.249886246174,-59971.8278722
was-excited,-0.249769816907,-256718.118728
stories,-0.248924496214,-36306.3794064
handed,-0.24833875318,-20391.6057818
nephew,-0.247822077074,-31693.0061602
mused,-0.247644258967,-118823.222513
scheme,-0.247196422164,-232641.088748
tied,-0.246777369951,-113156.022405
forgotten,-0.246071699001,-22197.0637628
surrendered,-0.245774452686,-1398558.32848
supper,-0.245568797177,-163610.582429
mention,-0.245133795638,-167461.371239
thanks,-0.244685620412,-222307.480704
was-mused,-0.244111548468,-148135.762227
backed,-0.243900924994,-53984.6229384
spectacles,-0.243412757252,-17324.4546086
spirits,-0.24322513321,-128106.45219
brooded,-0.24295036854,-751051.15434
fast,-0.242716052498,-173535.240364
delayed,-0.242480582486,-450482.17657
eaten,-0.241316098026,-69818.0243563
named,-0.241076977589,-452310.55039
stalked,-0.240589738935,-407833.392468
complained,-0.24014056506,-46013.8329443
arrived,-0.23961528262,-13987.3790779
position,-0.239518991338,-25256.00356
held,-0.239421323483,-5045.3311059
company,-0.239174170441,-35532.1632857
dragged,-0.239090151692,-61846.2637658
training,-0.238509395002,-472484.013659
assumed,-0.238482790418,-94612.4498822
slammed,-0.23835894204,-79460.603591
sailed,-0.237861865802,-64204.3799945
belongings,-0.237829513061,-357354.700924
was-catch,-0.236730650536,-63652.7301802
drawn,-0.236661659228,-501669.50442
hurled,-0.236442810506,-308132.660863
impressed,-0.236407827183,-192112.093239
remarked,-0.235614019883,-9640.07074141
seeing,-0.235176705026,-108656.121901
relief,-0.235138575033,-207505.582916
was-disliked,-0.23498583874,-241795.008759
fastened,-0.234584755754,-512142.583091
leaving,-0.234136909308,-72323.2135263
mounted,-0.233818606958,-78921.9144394
respect,-0.233627705617,-232907.696626
affair,-0.233602409587,-263460.1807
was-bored,-0.233443587241,-189914.170704
notebook,-0.232833726001,-145530.778651
was-worried,-0.231651921711,-101337.677517
running,-0.231459555916,-46034.8380038
suspected,-0.230575369068,-127824.925818
failed,-0.230403603781,-52765.3000726
was-hate,-0.228796879835,-18193.1037987
fortunes,-0.227460359322,-100300.110466
mentioned,-0.227443994811,-38732.5625639
was-giving,-0.227269094327,-107571.250348
train,-0.226964915425,-231103.572509
discussed,-0.226120666516,-130315.18916
was-interest,-0.225510401323,-203501.577398
moved,-0.225083814698,-8006.3977218
have,-0.224884097952,-2554.48471846
nodded,-0.224489315024,-6603.2896475
use,-0.224473925204,-34271.0086126
listened,-0.224370029302,-18970.4904051
was-overwhelmed,-0.223105882151,-755296.304707
breakfast,-0.222953133852,-115063.935979
afford,-0.222810115535,-92901.8830007
remember,-0.220417491756,-31828.7661079
saw,-0.219701850964,-1814.59985114
orders,-0.219121547627,-54542.8858106
smoothed,-0.218164552054,-190706.050158
was-reassure,-0.216611967224,-178951.935655
promise,-0.216180873116,-95308.1375736
cause,-0.21617303688,-114329.492368
was-prepared,-0.21506819891,-54025.2241993
people,-0.214918547249,-16595.1906108
dead,-0.214653078848,-10885.7930747
act,-0.2145986315,-41947.8540427
approaching,-0.213343369391,-138748.127156
spend,-0.212706610536,-103023.547689
mount,-0.212683135479,-241747.253743
was-robbed,-0.212643778816,-363746.738192
shout,-0.21218545975,-1304933.64078
words,-0.212066843713,-8282.52377485
was-observed,-0.211876897673,-113119.619642
grandfather,-0.21153615794,-61854.6848218
force,-0.210645098084,-215942.299698
reassured,-0.210600769574,-116467.358153
be,-0.210179393439,-4425.98088443
faced,-0.209997148593,-88112.5890576
guilty,-0.209880604609,-62805.1329012
refrain,-0.20962849532,-394118.488883
stroked,-0.209563538917,-172261.222138
dog,-0.20932842947,-73426.4990237
puts,-0.209299941186,-131862.975102
objected,-0.208749544908,-75232.1059346
pulse,-0.208688203428,-137533.13716
intent,-0.208565826213,-279742.237912
arrange,-0.208530472224,-967737.575311
spared,-0.208351633639,-246382.054581
rival,-0.208241529551,-76263.0109875
paper,-0.207425133197,-65989.4822113
recovered,-0.20728892215,-27855.7207201
sons,-0.206766947183,-9727.57643693
dipped,-0.206349517729,-172288.713257
party,-0.206324194223,-34009.4964037
kneeling,-0.205313928691,-177902.647033
was-remarked,-0.205238858991,-58913.2026808
deep,-0.204457618019,-1111879.92157
acting,-0.204423259627,-129157.267621
bounded,-0.204268315778,-506498.945065
volunteered,-0.20395131781,-98968.6394541
escape,-0.203815239276,-26125.9367838
mistaken,-0.203703743442,-241768.468356
bow,-0.203312420696,-69054.9659429
lied,-0.203110519048,-69221.597235
forget,-0.202422756329,-66711.9669998
guessed,-0.202345152782,-101727.899761
helping,-0.202228543081,-262097.236042
work,-0.202203420303,-5225.21508022
hung,-0.202181589097,-36904.066513
strength,-0.201594300388,-32089.6248967
bearing,-0.200751633442,-81367.4976276
flight,-0.199582917532,-165340.010753
fall,-0.198896318387,-51270.3988887
cabin,-0.198288879021,-15300.30812
pleased,-0.197825406699,-29252.0835331
whipped,-0.197728675153,-880079.401341
hatred,-0.197556870734,-163961.43843
was-betrayed,-0.197065450683,-200026.31326
was-eyed,-0.196648143538,-163140.480554
audience,-0.196233206236,-38254.3641117
crouched,-0.195687947418,-107491.707494
was-lose,-0.195499062269,-265894.188124
kisses,-0.195280900656,-132404.993333
goal,-0.195029668886,-88462.1127601
was-relieved,-0.194937842028,-66041.3164434
adventures,-0.194666606415,-223190.115431
conceded,-0.194224074317,-204702.157819
turned,-0.193945408359,-1713.43183855
goin,-0.193354901402,-62882.0647485
makes,-0.193167926957,-23208.6828676
getting,-0.192486875542,-22713.6261054
restless,-0.19245574501,-1438818.63716
threatened,-0.191976985099,-53406.7812728
was-saved,-0.189716423987,-76365.7391432
means,-0.189677186814,-27083.558847
lead,-0.189193975081,-44391.1821339
believes,-0.188258893259,-31428.329244
provided,-0.187845066553,-47566.7352574
achieved,-0.187799790407,-118498.647559
shuffled,-0.18773691334,-128359.222021
bother,-0.187454311484,-1646675.94151
perceived,-0.187346798174,-48264.3541305
was-surrounded,-0.187119840154,-96848.4506333
kiss,-0.186935056086,-80989.8139761
game,-0.186881086143,-73521.6733339
friends,-0.186813580696,-5152.45934915
misery,-0.186113445625,-269476.892093
led,-0.186073404663,-18369.5209528
palms,-0.185980417072,-98556.055794
ears,-0.18580234104,-9025.38373491
was-explained,-0.184958900091,-49506.1521891
reappeared,-0.184563608359,-71124.7108932
conquered,-0.183476994169,-779131.186967
claim,-0.183419085656,-73305.4477469
seat,-0.183000979587,-21867.5280679
persuaded,-0.182912952107,-79677.6585346
hope,-0.182901313678,-39341.4465172
thoughts,-0.182249332911,-11507.756314
embarrassed,-0.181839133426,-124534.104455
brains,-0.181771271159,-195132.422119
recognised,-0.181762968361,-50311.9402813
leaned,-0.181682777974,-8108.90742308
gained,-0.181636772345,-242121.737973
wishes,-0.181451664391,-38317.5685568
remarks,-0.181328677957,-60677.9721153
death,-0.180740763345,-6902.83177479
was-accompany,-0.180684232463,-131210.525459
keep,-0.180453960419,-18615.1873167
wise,-0.179130897038,-74106.0746421
honour,-0.179052019479,-38797.6065691
prove,-0.178810309606,-63249.4853338
slept,-0.178773481637,-24211.120535
stick,-0.178584263705,-22328.492289
pretended,-0.178045661267,-86295.2864434
stepped,-0.177220349861,-12239.0964944
fancy,-0.177102045821,-90264.7769275
planted,-0.176939222988,-237804.136639
interests,-0.176878004684,-73975.9961255
was-left,-0.176273770857,-6459.38889316
continued,-0.176005793732,-4745.12481706
bad,-0.175683319585,-96922.9705385
purpose,-0.17564232824,-41455.5749637
completed,-0.175315230254,-81329.6085529
managed,-0.174279849888,-11862.1814917
feared,-0.173785854187,-29126.3730338
actions,-0.173395782652,-540977.845925
jump,-0.173240275324,-201736.808473
was-echoed,-0.172876959626,-331990.53539
hidden,-0.172583905931,-45324.0409215
weight,-0.171524776422,-113421.481233
proved,-0.171293340612,-37513.9319277
worry,-0.171245802683,-96741.688834
inspected,-0.171188553136,-513149.003173
food,-0.17107549784,-89732.1823333
lodgings,-0.170901177069,-193257.648483
stop,-0.170890925212,-16314.1191265
rang,-0.17087053267,-61715.2141293
was-set,-0.170853429025,-34046.9394851
sight,-0.170761664565,-105930.97164
experienced,-0.17037492306,-102747.619201
shaking,-0.170209255869,-127056.829106
calling,-0.169976181682,-56323.9113301
size,-0.169829075668,-130415.243548
blamed,-0.169556608634,-216642.079347
type,-0.168764635573,-67299.8428037
disliked,-0.167992442114,-36152.0064887
number,-0.167673974293,-85927.0177164
due,-0.167043107765,-104725.808459
sleep,-0.167026127974,-29683.1742365
serious,-0.16691615181,-97901.1479748
explain,-0.166528907739,-55850.2637252
argued,-0.166362271001,-84117.0878044
slipped,-0.165873451627,-12469.9449976
sees,-0.165802800124,-43653.2709768
content,-0.165324397668,-73781.6433567
was-possessed,-0.163732775311,-54665.7435875
guilt,-0.163689988133,-95910.3926297
point,-0.16360658058,-34104.7296156
was-handed,-0.163327582518,-561088.641867
encouraged,-0.162914254077,-181104.361097
queried,-0.162897473223,-150535.961481
intended,-0.162781927432,-26028.8213973
mate,-0.162633231,-74789.0550895
eat,-0.162582718523,-63781.7026227
tucked,-0.16218028258,-1525884.42206
wit,-0.161611869258,-146532.506197
school,-0.161493877966,-248677.688071
was-told,-0.161093151738,-1145.94361267
darted,-0.160171484499,-66290.6860397
unfolded,-0.159908840658,-93373.0612296
stopped,-0.159868353824,-4396.1340506
kindness,-0.158377383745,-65912.0977708
might,-0.157911092672,-84983.1278483
refusal,-0.15719463386,-239713.566118
woke,-0.157027830904,-56981.4695447
ease,-0.156636541972,-704929.101101
writes,-0.156182046646,-25962.3744851
reading,-0.154855534696,-24775.1423767
meaning,-0.154783429711,-68800.5037607
identity,-0.154498634634,-181913.932187
sipped,-0.154414981034,-36658.9656122
brother-in-law,-0.153684635735,-98006.7764462
understood,-0.153607045135,-14168.4454228
deal,-0.15274843234,-13014.3381662
was-prevented,-0.152673287241,-68269.5982844
birth,-0.152216650003,-51864.8520686
was-thrown,-0.152127092955,-86012.7650922
was-remembered,-0.151809823606,-32484.160475
sort,-0.151075115184,-22673.6913084
was-commanded,-0.150910399266,-86024.7778157
head,-0.15027237128,-761.591365479
climbed,-0.149977741436,-42759.7081716
hinted,-0.149904189959,-79053.9325041
safe,-0.149834454327,-62585.7482769
hotel,-0.149811138663,-116626.661662
standing,-0.149367020985,-9729.48971427
was-admitted,-0.149164483874,-242180.410805
lungs,-0.148724238692,-365276.845791
gate,-0.148293482103,-52110.7659913
commanded,-0.148139063553,-31039.7587919
was-urged,-0.147111226959,-22944.4261337
fate,-0.145901005506,-26974.3652371
deny,-0.145685886902,-66349.8299747
meditated,-0.145249727357,-1202674.3282
pictures,-0.144409974676,-12345.4164771
telling,-0.144210605328,-20404.7249765
breathing,-0.144170580847,-98199.3803094
was-pursued,-0.144013372853,-56518.8964664
was-touch,-0.143906312001,-75136.9302085
was-addressing,-0.143194607149,-105713.77008
companion,-0.143061416741,-10349.0130018
teeth,-0.1427683518,-8416.42220157
was-let,-0.141756646874,-22522.9255374
was-puzzled,-0.141272497887,-82256.5712797
concealed,-0.140885223866,-55327.4541057
amazement,-0.140702332955,-58996.8666562
mumbled,-0.140009818892,-45368.4521527
was-pushed,-0.139925120737,-26137.4415376
horror,-0.139821435458,-324377.704024
catch,-0.139633353894,-67934.0079574
rush,-0.139410693591,-2063467.46127
was-cut,-0.138137595593,-29862.7188424
was-lost,-0.138056261726,-27696.9864359
using,-0.138055780921,-35105.8841263
dinner,-0.137948508981,-39196.8846573
temper,-0.137823616296,-32793.3968608
engaged,-0.137321979389,-78115.1409331
course,-0.13703889321,-59840.6761584
was-keep,-0.135666360163,-13024.6902437
report,-0.135387252802,-47773.7447765
join,-0.135003181983,-41139.6500431
broke,-0.134620405863,-7555.42159683
dined,-0.134344242644,-96554.4830224
neglected,-0.134149975006,-78722.8159815
power,-0.134066123929,-28661.2152582
opinions,-0.133369229983,-221214.511619
rise,-0.133360616102,-154066.776635
avoid,-0.132300650903,-93880.8846072
comment,-0.132109704619,-33317.2165923
was-give,-0.132035224034,-12359.1304144
was-smiled,-0.131740206749,-141296.509811
please,-0.131699240954,-23627.5996497
made,-0.131065868178,-1064.45122264
was-encouraged,-0.130320501404,-143895.741521
fashion,-0.13026612123,-60799.306769
genius,-0.130180303381,-49523.5569107
shaken,-0.130120432455,-214028.336732
was-watching,-0.129556320606,-30213.6036792
intention,-0.129525348392,-34439.6887128
was-introduce,-0.129520093176,-53815.6536971
was-answered,-0.129406878463,-22106.8193666
stamped,-0.129254825846,-457345.15221
inherited,-0.129218339594,-83546.8437888
good,-0.129110929001,-8603.53064726
hopes,-0.129042040714,-54885.3708716
start,-0.128611585209,-33418.0150511
shadow,-0.128322518296,-43545.6149346
clothing,-0.128293440983,-72246.1552474
was-continued,-0.128280286524,-18000.7696727
was-attracted,-0.1279750236,-83356.2216021
stride,-0.127471699466,-72613.6025672
was-moved,-0.127418296431,-110890.255104
was-visited,-0.12734008913,-94286.9299243
conceived,-0.127169062324,-80075.8003203
was-tied,-0.126692356144,-70640.1454821
was-stung,-0.126668730986,-399173.095165
staying,-0.126098521427,-61686.749416
long,-0.125952935082,-184005.651159
fancied,-0.125777627506,-89757.6858944
was-informed,-0.125538509622,-19124.8915102
idea,-0.125314387424,-22889.544237
ignorance,-0.124249692337,-49616.1058687
theory,-0.123518942055,-58843.4126676
knowledge,-0.123371181341,-17260.3779373
change,-0.123075117536,-30128.5852358
veins,-0.122928011057,-45979.7445068
keeping,-0.122152445515,-45605.2608646
arrival,-0.122096073801,-21181.4835265
blinked,-0.121593326721,-71999.9018366
chanced,-0.121280347274,-334419.837189
was-thank,-0.120934226234,-24445.0019131
accept,-0.120930106062,-36567.1748262
was-presented,-0.120740987278,-148300.140917
finger,-0.120554726098,-17007.6149852
familiar,-0.120458786291,-310245.789836
bidding,-0.119101111702,-1864691.29949
language,-0.119072406129,-68305.5837101
studied,-0.118842901569,-25609.6412074
excitement,-0.118798322462,-33593.5562358
was-accused,-0.118260720252,-174552.202628
box,-0.11694166713,-13690.5853503
fight,-0.116459982639,-25690.6297174
was-hear,-0.116343751058,-33640.1725352
recognise,-0.115946038854,-74514.3438858
was-joined,-0.115862393925,-18025.4812617
impression,-0.115658221179,-192089.1297
tale,-0.114561623639,-44379.6920331
hours,-0.114292086173,-123135.833542
miss,-0.11391367163,-73758.2864
humour,-0.113862923665,-85006.9928962
believe,-0.113655182222,-7224.64232951
was-knocked,-0.113421599921,-55590.8798466
was-mean,-0.112993514024,-38337.4373575
destiny,-0.111774583508,-107674.477088
grabbed,-0.111511661504,-54651.5457879
cast,-0.110863099846,-16723.2856629
was-offered,-0.110765272551,-43984.4155785
advantage,-0.110757929529,-108048.118501
was-face,-0.110496363722,-203495.863409
was-led,-0.110394293689,-9767.83228223
'd,-0.10996021742,-22687.7836206
clenched,-0.109789930552,-117627.54895
victim,-0.109477071784,-141058.104223
mind,-0.10946996492,-1106.81886665
refused,-0.109364919442,-7116.24623088
fill,-0.10846275539,-94015.1093742
was-shook,-0.108282689653,-18562.5503372
stared,-0.10827081728,-5794.89902396
expense,-0.108016257273,-277232.830634
realised,-0.107894918495,-5705.4681397
coughed,-0.107820406461,-133906.597476
remained,-0.107777872499,-11281.21926
nostrils,-0.107571222289,-70399.1462991
was-absorbed,-0.107525120561,-142361.200927
duty,-0.106567678732,-9085.1697373
walk,-0.105977771889,-8380.13235416
anger,-0.105927971754,-18710.9970933
write,-0.105920321999,-6502.27039458
was-asking,-0.105643750555,-13253.1343777
was-gave,-0.105342533161,-27274.3991214
address,-0.105081328228,-24476.9362575
attempt,-0.104805159776,-26889.5443545
ashamed,-0.104762987928,-34993.9163141
was-deserted,-0.104043743349,-211698.697225
was-telling,-0.103421104378,-9392.0337706
beginning,-0.103273962071,-26281.360344
kissed,-0.103162128381,-8707.10818383
wont,-0.103097295802,-22013.94863
conviction,-0.103078839345,-64378.879152
was-finding,-0.10284188167,-260344.126206
was-slapped,-0.101897726338,-158849.230164
was-appalled,-0.101520178664,-1310528.04657
demand,-0.100583337626,-67575.0883454
behaved,-0.100252649147,-40332.0302537
written,-0.100195844739,-9299.86875513
pick,-0.100012763133,-41172.5001413
was-worry,-0.0996495770899,-145435.199414
departure,-0.0996472897327,-14424.9880505
was-recognise,-0.0995158419145,-48200.3826193
plate,-0.0994692446339,-23746.5865005
was-like,-0.0993063020175,-9387.15577204
composed,-0.0990798456225,-120836.436591
impatient,-0.0982493836092,-445992.89041
fire,-0.0978156610584,-33074.3413619
goes,-0.0975328733181,-9755.88594648
advice,-0.0974925414884,-15631.6990797
was-supposed,-0.0974711698597,-45873.9022752
wealth,-0.0974409097122,-13964.9614983
line,-0.0972376441712,-54568.7971556
wondered,-0.0968945274588,-5761.04733157
return,-0.0967991728545,-8718.15188915
shown,-0.096690709731,-34554.4768345
assented,-0.0964853123576,-31276.2097338
statement,-0.0963069824163,-64341.8932684
was-oppressed,-0.0962768164824,-114740.991504
was-received,-0.0961368286538,-32047.5565325
acquired,-0.0956100502443,-83722.0211996
peace,-0.095038840231,-38408.402952
clutched,-0.0948177996995,-41480.2772823
'll,-0.0947127772507,-9500.3523131
was-turned,-0.0946932658494,-13465.8994151
shoes,-0.0944074330242,-23648.4880245
desires,-0.0942952634171,-247355.53885
questioned,-0.0941919460754,-18102.8091429
accused,-0.0937069111334,-61053.3678809
was-heard,-0.0934944819445,-10762.4799108
ejaculated,-0.0934474033091,-59865.912522
want,-0.092909983031,-2547.81552063
was-covered,-0.0926110855419,-148293.992749
touched,-0.0925963531097,-16018.0966125
seized,-0.0920503591583,-14803.7071324
was-has,-0.091486284326,-37456.0202157
set,-0.0914664014253,-4047.438477
was-pulled,-0.0912334345959,-13636.8812376
guide,-0.090478131344,-59402.4723615
request,-0.0901333338121,-31588.1039296
was-announced,-0.0889170580009,-28011.6861326
hesitation,-0.088718741488,-405848.297935
expression,-0.0877561089667,-16780.3025308
signed,-0.0877224838562,-27046.6399699
served,-0.0875560028149,-17533.0266637
extended,-0.0874143724847,-27479.3430535
expressed,-0.0872123310632,-14463.7027847
pupil,-0.0870277112208,-144779.032132
trying,-0.0866407549605,-6749.46668239
hesitate,-0.0862547784906,-115520.207779
was-getting,-0.0856195050863,-56080.2528821
was-advised,-0.0850491401553,-19161.0660651
was-welcome,-0.0845917737262,-60486.1447677
wants,-0.0839989483905,-3764.34621645
affairs,-0.0834171114257,-29449.5180524
was-ignored,-0.0834035372678,-1012162.51786
yearned,-0.0833513519342,-57985.6719304
eyebrows,-0.0832963392355,-13284.8264253
was-queried,-0.0829678229045,-82158.2304606
was-follow,-0.0824846868518,-14982.6824758
education,-0.0824005331693,-19803.1461676
best,-0.0822752616803,-11828.038144
age,-0.0822034593601,-9592.74579352
persuade,-0.0821372865958,-51523.2258552
was-raised,-0.0820854300996,-54687.5337802
past,-0.0816991144149,-48897.2043718
shrugged,-0.0815419920619,-10810.4564913
enjoyed,-0.081481327725,-18906.1270879
was-save,-0.0813506445223,-12749.3066515
was-shown,-0.0811876063917,-57869.2538871
drink,-0.0811615531796,-29321.8246554
adjusted,-0.0811553081282,-42313.6675179
envied,-0.0811381430717,-97831.6138047
supposed,-0.0807899506913,-17051.6682548
was-awakened,-0.0803134467071,-126686.847886
stir,-0.080292703082,-96445.8182768
holding,-0.0792515495784,-21515.826762
formed,-0.0792271333868,-156353.936064
refuse,-0.0788022327749,-248086.376786
activities,-0.0785773079928,-104398.219047
vanished,-0.0780746905019,-29112.4229448
try,-0.0778763720727,-7371.8755524
was-lead,-0.0774354358084,-45852.6319268
outfit,-0.0767032544801,-61183.2287299
fury,-0.0763226460385,-33633.3820223
property,-0.0762813419905,-64252.8324462
was-driven,-0.0756301597187,-38194.4634725
failure,-0.0752695414614,-32354.5238897
were,-0.0751169725344,-2473.52434052
allowed,-0.0750342740766,-8439.70961859
dared,-0.0746647822056,-12009.1527907
was-terrified,-0.0745224096726,-141544.146486
was-accepted,-0.0737655528647,-18466.1769745
opinion,-0.0736745190604,-9318.29023833
was-convinced,-0.0733467534233,-12815.1032717
stooped,-0.0732237273954,-13625.4252118
was-rejoined,-0.0726341627469,-53090.2364302
freed,-0.0723753421459,-61442.4031663
garments,-0.0722520373799,-42348.1197663
was-resolved,-0.072076429285,-159466.352228
give,-0.0713925230888,-3305.99739365
memory,-0.0709997069603,-20693.1499561
stare,-0.0709183491277,-147656.78514
knee,-0.0707921541266,-14556.2458987
was-threw,-0.070751937742,-14251.0585611
cousins,-0.070575194804,-27345.5315006
cue,-0.0698776538674,-59816.3870412
die,-0.0698414624348,-4879.22650089
was-caught,-0.0695346896466,-8761.48059047
forgot,-0.0692430977177,-7027.5132164
acts,-0.0690904257774,-20028.6685851
was-walked,-0.0685213623226,-193087.096597
looking,-0.0685210334723,-4530.94527002
indifference,-0.068515038631,-1534195.66059
vowed,-0.0684322830434,-36456.3607157
bring,-0.0683113355001,-8802.15971414
drank,-0.0682884658122,-5947.12217594
doubts,-0.0682380840567,-27788.7750877
carriage,-0.0675784028526,-16251.6468788
flashed,-0.0675171948558,-17648.0340485
refrained,-0.0674183128954,-111911.401865
neighbour,-0.0664451912682,-19583.3289307
was-annoy,-0.0663603699784,-58627.3905348
book,-0.0663156349115,-8357.22962776
paid,-0.0662450186274,-4920.12607914
was-meet,-0.066153091026,-3684.95977468
was-questioned,-0.0657293903079,-15944.0941864
stay,-0.0654601967875,-4748.0229054
spoken,-0.0653772482684,-8048.1515631
palm,-0.0649236761434,-113951.26752
weak,-0.0648447679667,-41362.0968563
built,-0.0648379061146,-19888.1703237
settle,-0.0645612411413,-37671.4744958
was-understand,-0.0643260766889,-11718.0113245
deserved,-0.0639232805754,-32561.7290017
was-console,-0.0639071134517,-40129.1177994
detected,-0.0635525389715,-322111.553451
accustomed,-0.0634441806234,-40621.5518473
was-want,-0.0630080303968,-8174.1694544
passed,-0.0630004109657,-3072.6391311
irritated,-0.0613163148645,-1700069.509
umbrella,-0.0612081093002,-194379.589702
was-charged,-0.0609909717563,-13711.0774846
marvelled,-0.0607316459909,-30959.5394424
was-showed,-0.0601519740534,-31198.4025116
emerged,-0.0601083043894,-18729.1098092
worried,-0.0597718629575,-69190.8045549
was-facing,-0.0591554919396,-25684.5358591
was-assist,-0.0588591117076,-24749.8181486
was-been,-0.0582943302168,-20203.7355517
recalled,-0.0566511986759,-12470.0173659
regained,-0.0563948123297,-164052.040391
manners,-0.0561095267818,-24846.7281183
finished,-0.0558594221249,-1947.04606217
manage,-0.0557632650293,-22354.9627491
keeps,-0.0556175713508,-12225.2401197
unable,-0.0554711503366,-11642.9100481
was-baffled,-0.0548317240391,-484453.68314
wanted,-0.0548211377105,-672.246769797
longing,-0.0543044627978,-194346.237416
need,-0.0542354765678,-13150.5254769
replied,-0.054183048248,-649.416267227
watched,-0.0536911477488,-2524.11824375
attention,-0.0532478308237,-6184.24119363
serve,-0.0532178589172,-24986.6021014
happened,-0.0530216921252,-18433.7005853
was-kept,-0.0529066722488,-10044.6738237
habit,-0.0523174370229,-13322.7903072
strong,-0.0522660253299,-28279.0076531
pace,-0.0520980684388,-56255.7571341
was-picked,-0.0518951201731,-11956.9399082
packed,-0.0518281546481,-80226.168182
fixed,-0.0517492363034,-32000.7148982
ancestors,-0.0514533922438,-11429.1710585
frame,-0.0509738407727,-26536.6341209
was-liked,-0.0509696310005,-5499.04969173
regarded,-0.050649118828,-5530.37213891
was-taking,-0.0504826278301,-11271.8218056
was-carrying,-0.0502953033134,-12536.5914228
lack,-0.0501930374983,-23663.1762466
studying,-0.0499790386179,-16516.1855561
acknowledged,-0.0498067614226,-15758.774327
handsome,-0.0494478832586,-11656.4470519
was-question,-0.049253174334,-26772.422792
was-saw,-0.048768440517,-1706.71112129
was-send,-0.0481904075054,-3478.97920466
was-leave,-0.048085665289,-5036.63842604
brave,-0.0475827057046,-16685.9920539
wriggled,-0.0474842755383,-186997.613088
queer,-0.0473335608653,-125998.518202
seek,-0.0469701798152,-69838.8799247
was-offended,-0.0467472860098,-74695.5809138
offer,-0.0463804833784,-15082.3160043
ambitions,-0.0463234322636,-75805.0268793
was-stood,-0.0457539529318,-7635.24898037
stiffened,-0.0453818433857,-35686.6905012
burning,-0.0452497762303,-15682.0229387
tried,-0.0449523794886,-1183.89486032
reasons,-0.0446033376832,-80601.9792201
was-failed,-0.0445514289504,-29147.4673512
assistance,-0.0441064270976,-19382.5595212
tramped,-0.0437238410582,-133155.379697
was-made,-0.0434879645387,-4913.46178314
was-disturb,-0.042914700356,-22314.0867823
books,-0.0428777621614,-30524.4254812
arose,-0.0427664222555,-8638.13198862
was-warned,-0.0421044454197,-5387.13508877
was-preferred,-0.0420516049557,-93653.2400521
temples,-0.0419129533335,-19270.1993487
success,-0.0417930284338,-7764.99237819
played,-0.0417140563931,-3865.96344636
faculties,-0.0414617857922,-23958.2692534
slapped,-0.0413103516027,-10730.4635327
eagerness,-0.0409492880268,-63406.3523022
was-stirred,-0.0406294955551,-39596.4682212
reply,-0.0403912431626,-4372.88015033
make,-0.0397997349515,-1184.90352213
owed,-0.0389008263953,-31634.1965921
raised,-0.0387603353594,-2354.96975635
meals,-0.0379458829504,-73389.2717601
favour,-0.0378255735382,-18010.8533596
patience,-0.0370291759285,-30632.3838809
brushed,-0.0363929409348,-19302.6472744
leaning,-0.0363589468519,-28237.3977052
takes,-0.0360503150961,-5329.2065893
ready,-0.0358813990648,-4072.44717552
money,-0.0356040082437,-1581.52060692
save,-0.0350461636261,-17925.6377063
piece,-0.0345599662875,-159795.671343
attended,-0.0332456489631,-29950.251727
closed,-0.0332225389396,-2907.93092259
confessed,-0.0331680869811,-6329.47947055
speak,-0.0328461925094,-2522.91156445
was-tired,-0.0328405469075,-11374.1731011
glance,-0.0321925457082,-4985.85998966
drawled,-0.0321914872828,-18826.9164498
judgement,-0.0321666204331,-18350.8810588
nails,-0.0320492199506,-19381.271544
was-please,-0.0319196829307,-8199.22603662
nice,-0.0316669052659,-6102.52897232
seem,-0.0308640981412,-4949.52176924
rapped,-0.0292169453466,-10872.7529149
was-come,-0.0287296209368,-5291.10490151
possessions,-0.0286939568721,-60499.2333718
locked,-0.028124637963,-16140.2044646
was-paid,-0.0280198489519,-8997.80762792
preparations,-0.0277726918866,-92283.9534449
rushed,-0.0277513928127,-2976.5010772
defended,-0.0276375875545,-10571.4620874
was-marrying,-0.0275722866607,-38029.6609376
consulted,-0.0270940873813,-51268.9931599
was-move,-0.0266228116533,-18377.2110504
firm,-0.0258981960646,-83651.3109862
was-permitted,-0.0256612187094,-15886.9993093
buy,-0.0255527347465,-15085.1004259
is,-0.0254796852817,-156.308743828
coffee,-0.0253943621273,-13054.7801729
was-need,-0.0252261284926,-7536.97038287
was-convince,-0.0242285356195,-9291.94229143
was-forget,-0.023931738146,-7550.38473472
does,-0.0237864403506,-1100.74075221
was-thought,-0.0237631971321,-5519.9069469
was-laughed,-0.0235722103571,-12980.8892525
relaxed,-0.0235036754226,-119517.772081
put,-0.0232723886485,-363.028340878
show,-0.0228917125481,-3599.2240195
recover,-0.0222031605035,-12707.0769867
purchased,-0.0221308197217,-43297.9540691
health,-0.0220182482759,-2018.27918997
was-studied,-0.0214381710401,-24034.0322876
puzzled,-0.0208824214474,-287498.804009
balance,-0.02088183734,-9312.72783989
was-receive,-0.0207267979154,-9219.91861315
fetched,-0.0205649666059,-31280.4849039
congratulated,-0.019527386059,-220264.168434
illness,-0.0193360145683,-12964.3094499
rejoined,-0.0183996163955,-3973.30922369
was-served,-0.0183139492715,-5450.58899624
was-suggested,-0.0181164978372,-6043.57533337
vanity,-0.0181123102761,-63035.2087803
raise,-0.0175661012513,-9930.72019929
loathed,-0.0172388844777,-29924.0017851
lifted,-0.016961843025,-1748.63715804
sound,-0.0168090696741,-66443.718271
attempted,-0.016601941165,-4330.45795559
was-compelled,-0.0158574320278,-6778.72119404
belonged,-0.015740433799,-6853.84867543
promised,-0.0157057277219,-1324.95227598
was-overcame,-0.0154740087822,-171965.031009
eyelids,-0.0152717014537,-5541.61617521
busy,-0.0148438286253,-2188.15367689
loneliness,-0.0145631251385,-11615.9739037
neighbours,-0.0138691633068,-4923.09864485
wrist,-0.0138095174239,-8519.79455536
landed,-0.0136881354373,-7741.92637224
pain,-0.0127947794906,-6492.78235433
ignorant,-0.0127745681358,-165995.437472
lived,-0.012620077023,-316.997621545
snatched,-0.0124341494461,-4829.98582812
was-make,-0.0123499564772,-4862.56412249
entered,-0.0120836009574,-468.54477002
expect,-0.0120479294346,-5580.1697054
was-remind,-0.0120002602203,-5095.91768893
gives,-0.011925452704,-4925.59133769
assurance,-0.0108540029188,-68115.6215897
was-began,-0.0108293414465,-2786.46408249
prayer,-0.0107681463859,-16569.7180454
surveyed,-0.0107341637003,-8489.44553668
devoted,-0.0105536270938,-8282.78676036
talking,-0.00982477187084,-601.821945263
forgave,-0.00960285736337,-13355.4694138
wrapped,-0.00908788496301,-4967.00269853
leaves,-0.00882128160069,-2525.77894507
learning,-0.00814489160168,-17872.9978655
plan,-0.00807578622242,-2915.19522053
lain,-0.00789073007182,-2999.18619922
was-tempted,-0.0077275749187,-3095.17817382
was-reassured,-0.00767935659259,-4350.84813698
mean,-0.00737649836834,-1242.0540439
suffered,-0.00612072700232,-1229.90415291
craved,-0.00582084024182,-14573.1254725
fail,-0.00570046742578,-8169.11866197
play,-0.00555212967642,-669.639860716
indignation,-0.00553630472741,-5995.14583579
hero,-0.0052127183027,-7064.07520988
was-disgusted,-0.00504067055682,-16422.9044214
was-given,-0.00495833765256,-585.693394803
was-leaving,-0.00495282709284,-464.805600179
ear,-0.00465068119682,-418.740840821
moving,-0.00432022413471,-2849.10913957
permitted,-0.00419825649309,-950.570313749
invitation,-0.00407179160725,-1213.30228693
placed,-0.00378941029173,-340.209434945
was-murmured,-0.00366675065175,-625.470177773
roused,-0.00263251536425,-1267.78967515
was-determined,-0.00229562724673,-420.232572149
dropped,-0.00213191650955,-120.348834357
efforts,-0.00211239565409,-427.49545923
startled,-0.00204129062294,-1651.12955429
appetite,-0.00201228334322,-2645.71679113
decided,-0.00199455039712,-100.165588899
was-accompanied,-0.0017817680297,-1249.56393323
older,-0.00173568653179,-710.691140663
step,-0.00172137982565,-538.498545008
stayed,-0.00170451184681,-354.603634668
jerked,-0.00168747416321,-821.088632351
deceived,-0.00123899968347,-1577.30326167
forefinger,-0.00117451421058,-1838.55090566
was-interrupted,-7.21088165996e-05,-47.3040458636
was-answer,0.000314656002345,203.67404821
hastened,0.0011143703521,217.726598262
name,0.00116871137942,27.3338443594
concluded,0.00135227730444,105.770746827
betrayed,0.00147195160861,3417.30181109
declined,0.00226749867994,2664.62497216
was-ask,0.00235428285178,63.0997009112
stomach,0.00251175956138,685.631366281
shyness,0.00263417080062,15046.8102576
agony,0.00272242180163,1531.83815606
indicated,0.00287206594456,721.541004334
determination,0.00302296070021,2108.33184671
discovery,0.00384930980758,1325.48419333
was-forced,0.00426161322654,1123.25046036
lives,0.00446687157305,356.124520187
feeling,0.00513514631979,899.479791574
shoulder,0.00531688210134,238.163923877
conduct,0.00541536322327,3380.05210106
was-written,0.00552906330315,1231.90683644
compared,0.00556106343408,26115.9484755
tired,0.00631476472128,2238.34429789
ceased,0.00644195822238,1009.39651938
belly,0.00674310504513,13116.4400732
reflected,0.00674313804964,1373.67739561
burden,0.00705011771156,8953.21518237
marked,0.00740949640117,10110.1179992
regretted,0.00775850649138,7285.22423072
carrying,0.00803189682713,1296.48673148
crazy,0.00804687681723,2554.86636071
chances,0.00818051518521,13833.8739097
existence,0.00823889337502,3411.41723181
dignity,0.00853261941001,10619.6774928
was-played,0.00892102410356,4863.66212351
died,0.00903140412255,216.06262076
hearing,0.00948769776009,7837.53503027
emotion,0.0099866908305,3823.81834859
desire,0.0102507804409,2225.95333915
fit,0.0102827797034,4244.89463691
personality,0.0103457050537,3015.75365892
mad,0.0106155317743,3342.52798553
reward,0.0110246067525,8698.71766913
emptied,0.0118942470814,23340.3744574
hanging,0.0128494332103,5576.80648489
longed,0.0132207309697,7894.87212904
curled,0.0134614805191,6147.78776675
appearance,0.0135709400277,1556.0760718
frowned,0.013916410603,8002.0865622
quick,0.0140951878843,3376.28965651
choose,0.0142247677074,2716.59873062
ducked,0.0145800997651,15687.4738755
filled,0.0148414870408,2280.40365697
command,0.0151429899334,5493.65967585
s,0.0152390223619,447.921679583
twisted,0.0152733459334,6806.1249654
happier,0.0154544465,173367.561356
saved,0.0154632485133,6130.49278852
was-tell,0.0158017646316,201.276911392
was-helping,0.0163649659764,8470.85578712
waiting,0.0172079208167,903.533797349
method,0.0173121943022,19101.2130928
slip,0.0175907078163,9944.24622691
proud,0.0177397903298,3044.19921716
was-faced,0.0180349807575,3755.53759385
swallowed,0.0183372644887,13325.1994972
short,0.0190351156837,13118.2008866
add,0.0191529867546,3348.41744972
remembered,0.0192837235892,669.242259424
body,0.0194230276462,598.984856244
leading,0.0194672254346,5471.60501831
motioned,0.0200522791295,8009.53081375
table,0.0201563329362,4434.47099157
features,0.0202337159258,2789.80895265
dismissed,0.0207415966908,9438.06494882
was-regarded,0.0207441339242,4312.68471063
greeting,0.0207619696442,15173.0649812
struggle,0.021118844213,12132.9950025
introduced,0.0214982549705,7721.9660492
kill,0.0218543283232,8702.89360849
was-pushing,0.0223466608905,104095.818066
painted,0.0225651879767,7247.87800915
exchanged,0.0231080780657,18194.7873458
was-bringing,0.0232554181686,17069.8137484
trust,0.0233758755644,5635.78991184
was-seeing,0.0236674889713,3579.6413902
was-dazed,0.0238706434351,361411.225364
taken,0.0239152812556,1084.36273961
shook,0.0242426663683,563.491780636
was-drive,0.0243314321215,7191.28228202
days,0.0243337484484,2471.3550754
ate,0.0245232300333,5628.48848055
freedom,0.0246902586687,15936.3856843
satisfied,0.0252363505252,22941.6493
was-reach,0.0253575340107,9082.4219128
hired,0.0256414240205,17335.9085157
dismay,0.0265703820026,61255.3362192
knock,0.0269096000019,93470.4062445
claimed,0.0275981679581,6993.33661046
relations,0.0280134676889,6463.51167065
was-noticed,0.028348550142,15352.1292333
say,0.0290506989869,507.15676304
air,0.0291971699504,18762.6402365
style,0.0292476821738,16008.084084
studies,0.0298533446498,5338.66232612
pursed,0.0301283649531,95751.150008
run,0.0307817191802,4463.44675362
one,0.031010384608,5076.62766165
visited,0.0310863239751,9865.44417738
was-surprised,0.0314675297326,4503.19726304
was-fascinated,0.0315997672389,20315.3570793
complexion,0.0317425176365,16179.4724557
possessed,0.0318731755195,2833.90287898
was-was,0.0320556517528,12070.6026563
resented,0.032257180891,30686.4130566
gratitude,0.0327159313932,38959.9768195
visit,0.0330904995782,3362.89169533
speaks,0.0333416006513,11790.6502786
own,0.0335247787587,1351.04505618
was-destined,0.0337220991055,124084.75279
was-protested,0.0341069232877,19170.4388874
was-added,0.0341456013571,5466.1724649
object,0.0343487592912,6944.35752923
fond,0.0349240496062,3912.43536501
passing,0.0355674109346,23509.6715491
stand,0.0358351653015,3243.06130713
watching,0.035869901949,6057.18450315
recall,0.0358895953623,43735.8785962
cards,0.0367753558162,21787.7242206
reflections,0.0369339769449,50379.7128901
writing,0.0373444453987,8743.49286337
losing,0.0375970843833,213686.959626
wait,0.0377840800213,4685.67482261
fly,0.0379203377212,33385.8967939
contempt,0.0392227316115,35717.7153049
was-obeyed,0.0393622330704,423133.117881
quoted,0.0403972905344,64958.3607973
terror,0.0404139499987,29756.8967257
denied,0.0407062150899,19486.5985144
was-look,0.0416757326131,10763.076089
was-awaited,0.0416953270316,37515.5297836
view,0.0423129933465,14327.8735003
dance,0.0432266535558,5026.28044475
courage,0.0432293696199,36503.7856618
yielded,0.0432416566149,18383.4571426
paused,0.0433361299823,2653.51881238
practised,0.0435401879451,112240.795374
understand,0.0438475081181,2581.36060604
searching,0.0444654249386,82425.029892
was-cheer,0.0447507689082,48409.101178
prisoner,0.0453415054864,67224.4388905
was-did,0.045452372243,8757.57267203
pull,0.0454849978055,15784.8535543
drew,0.0455926970001,2496.05242608
heard,0.0459271480115,631.053199421
was-wanted,0.0459902590698,7203.93395748
was-haunted,0.0469854653508,22508.4349436
summoned,0.0470874846005,11416.535159
feels,0.0471552529657,18640.465877
collected,0.0472349895259,29163.2125975
sit,0.0477358573192,6446.83425918
adopted,0.0481401012241,56132.1866366
descended,0.048584286839,12934.0619085
was-summoned,0.0491649607179,19401.0440123
was-cast,0.0497012540199,173501.825256
neck,0.0497825874095,1945.83715833
checked,0.0499666298483,19830.7366399
growing,0.0506000628065,20311.625507
was-missed,0.0512779634519,19242.2372143
was-lift,0.0518060826752,35689.2477147
resentment,0.0521488889734,157784.307982
had,0.052355692744,101.106065576
was-hugged,0.0528186338067,824716.379047
dressing,0.052926924808,159320.83153
whisper,0.0529703904778,30692.7294465
surroundings,0.0530224972889,37743.2316547
teach,0.0531645213316,19047.0969915
intentions,0.0533616267958,60449.4717569
occupied,0.0536969752353,21997.4961708
imagination,0.053832667943,18351.1066869
ended,0.0543956359543,17580.7458748
pursued,0.0545738006837,11627.8964522
bulk,0.0550680997103,29320.6936243
was-show,0.0550834572644,18946.179845
submitted,0.0551686114249,145295.755092
manner,0.0557769694766,3042.24146698
hurry,0.0558302901181,64551.3496818
was-put,0.0559151487136,2121.44225263
doing,0.0560829179043,2514.10503805
evaded,0.0567284088468,505898.839625
was-amazed,0.0567949721844,22776.9644523
ways,0.0567971437879,10841.6835364
was-see,0.0575424030422,555.261980949
was-needed,0.0577830872765,97957.8482446
succeeded,0.0593168727467,17239.9749773
triumph,0.0601720115562,38792.7009188
likely,0.0610450395497,20789.4644293
doubted,0.0631008634943,62323.6948292
worshipped,0.0633167859896,41155.2482805
was-satisfied,0.0633624554718,24923.4986542
card,0.0634053443984,25532.52352
suggestion,0.0638057422281,29523.3212772
was-prevent,0.0638419647686,25018.202158
affections,0.0645973368508,35137.7843662
interposed,0.0646810782384,32609.7754502
was-having,0.0650817678109,57804.875915
discover,0.0656661333833,167034.671948
was-met,0.0656808402082,1497.55574754
relieved,0.0660925144478,48850.1873221
surrender,0.0666311465301,188366.380455
was-repeated,0.0678950767398,42592.3565837
gulped,0.0681915863522,132138.466401
world,0.0684917189561,15503.5753144
know,0.0689896914822,908.883107318
was-greeted,0.0695607861701,24858.8679715
was-thrust,0.0697137525393,63427.5806052
devotion,0.0697471284612,22698.8386514
attached,0.0700496227583,72790.2573967
stranger,0.0710218979866,267618.504237
assured,0.0711031844524,6162.39006901
visits,0.0727131374146,36203.6196446
shared,0.0728199025106,31728.9224273
nursed,0.0731033074359,57903.1872878
was-held,0.0736741158989,17101.1912235
was-dressed,0.0737229949788,8290.60605722
ideas,0.0738132985934,27707.1485091
year,0.0739074846453,18331.6110785
carry,0.0741989318661,10973.3997329
carried,0.0747022050048,5521.40154614
quiet,0.0753700574694,64373.04726
nerves,0.0756328170314,5161.7200994
asserted,0.0760415768547,21783.8887713
declared,0.0764506880259,2362.72700567
judged,0.0772893673442,75757.4155637
loves,0.0777913032557,9556.59609397
break,0.077955453003,36469.7325744
calls,0.0783862304772,18168.3950447
grown,0.0788542702447,8841.13116098
dwelled,0.0791714869119,39379.1064416
cross,0.07919827839,13357.1007313
bones,0.0792497731609,35129.0937522
agree,0.0793140295099,31521.7197626
notice,0.0794537717196,44332.964172
house,0.0798304695505,1339.90519467
patted,0.0805552306207,22902.7053308
counsel,0.081160267899,74804.2440734
invented,0.0812480905307,87354.7337242
wished,0.0813298647093,4720.43021591
go,0.0814241815959,952.846291825
hunted,0.081532707729,116345.863656
disgust,0.0825878230009,62107.2374238
departed,0.0827254765407,14356.260424
was-roused,0.0827666725384,118102.396637
explanation,0.0829083298946,71199.1653278
feel,0.083013203563,6774.42350582
measured,0.0832684225883,230447.205835
reasoned,0.083299390139,4290116.98314
was-placed,0.0833121914228,16569.5681576
strained,0.0838391473574,38170.9928667
approval,0.0838567808031,34481.2386578
appreciate,0.0844719897688,52226.9184026
was-troubled,0.0850285387505,58760.7128081
was-avoid,0.0857367683246,147848.553379
picked,0.0857868080259,5674.07640464
opened,0.0860327689975,2649.37427442
flew,0.0862078764846,20805.1644879
was-kissing,0.0862725538953,81854.6399316
conscious,0.0865287339919,28492.8300139
lay,0.0865295287038,2923.40489113
was-reached,0.0871819229941,21089.3117046
commented,0.0874993192174,14643.7307946
struggled,0.0877579051582,79966.8233184
decide,0.0878450355903,39191.7382836
was-recognised,0.0883425111953,20709.3527843
relatives,0.0886640893574,48208.6869488
apologised,0.0896604920105,22072.2509445
pay,0.0898255305368,9969.26352322
was-approached,0.0899369235641,25002.0459923
delight,0.0900066668857,61788.9446218
lacked,0.0904878287421,33720.4717431
affected,0.0906668340656,49794.911836
ability,0.090691127729,32132.9958123
driven,0.0915169322212,83646.7060664
rested,0.0916334987578,42468.8225367
was-choked,0.0918494973964,205366.434724
snapped,0.0920213339866,24473.7119503
was-watched,0.0921478550556,7961.10958133
tasted,0.0926480125151,191878.650482
buried,0.0928253663761,22596.7850088
risen,0.0928330407995,41959.932103
was-retorted,0.0937042525402,26512.0102854
wandering,0.0939935876988,113761.149426
don,0.0942162947883,35605.3747361
lift,0.0949802132867,68027.268038
was-astonished,0.0958852599429,67302.2863674
tripped,0.0958882204834,154709.074732
implored,0.0958961215692,149190.457881
selected,0.0959679885842,43352.647254
regret,0.0963987544538,68919.1477827
throw,0.096524042119,63392.8722261
greeted,0.0967199924707,16859.1040228
wish,0.0970325998317,17248.9594284
confided,0.0971019501792,25065.8120789
lowered,0.0972159081285,13616.9432052
was-finished,0.0973960686102,172293.656513
notes,0.0980366590728,170394.205765
helped,0.0981952251774,12266.264256
was-treated,0.0983088821826,43180.5657016
was-patted,0.0987036481858,84682.6396426
teacher,0.0988901393157,23610.155585
mission,0.0989561029632,52042.7278635
commenced,0.0990350643836,87340.4138238
was-help,0.0993541821298,5310.35870236
ask,0.099756245761,9785.31959004
strove,0.0998634872308,381506.750379
heaved,0.100371048558,62583.7549514
weakness,0.101199731605,75666.3676115
received,0.101496644663,6075.51720415
panted,0.101753292462,111248.121587
like,0.101998717206,3414.3675298
described,0.102570103144,22844.8757872
following,0.102701049697,45871.2760473
obtained,0.102822970996,115802.33509
aid,0.102956312591,47799.3988659
treated,0.103173339382,40756.6455756
foresaw,0.103946748957,219674.891041
was-exclaimed,0.104718955562,6238.36892493
was-support,0.105140936443,112140.725892
listener,0.105895020023,822398.097714
daughters,0.106660106428,25126.4477219
was-love,0.107193585032,5211.46419248
sleeping,0.107280879979,63337.6564244
was-ai,0.107283880033,47488.1608319
despised,0.107748068234,23255.4907211
lip,0.10781203892,20075.398606
explained,0.107868566239,2874.67709427
was-persisted,0.107961360426,133571.173533
was-confronted,0.108068159862,76787.1867663
asking,0.108316766333,34983.4725631
was-implored,0.108503002467,942547.358257
was-confused,0.10866039875,46227.0594714
resist,0.108923536754,117806.010267
late,0.110153882103,120831.630069
widow,0.110945504836,76146.4329258
services,0.111648190898,62504.012317
rid,0.11231097374,2964552.36073
lie,0.112389248539,34128.544487
noticed,0.112829603313,6213.11680791
was-hurt,0.112956806907,17397.839514
thanked,0.113241806926,84459.4329712
was-watch,0.113285421282,29562.7149935
ventured,0.113477812275,41015.0022637
seeking,0.113554546112,155653.322294
toes,0.113897513112,82400.209072
receive,0.114239571819,30574.1300667
credit,0.114357829435,21907.5954789
requested,0.114887693711,81121.5888537
was-assailed,0.114969585264,359790.333854
was-seen,0.114982607036,3310.09101931
mine,0.115110477835,252595.233629
instructions,0.116011844462,92099.2923179
servants,0.11607801338,82409.4906103
talk,0.116139067186,14023.837521
theories,0.116742248281,73533.7263976
was-concerned,0.116802873033,64939.718039
argument,0.117308444963,169186.760344
was-pass,0.118060548407,118611.239111
seen,0.118065395656,2441.44416297
was-gasped,0.118658242133,22782.0538435
demanded,0.118696117317,11367.3837105
was-persuade,0.118703733435,20705.2657588
chosen,0.118820711037,57104.589202
prevent,0.119131210175,765980.99601
bound,0.119256452439,59281.2830681
image,0.119297294822,149794.832435
eating,0.119708637278,48648.2178431
announced,0.119894815566,9017.13224652
wheeled,0.119965751927,51583.4521939
keen,0.120317426472,58975.2639796
wrists,0.12048434823,58967.1616563
shrank,0.120812527968,111149.648918
beat,0.12111793013,36719.5063777
rest,0.121176224143,46738.3703913
urged,0.121243683764,11330.7841911
gloves,0.12232063699,110866.355336
disappointment,0.122358701547,112626.277525
slow,0.122477477819,45340.6503067
threw,0.123050837411,6107.50552259
times,0.123060204699,25213.6653778
was-locked,0.12323434483,70981.5830719
control,0.123477475163,76064.5272133
pronounced,0.124204762501,28464.3176662
gaze,0.125635665124,29232.9257577
taste,0.125649863466,59009.848618
station,0.126224787675,77231.4712476
was-spared,0.126431212436,59947.409967
arranged,0.126726114378,35174.5730119
dislike,0.126728451428,668405.67026
approach,0.126754750562,48889.9920122
robe,0.126756710968,108714.878919
lingered,0.126769778768,123282.458627
experiences,0.126919939823,72127.6138674
did,0.127065412544,1455.33034646
clear,0.127255687094,91428.1072335
endured,0.127307050959,80414.3686683
learn,0.127445221156,40600.5091846
same,0.127460079931,49611.4806795
joined,0.127483499213,11903.1260386
returning,0.127824851396,165856.69162
state,0.127956392761,175747.491735
warmed,0.128178448611,295003.697372
gesture,0.128369276536,961377.652388
works,0.129643838707,158432.164899
was-discovered,0.130345785831,83747.3456948
was-blame,0.130406871702,30841.4831358
grace,0.130905934455,12823.6156571
capable,0.132305267426,75141.404304
was-surprise,0.132638465135,290695.946764
effort,0.132734935204,235249.791814
history,0.132739840622,60084.0617824
stumbled,0.13302326331,61473.6835742
gotten,0.13313847175,57808.8379756
swayed,0.133557891288,124111.357381
interested,0.13383021296,28201.9045587
decision,0.134367684027,106033.73545
echoed,0.134495576264,239189.055863
was-fixed,0.135088785935,164115.06598
suggested,0.135261719541,8257.25683809
handwriting,0.135310325793,47754.398035
self,0.135751764644,36362.9125918
was-sat,0.136413827552,23231.0055053
reverie,0.136717738557,350209.934299
trembled,0.138145164274,62404.7437336
lonely,0.138920643348,69301.5013896
behalf,0.138985181174,77573.5665413
was-embraced,0.139461419709,494435.303503
forced,0.13966219195,47130.3052419
becoming,0.139940756606,151341.613952
preparing,0.140029870716,138514.347527
poor,0.140066763654,109527.340906
sniffed,0.141406487463,32813.1783036
presence,0.141708397638,8578.39053318
was-swept,0.142485724844,200102.980182
amusement,0.143481297533,263552.36541
withdrew,0.144105772627,38581.4370503
soul,0.144141403911,12432.6214066
nervousness,0.144379942466,465450.224735
surprised,0.144634646941,32525.0884718
moment,0.144710276033,127126.931791
tongue,0.145396799997,19969.9423362
gone,0.145506017585,2629.26180595
gathered,0.145969731754,19377.9425176
approved,0.146294533638,95206.4883897
poured,0.146612219778,17016.4659189
hates,0.147089216989,51545.0584547
angry,0.147426103306,46319.7726553
response,0.147732657673,123183.200893
removed,0.147876221729,36314.2793113
was-have,0.148087676269,5951.04949206
was-bound,0.148310666218,67636.7059459
comes,0.148458885187,9048.83820282
entrance,0.148513288321,48840.6367438
was-allowed,0.148642827552,57849.3440721
suspicions,0.148662065655,21613.2033675
confidence,0.149255370691,47909.2141857
news,0.149334441009,73866.8809843
difficulties,0.149441219826,612067.988543
path,0.149489646536,76826.0009786
was-soothed,0.149512436775,163151.692722
honest,0.15024867629,254167.646655
hesitated,0.150569828282,14035.9428052
grow,0.150700650137,77823.0458089
amused,0.151307639079,95387.151825
settled,0.151955608876,21337.011666
trunk,0.152062421416,100243.35468
divined,0.152213393604,378408.20189
connexion,0.15268094144,76027.7611035
fled,0.153245965958,26466.5437824
was-addressed,0.153279743137,60884.0162514
sank,0.153432465712,24861.0472052
household,0.153738022701,60167.7536276
despair,0.153820155971,1260702.91562
innocence,0.155049398276,91540.4415787
was-meeting,0.155723078302,85169.4522969
enjoy,0.155886307829,230398.691724
old,0.155978883607,10684.7552076
was-marry,0.156019224241,8250.21204275
energies,0.156044387805,441090.628755
hid,0.156478348836,66255.4900861
lessons,0.156594645171,46713.9051195
was-escape,0.15703991587,93759.2196202
pass,0.157087617513,19645.6222638
was-dismissed,0.157194296298,184998.197284
rescue,0.15782451329,59711.7344562
laughing,0.158163633705,49707.0606342
cottage,0.1584625581,118836.670003
trembling,0.158477603406,171175.84166
was-asked,0.15879662791,1292.05819242
tone,0.159194750873,10645.5282721
was-preceded,0.159373631728,116283.979374
think,0.159580182804,4483.96480032
was-beaten,0.159728411753,79726.8767138
mistake,0.160236869077,313781.396728
shy,0.160425900399,88967.524657
inquired,0.160561533811,16416.6046635
was-obliged,0.1607704966,99740.8504418
was-draw,0.16078145642,180416.911693
was-vexed,0.161095045649,1189896.50256
wiped,0.161179941994,21835.1565655
skin,0.161241059279,22660.2414275
was-awaiting,0.161337066553,660712.598258
dreaming,0.161407773799,94932.1007174
was-passed,0.162260104634,25668.1010223
liking,0.162374746818,115097.379521
persisted,0.162428415661,32793.8690778
defence,0.162523866601,169675.170353
move,0.16297942788,50645.5836272
used,0.163100726359,5403.38085361
was-inclined,0.163531435609,88418.046413
referred,0.163662566672,89259.5921778
was-concerning,0.164302568163,115256.62702
laboured,0.164438057134,128994.610153
applied,0.164618293523,60696.4157277
repeated,0.165072096081,8932.13022415
rights,0.165479456605,227182.535455
steps,0.166017350114,43326.2034055
bit,0.167493485186,54561.5981212
retorted,0.167683791888,28043.4349172
inability,0.167789966046,339250.96589
begin,0.167908102889,58633.8983794
was-holding,0.16808628631,102962.417432
eyed,0.168321511678,40441.6554034
fear,0.168322296656,27707.63012
scorn,0.17034979696,94375.3230799
beheld,0.170438712961,72126.6949364
was-called,0.170759474125,8522.23333503
upset,0.170912120161,154948.941042
doubt,0.17098624314,191372.055268
dancing,0.171213323673,237422.468762
hummed,0.171243606067,177663.868278
different,0.17148083976,72741.4015335
loss,0.171997034555,347481.92943
youth,0.172001898669,28006.6699102
worn,0.172539675699,26079.9126524
corrected,0.172697371465,173485.500675
irritation,0.172867236429,526467.02708
was-leading,0.173210088799,128674.326319
sleeves,0.17342653662,164284.372142
breathed,0.173828559798,39616.1142569
was-protect,0.174442387442,387284.55572
was-hold,0.174647966806,69492.2150889
informed,0.175515205797,29454.8752789
admired,0.175567138376,21982.7065076
thrilled,0.176481806255,351064.665881
playing,0.176899383859,32739.0052705
disposal,0.177121298789,172834.101665
was-tormented,0.178373210677,816643.863753
tiptoed,0.178474819485,184885.406137
was-suited,0.178595793843,124927.419258
brows,0.17900643759,45481.109546
draw,0.179432284248,66894.0177928
was-touched,0.179695122214,43729.0645047
walking,0.180576979336,57761.8364043
overheard,0.180601482451,100486.074994
vision,0.180605696175,79423.3883996
store,0.180712112109,3930.69411736
mouth,0.181699354462,2684.77802304
appeared,0.18182979136,7060.49760734
delighted,0.183421004873,59974.0012671
see,0.183500980194,2915.178338
reproached,0.183509448537,210753.029255
putting,0.183536950654,45365.0292806
absence,0.184191043704,23444.4509852
guess,0.184834853908,37017.1218609
worse,0.185774021898,44333.5071932
clapped,0.186405088127,103586.313642
hips,0.186651154075,209893.24045
struggling,0.186923147224,107644.690888
observed,0.187872857511,11883.4689293
finish,0.188096158813,235680.158999
pleaded,0.188543670548,48834.7347259
appear,0.188619934256,56283.1880715
knelt,0.188956703153,50574.0046752
bade,0.189791382499,58974.2912054
free,0.190004667242,41273.2529933
encountered,0.190967351316,122263.794557
intelligence,0.191585530651,249321.786215
was-ushered,0.192797678341,351436.874917
chose,0.193419085967,31687.6009883
duties,0.193616527389,44396.8909444
was-hated,0.193952307695,26491.1192079
admiration,0.194030160504,53941.4857667
sensible,0.194522786361,547630.675475
was-welcomed,0.195273576562,416058.79791
impulse,0.195687956854,57308.925748
favourite,0.196530847309,64552.161596
has,0.196652595053,2137.66267979
awaited,0.196899500437,163983.299881
appreciated,0.197602427597,169779.595638
dream,0.198358558098,39966.6967474
blame,0.198666016182,1813852.41716
direction,0.198791810034,67588.2387795
careful,0.199338782467,108813.806732
conscience,0.199616925883,67400.7973364
knees,0.19968781403,11165.5232328
bedside,0.201770412162,81304.630028
habits,0.202164071425,117542.10749
spare,0.203257964415,93431.1610837
avoided,0.203841159581,190668.127456
anticipated,0.204192256232,67021.6043654
wound,0.204701895403,33968.0425218
bread,0.204815104389,102564.216017
dreaded,0.204913588599,89696.0523453
was-sought,0.205754606586,118748.528007
fears,0.206558376166,50719.2823052
retained,0.207302182055,576898.081011
information,0.207728928856,206198.251245
astonished,0.208027294312,336322.287743
curious,0.20823059234,161999.960829
gift,0.208289381624,60140.8805808
charge,0.209336960901,172160.851549
clasped,0.209400036189,101378.992722
needs,0.209525564502,49551.7580937
afraid,0.210598455951,12977.4456672
reflection,0.210757995998,394843.879403
acceptance,0.210846924139,959581.990714
was-dreamed,0.211853292171,189720.434725
acquiesced,0.21224490237,291888.676082
grief,0.212445299522,66991.9656882
help,0.212628959593,14895.558067
was-is,0.212768058602,50929.4650255
future,0.2134511331,86185.8970233
interrupted,0.213578218336,27808.7974768
welcomed,0.213622588493,67564.1609144
adored,0.213968792165,81905.9937292
was-understood,0.214045333641,104780.315351
letters,0.214223800686,24567.8742787
stupid,0.2143737499,107970.225972
was-invited,0.21485068545,94489.8405165
laughter,0.215399035906,163357.150462
waited,0.216350492075,15111.0326181
was-forgiven,0.216988166246,1046534.98053
surprise,0.219333326536,131868.298443
excuse,0.22036706199,205280.630165
cares,0.220872748663,135588.627126
benefit,0.220891972177,409145.942599
cousin,0.221534972133,15427.5175016
sits,0.222008195702,87861.3407761
tossed,0.222776580191,112537.407284
was-supported,0.222917102273,365157.636505
making,0.22300309486,26017.347406
was-'m,0.223228584768,51435.3763391
reason,0.223393174597,125950.352776
was-go,0.223504080428,135000.72875
was-forgotten,0.223649571119,79172.7118366
meet,0.223726010531,26135.2387086
retreat,0.223831463061,152008.023512
pride,0.224024096326,6633.22124477
invited,0.224492805799,24574.6665417
grave,0.22471971423,115052.648957
example,0.225061631533,823000.495503
cup,0.225427198398,47918.2838585
plucked,0.226551194463,340491.733516
post,0.227105801046,139106.448805
frightened,0.227216206258,90608.5345966
message,0.227335264938,113510.18224
comfort,0.227772849062,79130.8611404
was-remember,0.228157661406,46041.9961369
was-recalled,0.22841812663,354751.00827
sacrifice,0.22919469549,637740.076014
was-acquainted,0.229450623755,45106.1599613
walks,0.229604062552,79683.4433616
was-admire,0.229685857497,357317.684385
was-comforted,0.231286088251,331949.916099
satisfaction,0.23158812021,231410.246845
meeting,0.233772319812,168438.480631
retreated,0.233867987502,304527.041488
was-wake,0.233881958518,118100.78224
was-disappointed,0.234625827712,159352.134497
time,0.235103593872,17393.6322256
lashes,0.236075093637,99193.2995842
anxious,0.23607534241,50873.2151626
was-fetch,0.236562591387,56127.3270856
moods,0.237025953048,530233.038193
chamber,0.23747836034,120388.784105
energy,0.23776334937,545278.386275
obeyed,0.237990799104,154525.678702
helpless,0.238252886013,874726.721747
ran,0.238370922897,11286.2150067
flushed,0.238660118588,69440.1202904
fingers,0.23902139921,10010.9148158
troubled,0.239506569313,204950.773091
spirit,0.239914954875,45158.983911
was-detained,0.240652489834,241262.204985
first,0.24085811945,36320.0838281
giving,0.241549904217,56904.2675679
crept,0.241831852291,96318.498725
going,0.24198581912,2761.24219194
pencil,0.242915278596,237026.332097
flattered,0.242990159446,525750.066181
tore,0.243475115688,47048.669044
eager,0.243603618573,96763.8446026
was-expected,0.244728293379,125813.768754
dying,0.24542278933,436475.061175
bag,0.245599971034,50909.2595563
peered,0.245776120443,135846.901183
was-punish,0.246146951064,474192.90998
remain,0.246843658739,223511.011304
wrenched,0.247063209575,2217467.1664
lids,0.247181322853,192325.306708
continue,0.247183787936,165697.759737
belief,0.247340665821,98346.3780993
door,0.24745266895,23508.5613132
live,0.247488486564,28269.8970819
begun,0.247509041846,70746.6362923
rising,0.248100653999,350245.516253
half,0.248188927632,80207.1315652
shuddered,0.24841257039,65519.1981106
entering,0.248426384949,135876.871825
retired,0.24848481919,128916.850731
hear,0.249020820504,16906.9043301
flung,0.249425854799,20090.3927797
nightgown,0.249934943441,30077.9104357
check,0.25013761181,178074.866381
insisted,0.250400143323,17382.5606
was-gone,0.250594639151,14517.0145069
liked,0.25078106624,8067.76590175
birthday,0.251161753553,88467.7703346
winced,0.251917430704,214749.508043
will,0.252403834535,90711.6129214
was-forgive,0.252758179477,184406.763648
understands,0.253116290432,86787.3230413
ring,0.254175219321,67543.7932842
witnessed,0.254479506024,104147.758928
covered,0.25496557473,85075.1724906
replaced,0.255389292184,472687.668085
told,0.255853305964,1594.9348363
was-miss,0.256081969653,199363.422869
hand,0.256182012,1545.39559688
was-pressed,0.256253418033,162665.900787
conducted,0.256523103518,394032.277398
'm,0.256656974662,47025.3940745
directed,0.256970274942,61224.5413477
count,0.257012447825,250363.980234
felt,0.257503918227,2649.0824336
begged,0.25868546748,26661.2508704
married,0.258979001113,11229.6104275
bear,0.259211080025,55770.502838
close,0.25950574405,42683.4076549
was-exhausted,0.259883279942,389815.605867
was-bewildered,0.261689135908,6961796.2686
errand,0.261821841684,59152.1189494
prided,0.262159461135,215501.969912
wake,0.262427951558,98154.8467789
thankful,0.262820556847,174550.38905
purse,0.263061946486,143260.310494
blouse,0.263627911675,78912.0019284
was-startled,0.263920886323,109569.285808
responded,0.263972248737,37357.4522492
open,0.264343596057,95121.6896529
sense,0.265020669858,58020.4925083
kind,0.265103084845,26528.0696816
consciousness,0.265930644796,126310.223979
was-felt,0.266474210325,233802.333764
read,0.267234794228,5857.24882544
grateful,0.267563532285,161823.028008
was-assured,0.267885259596,41996.8399952
childhood,0.267910609234,107083.794906
qualities,0.267925424359,276656.601979
was-trusted,0.268201847641,924229.752597
was-laid,0.268259425041,111977.610327
allow,0.268589748389,123102.218992
note,0.269754666455,105072.610442
seems,0.269992230856,34305.0669044
agitation,0.270839728146,277069.319907
arms,0.271745386842,6085.82848242
uneasy,0.272169729302,749911.058184
hugged,0.272310580763,4145286.09365
service,0.272438578017,190210.923636
welfare,0.273945555387,894275.628453
was-occupied,0.274421687662,282021.712081
wrung,0.275238987857,498703.95797
seated,0.275339954198,93561.7968609
was-shut,0.275726047833,158085.734693
coaxed,0.275834234708,178783.770567
was-shocked,0.275901091311,112384.364388
hungry,0.275982669721,128269.915339
impatience,0.275984695773,432696.885886
thank,0.276336485827,194063.16727
nervous,0.276444778136,110870.222587
journey,0.276776178321,286248.861163
behaviour,0.277148769937,110504.394938
was-rouse,0.27801479668,2610643.02729
brothers,0.278962278694,180895.11103
discovered,0.279187064831,29861.1469546
whirled,0.279792669312,376368.390095
tear,0.280324082545,330962.604851
turns,0.281001477507,138142.631264
sped,0.28236716495,278881.195467
lunch,0.282658921719,123110.523137
bore,0.282825628633,59725.6512962
ignored,0.282859704114,123966.941832
taught,0.28294760238,34007.0975325
was-say,0.283354217964,132953.651659
was-drove,0.283739591163,101434.936271
gazing,0.284372187548,241298.186383
fumbled,0.284731541258,599143.922947
danced,0.285567401982,52770.184845
much,0.285586680929,23947.0997058
hurt,0.286104545684,245268.424489
tones,0.28640226639,371822.893196
was-begged,0.287771852323,132412.419205
was-shaken,0.288328926011,363089.18463
unaware,0.288435220072,198713.737627
bathed,0.288897068113,299231.12025
concern,0.28987200592,376820.94404
cloak,0.290770760307,74699.9652322
consent,0.291423627356,181631.681928
imagined,0.291601506634,66166.8235346
was-turn,0.292130995085,108355.053891
been,0.292222083816,6115.72235507
was-followed,0.2937090965,17243.8743196
acquaintance,0.293828608314,96294.1756246
instincts,0.293931136585,154521.956864
resisted,0.294565142068,279363.178397
was-overcome,0.294913035684,624800.991737
was-scared,0.295165212475,400534.76167
breathe,0.296708942391,1245624.69196
bonnet,0.297604735484,98840.7539345
remark,0.299012950799,64119.0532788
was-win,0.299564227692,167103.074339
was-blamed,0.300686794873,105049.013927
was-thrilled,0.300830633533,337158.571612
was-alarmed,0.30089487172,102623.272193
side,0.301770804699,13651.2866026
income,0.301868078677,221768.952815
minded,0.301905223104,226925.439027
looks,0.302758485002,24203.8339575
was-do,0.302862686875,45009.4611887
enjoying,0.303164332833,254421.298834
glad,0.303767206665,14175.237095
was-used,0.304413920037,89074.5004959
was-carried,0.30457266618,56052.9015093
abandoned,0.304640105311,238045.344421
coloured,0.305100059717,1715389.00415
visitor,0.305353836296,71777.9741407
sick,0.305880404732,78340.842753
task,0.306049405259,119034.764414
bestowed,0.306067591889,517958.096236
planned,0.30617384594,99262.5941667
lent,0.307576588112,94578.1033751
less,0.307997122444,206701.637646
sides,0.308256129626,403253.803771
life,0.308598884004,4166.33072474
things,0.30925559015,61727.1904735
picture,0.309948422892,71567.5101929
residence,0.310165539053,89261.3547834
undressed,0.310251044393,1490816.25479
jealousy,0.310510791661,262457.123477
quickened,0.310857785466,1017450.25452
tell,0.311854843035,10759.8796628
hour,0.312546064899,131822.701415
fed,0.313476936353,124540.426151
stirred,0.313488136521,125976.016955
endure,0.313751427213,475976.131736
busied,0.314163272613,689402.064442
question,0.314732667678,50533.0386655
nature,0.315011584569,51997.7614047
guardian,0.315103840005,38091.3349248
controlled,0.315724075922,504497.026975
attitude,0.315744581304,29753.7275022
disappointed,0.3161573056,322334.160656
likes,0.317341470565,37519.6329133
was,0.319314515542,1092.05545766
living,0.319477431564,61622.6351504
was-deceived,0.319990427593,198399.972758
week,0.320087537891,105857.187982
better,0.320263747764,93094.9743099
uttered,0.321056331238,57664.059957
consider,0.322388292627,94064.5543367
full,0.323417681659,100786.664414
confession,0.323535275156,404583.120944
aware,0.323792633377,51840.0422081
handkerchief,0.324821810551,55915.4507089
memories,0.325672999747,354967.091177
wore,0.327903908689,16648.418067
buttoned,0.327916078548,2784974.43518
ground,0.330314549371,547432.071892
suspect,0.331725445084,218524.62493
excited,0.333347285023,137136.822164
lying,0.334324453543,60189.0183449
sisters,0.334362839714,83270.6631634
instinct,0.335001369851,274952.837731
choice,0.335285477622,104921.852895
admit,0.335327127649,126804.594681
fallen,0.336380023955,124346.035706
was-join,0.337044946571,188876.186956
was-enveloped,0.33728315309,428499.196354
forgive,0.337474093596,181601.434518
sang,0.33797949159,55267.9921378
thought,0.338176980005,2609.36409849
went,0.339858903509,1655.44395927
prepared,0.340331104079,73723.9978131
interest,0.340620842258,64633.4746089
consented,0.342188456588,75497.0758616
setting,0.34264960785,250998.865452
conversation,0.342675250758,65949.4636328
was-flung,0.34282465825,450124.410421
telephoned,0.343020864078,174074.401646
was-pleased,0.344517243254,41225.0824696
was-impress,0.345368783836,316076.373338
pressed,0.346432185755,60791.6906242
was-bring,0.347499334118,27665.1358162
was-assure,0.348937768802,697862.960729
was-rescued,0.349493809025,253914.038366
troubles,0.35011465119,124317.530596
astonishment,0.351449753903,169478.080095
engagement,0.351788931633,385043.185385
wrong,0.351902847894,63054.1826388
situation,0.352066961433,237077.528025
problem,0.352252707979,369284.018132
clever,0.352531513837,121771.886927
required,0.354852199626,442178.020471
hoped,0.35490359182,52371.8281053
calm,0.355007334094,565335.60604
was-know,0.355313080903,9151.44308955
breath,0.356159136301,26491.1360631
views,0.356235732077,368316.694829
pillow,0.357558569,172230.980529
elbows,0.357918327814,100086.958288
was-said,0.358227345155,86086.2002102
wept,0.359681839085,53425.6413749
hated,0.359983497696,53772.5030788
annoyed,0.360456429654,3050694.51741
regard,0.36166319826,234809.849422
washed,0.36176046533,114909.196217
smile,0.362490309238,25779.9222574
was-changed,0.362519789819,125854.287536
corner,0.364082374726,197167.276446
sobbing,0.36472682131,141746.122528
wedding,0.364961637921,249423.459481
comfortable,0.36546498218,169017.349066
tonight,0.368021895345,58820.6856388
expected,0.368044885058,25640.7462401
joy,0.370118224852,282428.917188
white,0.371039290701,227586.65272
form,0.37109189552,83118.8511564
wrote,0.371545215829,16200.6979561
willing,0.371693801824,72383.0761323
garden,0.374881756098,128017.206216
faith,0.376403204915,224881.616002
story,0.377198558673,28900.395113
indifferent,0.377210216842,1277378.81709
sing,0.377361189335,26799.1601932
furious,0.377614099094,392102.042503
look,0.378058255504,10305.7270773
wondering,0.378719928712,206133.824792
teased,0.378913545222,387391.728673
grandmother,0.379076428537,135854.927172
fault,0.379423992246,104034.802286
accompanied,0.380466473023,629074.411363
care,0.380871845601,26398.9275233
drinking,0.380975251077,324996.177545
whole,0.381150014207,1497579.73053
rose,0.381299151964,14404.1838192
laughed,0.381726173338,5893.37773167
anxiety,0.382042599225,169365.822428
being,0.383813016547,132081.247786
dressed,0.383969277748,170401.343188
was-urging,0.384015434932,1755975.59323
portrait,0.384704700494,110916.555536
was-took,0.386699543443,20096.5406615
window,0.387143869299,79286.2855204
missed,0.387167511544,119435.898644
appealed,0.388667219725,435581.027985
smelled,0.389031683731,285113.608615
acquaintances,0.390316144987,304611.597957
curiosity,0.390564496232,172299.593831
patient,0.391746200658,90001.2097078
recoiled,0.392241687215,4247692.38154
was-inquired,0.393084295268,55455.2637621
cared,0.393252827668,50236.761505
something,0.393933987273,145963.129845
sensitive,0.396547415076,445609.570592
prayed,0.396595141375,137846.087343
was-responded,0.397316104553,245459.109726
folded,0.400223656623,146917.188472
relapsed,0.400369469726,1789046.58238
ill,0.400653773227,651973.979052
was-wrote,0.401126171866,84124.5373795
charm,0.40144625149,316830.52932
was-meant,0.40160998766,1404353.00024
believed,0.40301436896,27998.664424
share,0.403257570792,53974.3904401
custom,0.403385083449,206206.174159
shake,0.403394690144,213092.166635
english,0.403503059555,831704.333445
sake,0.404453631156,81986.5765238
murmured,0.405819075836,25615.2199205
???,0.405915318229,6625.03115591
was-seized,0.405925462916,139084.159031
was-frightened,0.406591189451,118589.648513
society,0.406736783086,899239.07179
was-wished,0.407783558676,1007129.21187
hostess,0.408686469409,63731.6383465
blushed,0.409186173326,150048.716805
laugh,0.409275412548,176610.65902
distress,0.409312404488,215052.622477
bed,0.411659320831,17306.1979754
blind,0.411770287193,129026.838859
accepted,0.412932535055,50022.9595797
worth,0.415615124915,253469.313583
scrambled,0.415781034052,478324.553603
born,0.41644063003,100084.658624
niece,0.417123582915,41960.4686677
attacked,0.417331725492,374355.565988
talks,0.418116498909,226691.819885
hate,0.418211339712,145680.990814
children,0.420417919112,22753.2793326
feelings,0.421201920153,62693.9050203
said,0.424557078062,97.132579853
disappeared,0.426114280418,40718.9394457
flesh,0.426286153457,127993.167377
miserable,0.427338041206,2269934.88834
changed,0.428661748436,50092.4443364
rocked,0.429439503131,437622.084943
weeping,0.4299139364,114139.178525
person,0.430343519071,44449.5846088
was-promised,0.430584412827,238263.724818
resigned,0.435471935803,153816.897844
little,0.436700875047,237968.408101
displayed,0.437240440409,171570.804573
was-born,0.437323915619,50834.2399595
grew,0.438175593133,45563.5851922
hard,0.438350199736,696873.80969
faltered,0.438635920998,66699.5048388
trouble,0.439028397985,91251.3264558
looked,0.441547562683,2214.46551317
slave,0.442039897164,811134.950324
burned,0.443166361558,553659.599405
pale,0.443276798804,151688.715445
was-helped,0.443332118696,160518.541756
back,0.443449237699,14737.657009
spent,0.444202051714,19137.6867956
added,0.444260329738,10648.864705
enough,0.444603357013,192960.301172
fan,0.445173943115,204976.53263
class,0.445244848681,67506.9946218
thing,0.446511662336,89662.0634736
colour,0.448044450675,782168.067033
temperament,0.448724844736,1874263.2396
quarrelled,0.449189894437,518007.897058
rejoiced,0.449683142185,890915.394389
right,0.449701804305,30480.9127428
entertained,0.452091579721,267051.073375
outburst,0.454439578859,1231685.80224
jealous,0.454872036141,232040.512766
was-admired,0.456729355587,58144.2222208
was-teach,0.458402006485,168779.740119
was-amused,0.459207535764,90234.9545911
secret,0.459724242236,661143.161564
hands,0.461379053042,4198.64513307
approve,0.461381912631,332240.972184
reminded,0.462531319021,66568.0036812
was-accustomed,0.463100121831,143151.829381
smiles,0.464219017095,132340.095578
afternoon,0.464284843005,112417.781757
learned,0.467506602858,30898.5114074
profile,0.46781051884,260720.768372
bent,0.468306445933,803586.059504
asked,0.469012070705,2640.50560476
nothing,0.469279613177,122390.934083
burst,0.469836939182,134615.31452
love,0.471398756624,24411.7898645
was-persuaded,0.473348548192,281096.644488
lot,0.473549489626,278258.333892
parents,0.474470112154,34762.1548206
fine,0.476724034731,163821.535374
call,0.477872205442,68941.742889
gave,0.478337763748,5857.63567286
again,0.48019889176,180406.785123
dried,0.481964876195,387324.648454
slippers,0.482353712994,313960.742599
giggled,0.482627085853,132550.305942
song,0.482865429765,461992.238895
pause,0.486669500762,1633726.56464
sitting,0.49768525927,26665.8270346
was-engaged,0.4977784703,44328.5677597
breast,0.499255837799,48297.5135577
beckoned,0.499362564153,427667.383233
pleasure,0.500412422702,255194.58788
prayers,0.504237487459,239213.587903
evening,0.504536614116,130649.13135
curls,0.505158746268,140023.269073
mood,0.506263671558,132496.676349
leave,0.50676692905,33445.4239522
sorry,0.508204423592,141206.638872
creature,0.509284686165,243748.639687
shoulders,0.51161193658,15846.2398531
frock,0.512092139743,408130.985427
singing,0.51326921201,171390.959275
round,0.515314779752,52724.6778828
breasts,0.519459618048,322302.761553
sympathy,0.519579190075,257114.356125
suffering,0.519705541536,97335.329733
preferred,0.523716398017,432723.882046
sobs,0.523719178704,422375.404014
marriage,0.523794806411,84322.6119522
marry,0.525147566841,38744.2745007
was-loved,0.5259719375,33609.145944
on,0.526985901521,214361.388447
sure,0.527665095698,33113.5564673
confusion,0.529416944478,581023.779399
composure,0.532386636439,1060694.91079
cry,0.534310018933,134277.506972
detested,0.534938768866,1076473.26333
upstairs,0.53716587878,148204.39731
pretend,0.537705333834,1029437.59768
protested,0.53888102919,87083.4092831
was-taught,0.539124614077,74425.9390599
known,0.540179092177,30768.9078423
bedroom,0.540360982858,108631.276405
sex,0.546517548851,1145703.24429
ankles,0.548629655593,1302307.96713
clung,0.550018438474,115266.141731
kept,0.552181587537,13964.6310584
attempts,0.553400141953,1027725.38486
welcome,0.557059024823,369388.128185
movements,0.564120023065,191081.425231
circle,0.567254261797,230618.987748
waist,0.56737074846,112330.640228
remonstrated,0.568411588036,2908065.44005
happy,0.570014550177,34631.4753633
was-visit,0.576139041232,78763.7488558
was-take,0.577089270985,18745.7412911
lips,0.580643979105,10032.8556772
cold,0.581694609,198477.848635
cook,0.582665349523,361200.385813
fainted,0.582950795097,339083.209086
affection,0.586541604115,204380.512312
sister-in-law,0.586561134582,871221.367022
was-drew,0.588043631167,176310.188917
wearing,0.590125496631,114768.428867
day,0.590696196353,47606.9524697
answer,0.594447207352,53589.8569031
part,0.594900024571,52026.9209005
was-cried,0.596061140712,13071.2076313
child,0.597521871127,13769.1682226
skirts,0.597717334262,687290.768823
sweet,0.59852605936,280451.778862
crying,0.60346002877,126085.032233
unhappy,0.604130332012,386161.271801
basket,0.610976969922,177966.257265
that,0.612615057726,692119.162026
heart,0.613187068565,8081.76557006
shut,0.618796815254,170246.214152
morning,0.619209105932,120313.365982
was-seated,0.623601176122,132413.108956
sat,0.626807392952,7041.74966154
silent,0.63193905394,95592.346267
tall,0.632791425187,197224.524255
shrieked,0.632878901308,377986.197512
smiling,0.633389927037,249312.322027
tea,0.642631128347,355813.241992
gasped,0.644996062178,76004.7376232
scolded,0.648098491009,517439.108623
letter,0.657138492894,44559.5536493
young,0.65780087373,150288.676222
seemed,0.658519684096,16483.397777
was-round,0.662118701541,1793469.68934
all,0.664792941951,691372.207303
anything,0.669365023468,172606.199035
guests,0.677472750851,91643.8183471
stockings,0.678842575806,1171677.16857
wear,0.680400672615,196268.904582
more,0.681513908113,79021.7738327
figure,0.683494196632,52066.1034885
thin,0.686751507344,254679.687465
questions,0.68952944627,276972.146424
well,0.690624574749,137281.328238
voice,0.694148605128,6289.81528004
moaned,0.695386951208,491187.915875
years,0.702680905006,82716.8758932
sighed,0.705858429023,43829.3065359
apartment,0.706702770914,172115.134822
expecting,0.71226057644,206991.963999
was-comfort,0.715233359473,305015.774112
cheek,0.716272167144,67225.0845442
swept,0.716646061553,353861.000325
wailed,0.71874138003,309436.722441
shivered,0.719889327218,393738.188301
was-kissed,0.722008532975,63748.0030351
sobbed,0.729926475737,112889.338691
cried,0.732765966492,7835.53521157
loved,0.73921595256,22268.0537247
baby,0.739781738303,63270.2941379
knitting,0.747479948616,366519.029979
face,0.75580667692,3536.11977899
was-sighed,0.756567169633,578374.311548
off,0.758893459486,230413.533258
happiness,0.763965455326,213035.599937
lap,0.780602675976,85859.4356674
bosom,0.79829220162,116562.46061
hurried,0.798518664702,56716.5673954
knew,0.799711090554,5236.74230174
down,0.802076900585,929796.124026
nurse,0.806245695271,117447.844394
father,0.810487181844,4435.69624967
veil,0.814028093962,783554.23494
smiled,0.814349409598,16987.8802991
room,0.815772428379,9755.47273619
exclaimed,0.827094257874,20825.2376633
home,0.831851393212,26179.4655305
sewing,0.838942285838,369229.981552
away,0.870585193737,262766.006458
gown,0.888755194205,192149.835166
screamed,0.89163549688,289820.962202
shawl,0.894048717802,759663.551231
about,0.908797733283,380311.632376
now,0.927598046149,501309.233547
beautiful,0.931278990433,272985.896929
night,0.9318676254,149151.182441
was-married,0.944198093677,37969.9921956
apron,0.98445554999,174983.846084
lover,1.01437133057,107773.638741
answered,1.01527630948,14464.6623919
tears,1.03002117192,245401.215117
whispered,1.03333752338,30495.6632993
aunt,1.05695605905,59160.4591719
there,1.05916170995,147126.811515
maid,1.1369904864,100061.380641
mother,1.15030839899,4562.55030621
up,1.1948990499,649096.988199
skirt,1.26592007311,318383.062984
eyes,1.29315334976,4591.36417232
beauty,1.30784366194,156511.329665
cheeks,1.4631860765,81263.1228615
dress,1.48240518674,106006.121268
hair,1.72427960166,32133.9126633
