pocket,-1.57144924646,-73318.1763205
shirt,-1.04526100349,-87560.8411713
office,-0.956402369371,-31321.8747587
suit,-0.955715661079,-194287.61264
pockets,-0.932024110709,-175189.863479
grinned,-0.924087920117,-97876.1259453
beard,-0.902563500436,-327644.762997
shouted,-0.894869554634,-39849.4156403
trousers,-0.886030037751,-199080.892496
moustache,-0.876050220075,-202232.727679
gun,-0.86209982981,-195442.044758
collar,-0.843365736378,-677482.0791
horse,-0.81618312978,-35315.8318146
secretary,-0.812064255844,-172990.673339
tie,-0.797515626638,-325222.992552
pants,-0.778963114981,-433611.400661
pipe,-0.759514800928,-48078.6504444
fellow,-0.738715047426,-224671.039298
country,-0.734799998931,-129637.192546
rode,-0.717956642423,-174744.090225
guy,-0.715485256582,-298368.781516
belt,-0.7042952288,-101906.169764
growled,-0.703280685709,-586484.036796
briefcase,-0.701595221738,-359070.559515
cigar,-0.695640831829,-196010.194986
was-knew,-0.684735721186,-34934.9965267
desk,-0.68343081415,-36402.3974037
started,-0.674734192715,-14909.8223813
was-facing,-0.672976107412,-300264.372749
try,-0.672365494183,-104270.8618
men,-0.666619542554,-11102.9078828
defence,-0.664927637958,-1341329.28583
stick,-0.663313472473,-75627.7710243
master,-0.659858467735,-35235.240473
jacket,-0.648610375355,-62964.2381298
was-pleased,-0.64632519476,-153798.893396
enemies,-0.64492304454,-324235.82286
knife,-0.640112990086,-314469.177605
ate,-0.633672245381,-63063.5350836
mounted,-0.630328010645,-397915.670349
cap,-0.630012113008,-207490.634987
grin,-0.62222964624,-317112.608804
found,-0.613505611864,-11765.2186493
fist,-0.60612386602,-67136.412766
grunted,-0.597445336768,-167463.409932
examined,-0.597097116327,-131834.346153
kid,-0.591667403156,-186428.270258
stories,-0.591278653499,-50382.1329782
was-puzzled,-0.589537517295,-194314.48981
height,-0.589442795406,-2188945.32919
was-fired,-0.586396390971,-2301687.90841
muscles,-0.583387104574,-265689.226122
sword,-0.564897186744,-129281.731197
word,-0.558026323623,-105269.001261
strength,-0.557624090369,-185349.086192
was-shouted,-0.556917361763,-189331.612769
orders,-0.556133762701,-397456.419564
handsome,-0.553634882934,-223169.535223
swore,-0.549572615355,-749596.586092
brain,-0.546933933008,-85210.450461
boots,-0.540784181152,-92801.9424128
rifle,-0.537699151147,-195447.679511
was-do,-0.537329473012,-139933.566905
groin,-0.534191564707,-1406260.9325
coughed,-0.531984390128,-256675.088564
was-inform,-0.530991445257,-346308.779184
desire,-0.530033026383,-113203.352436
joined,-0.527911819657,-51237.3268513
claimed,-0.520094290713,-92164.6290737
hear,-0.516082108079,-27820.8264705
pointed,-0.515968012033,-25334.319808
teeth,-0.515559406698,-18690.7606946
enemy,-0.515066998066,-203182.860846
recognise,-0.512346362588,-322782.008544
proposal,-0.511561088259,-282940.131722
breakfast,-0.509926253018,-269232.132515
staff,-0.508672040096,-202344.065595
leapt,-0.508532127119,-192802.972308
yanked,-0.506500001554,-653130.092019
worried,-0.506419252808,-174912.269721
was-promised,-0.505849853212,-262437.677007
assistant,-0.504161808199,-246128.76817
remained,-0.503423216647,-82908.3372983
ears,-0.502478078908,-44629.3696044
sons,-0.501450246541,-40813.1120174
groaned,-0.501347418494,-101169.582018
character,-0.500998126787,-91032.0890101
was-get,-0.50046447142,-20915.5006939
identify,-0.497351510257,-1051651.52012
waited,-0.496263972218,-31759.7117671
was-satisfied,-0.496192567777,-568219.744952
post,-0.495240945375,-674225.364663
steered,-0.494831444015,-1680706.31062
spectacles,-0.493240830647,-277084.664923
was-like,-0.491707470706,-42170.5180774
fists,-0.491549401118,-185890.905058
pyjamas,-0.490917382669,-339107.813994
pride,-0.490910126834,-209025.027137
lungs,-0.490050854933,-348499.485928
study,-0.489458759109,-320107.494017
background,-0.489391070837,-788709.644317
was-heard,-0.489069928441,-54168.3173669
temple,-0.485965434267,-469351.491486
wallet,-0.485301424652,-228466.868255
host,-0.48393492595,-233355.821286
proposed,-0.482309099631,-214179.868124
mission,-0.478437990764,-1152392.20095
paid,-0.478234600574,-47350.9333201
imagine,-0.477856223594,-115527.952639
drove,-0.47756739617,-42399.567628
was-reached,-0.475541876575,-174881.095937
swung,-0.47338732289,-76369.4637271
chest,-0.472955597181,-25164.5191039
fury,-0.47067620359,-382202.545141
dad,-0.47008236409,-143147.606897
playing,-0.469793852769,-69771.1933033
wait,-0.468343068207,-67320.192399
nudged,-0.464987115005,-172948.562597
was-accompany,-0.464600816383,-204968.686899
glasses,-0.464240649283,-23694.3825943
property,-0.463648987847,-426144.235644
headed,-0.462054026792,-258626.147285
follow,-0.461479407927,-198363.449794
minded,-0.461309383162,-1516104.80843
failed,-0.459680779719,-90132.5259242
attempt,-0.457694475357,-189303.658221
roared,-0.457331166279,-103515.011786
was-knocked,-0.456834910216,-227399.816394
thumbs,-0.453467533161,-298034.871382
song,-0.45180164727,-382844.683645
joked,-0.451793745289,-2229031.01832
was-studying,-0.451252251874,-2670349.26452
crouched,-0.448648061346,-95935.6786087
worry,-0.448043369881,-138092.807699
reverie,-0.447234858655,-4656699.65622
shows,-0.446537123292,-159201.713766
was-stop,-0.444934148343,-60394.5138609
treated,-0.44443698182,-109332.092198
took,-0.444340518613,-3189.60879393
wrote,-0.443017186791,-14363.3681827
was-recognised,-0.442809853354,-100264.822202
hit,-0.442367077962,-51259.9109123
tied,-0.441550471498,-81402.168337
did,-0.440779669109,-5398.76221026
subject,-0.440401202089,-379462.279698
was-leaving,-0.440246066016,-54542.4172889
luck,-0.439572555096,-138888.461827
described,-0.439513543289,-102439.211061
promised,-0.439186873367,-41004.6251498
was-dragged,-0.43787291807,-75234.1603552
scooped,-0.436248002101,-1703120.90623
was-seized,-0.436195714856,-172228.024254
nephew,-0.436092675045,-181430.342913
invented,-0.435347549431,-140328.005531
identified,-0.434700210622,-217810.539811
beer,-0.432736749247,-498643.293272
cleared,-0.43095961338,-67113.6727173
forefinger,-0.430293785231,-623717.954714
music,-0.42979057003,-173121.007192
sleeve,-0.42900778577,-117792.430204
concerned,-0.427234654975,-419027.49635
unlocked,-0.425963256411,-864523.131734
was-drove,-0.425252734034,-275225.709568
was-carry,-0.424240909785,-237235.29135
muttered,-0.421929271289,-47652.8400392
earned,-0.421314573271,-140121.875062
surveyed,-0.421133932968,-272040.572712
fought,-0.420126862642,-75114.442396
half,-0.419761309544,-128633.183636
perceived,-0.419722349212,-224649.29435
studying,-0.419691101185,-212717.008225
was-trapped,-0.419219948667,-1009235.31331
better,-0.419069582228,-115882.204831
contact,-0.419064180037,-1026417.49268
duty,-0.419039032211,-386322.192713
was-killed,-0.418487971678,-19858.9057908
studied,-0.417938152435,-45977.5289337
ripped,-0.417814044549,-1684041.84234
elbow,-0.41755810203,-136157.224547
request,-0.417209763507,-110544.336411
led,-0.414808778778,-17800.0701418
car,-0.411956371154,-12507.3985785
position,-0.409875072703,-30884.0531746
wrenched,-0.409053940304,-507457.24253
purpose,-0.408079698698,-626974.059048
was-born,-0.407102213542,-22549.5232289
fell,-0.406864329504,-14414.1775342
been,-0.406710464058,-10348.9312467
student,-0.406498674551,-221593.279745
patted,-0.406031426978,-73152.3346054
slow,-0.405820624715,-637650.606
sleep,-0.404714629852,-42734.2805282
reached,-0.404265474452,-13334.9234986
followed,-0.402700780979,-22761.4194674
cards,-0.40263415274,-138603.916012
case,-0.402230338362,-47050.5300738
kill,-0.400854876548,-163890.434265
pause,-0.400415636866,-492512.115808
finish,-0.399342893498,-151053.765227
carried,-0.39931198669,-29476.4419897
signalled,-0.398234837717,-529449.637045
waved,-0.3971983762,-34549.7062072
travelled,-0.396555034181,-131186.370601
was-welcomed,-0.396215452507,-539717.376371
caught,-0.393339529065,-22589.5248318
account,-0.391449658157,-336069.071057
adjusted,-0.391279157539,-146456.607108
reflected,-0.388700929944,-215126.108728
hoisted,-0.388631972027,-1235893.23212
job,-0.387503341704,-30552.1364136
suppressed,-0.387477218656,-2269634.59593
was-shot,-0.386324410707,-83308.7397849
stand,-0.385132769206,-38844.7952235
delivered,-0.383078075317,-261433.629617
snorted,-0.382168111556,-120048.207109
grip,-0.381858282507,-300576.74589
smelled,-0.381650665926,-79192.4412772
filled,-0.380762708913,-111904.860479
shed,-0.380536465865,-230683.370126
line,-0.380045035288,-114518.502047
partner,-0.378653675564,-40091.247395
shop,-0.378576758248,-81477.4821175
fired,-0.377880499697,-155257.397709
drank,-0.377845533436,-44545.7072719
prove,-0.377640600075,-232436.253911
success,-0.377630313436,-154237.393391
was-impressed,-0.377498282409,-302025.530206
gestured,-0.377223339025,-114150.499941
hoping,-0.377206031507,-213206.19783
belonged,-0.376157732325,-158765.426838
burned,-0.374789255283,-1095564.66501
tightened,-0.374283435756,-4148382.10679
was-joined,-0.373836713734,-67434.7442172
accent,-0.373250356135,-105830.284545
thrown,-0.372850824655,-316408.215198
added,-0.372758992879,-10455.8870269
arranged,-0.369512284091,-46330.8152515
reasons,-0.368485948154,-2021230.21327
was-cut,-0.367289722946,-65648.2194759
coat,-0.366902143691,-29914.6130405
nostrils,-0.366770287264,-268481.22564
cabin,-0.36565281733,-82532.4276522
stops,-0.365487348616,-126163.192282
claim,-0.364154540974,-232130.63941
was-nudged,-0.362261982794,-113431.64891
was-betrayed,-0.362217804621,-345627.1317
raise,-0.361773278704,-312046.446317
authority,-0.361358596356,-595571.993909
dialled,-0.361158116584,-143757.08901
counted,-0.361068699608,-203165.91762
punched,-0.360983294947,-216275.327683
taught,-0.360490785459,-38996.6012471
trust,-0.360352075197,-127205.71211
reluctant,-0.360264843878,-972881.988893
cautioned,-0.357576528169,-352341.05527
made,-0.356789961566,-3203.92061471
appreciate,-0.356682486744,-127671.188701
confident,-0.356632391481,-6038125.43006
was-kicked,-0.356370626671,-322168.290961
was-gone,-0.355002140858,-14875.9451495
way,-0.354804533971,-6406.14918407
rubbed,-0.354275355913,-94362.5182211
was-read,-0.353618958034,-161317.852307
witnessed,-0.353334490372,-278352.959859
place,-0.352872128328,-10915.1717573
raised,-0.352647254309,-18593.0774161
was-draw,-0.352132712128,-116189.144228
was-informed,-0.351461668662,-254575.786806
was-disgusted,-0.351058164618,-757186.253979
conscience,-0.350820831683,-566860.174818
gotten,-0.350807280028,-90117.5211951
introduced,-0.350523457819,-44584.9870577
chewed,-0.350387888887,-251693.203791
practice,-0.349629017427,-136452.750025
surrendered,-0.34937707371,-2893527.71875
argument,-0.349181900785,-936483.915993
loosened,-0.349098201129,-1517131.93096
add,-0.34793819219,-203861.295285
advanced,-0.347513812046,-194437.920071
was-forgive,-0.345786752912,-49034.9109043
was-meant,-0.345773843246,-236034.940226
benefit,-0.345171214082,-367237.662675
reach,-0.344605980911,-110218.543215
emerged,-0.344037648213,-67189.5370552
was-need,-0.343538644312,-182979.763458
regretted,-0.342623039674,-221995.572541
was-ask,-0.342135508243,-12344.8198078
was-know,-0.341521976776,-9489.20997836
pretend,-0.340763767001,-466422.543246
guard,-0.340637404183,-199846.517028
was-corrected,-0.339877640702,-197743.597814
vision,-0.33922340935,-142057.345467
plays,-0.33727739229,-316450.418552
welcome,-0.337089449059,-255549.64879
pay,-0.336863373283,-88311.1980385
lives,-0.335251328117,-43592.0660802
scratched,-0.333701197847,-204013.772136
tail,-0.333696991829,-46810.8385065
seen,-0.333286392457,-8484.46458603
was-shaken,-0.333272660717,-167926.859988
was-regarded,-0.333225767474,-110873.175325
grown,-0.332893879399,-58232.3957419
stolen,-0.332339043717,-1469340.93803
recognised,-0.331586304786,-89471.6981842
borrowed,-0.331497925145,-171620.171085
satisfaction,-0.330524849329,-1616210.77622
discovered,-0.330117181792,-84784.337793
encountered,-0.328763540489,-949289.843764
spoke,-0.328643300363,-5943.57105773
search,-0.328226180274,-210202.983731
was-observed,-0.327074437701,-143368.203452
was-faced,-0.325994790918,-190644.074972
hired,-0.325582983676,-169322.719431
saw,-0.325454082658,-2718.04105696
senses,-0.325288764086,-393929.262155
stride,-0.325188803955,-603250.58329
descended,-0.323575448802,-614284.946375
driven,-0.322674135623,-191205.235085
consulted,-0.322166038003,-836256.964261
left,-0.321795920445,-3073.08672179
was-served,-0.32167833761,-226264.286935
dashed,-0.321466787471,-629110.50822
walked,-0.320783551533,-6218.90015675
nose,-0.320743048152,-12160.9620028
was-hear,-0.320243662829,-33351.001348
care,-0.32018332821,-24766.6673345
backed,-0.31977841168,-98643.3213816
approach,-0.317420912161,-110985.990835
appointment,-0.316787577065,-230429.25724
plucked,-0.316302705994,-1066989.69145
was-remind,-0.315442173195,-127058.488237
palms,-0.315285361785,-197209.58527
glared,-0.314813025584,-76955.4922091
wishes,-0.314400354371,-69428.1579032
death,-0.314285299404,-13808.2141586
annoyed,-0.313610513709,-453184.517426
grumbled,-0.312678645992,-114721.319949
was-phoned,-0.312622631304,-183084.022812
swallow,-0.311965330922,-410997.195015
doubled,-0.31086485812,-270818.922777
work,-0.310235019451,-8943.59448361
becoming,-0.309498667997,-147448.756062
skull,-0.309108164647,-134730.054288
quarters,-0.308418788455,-89650.3836909
dropped,-0.306264185607,-24795.468912
papers,-0.306033384543,-174558.253676
was-accepted,-0.305787187195,-126898.851365
weakness,-0.305683624695,-123057.488604
was-relieved,-0.304822354517,-205047.225022
doctor,-0.304715915369,-42060.4910663
duties,-0.303863710305,-112016.665488
scanned,-0.3035684857,-56015.743802
end,-0.303318854709,-66464.322216
fill,-0.302537852104,-786203.528682
was-obliged,-0.302046850377,-276410.050819
was-torn,-0.301952719555,-600692.623552
object,-0.301818312546,-185726.396434
fail,-0.301785994797,-1756380.33476
marched,-0.301456779969,-149183.379935
shot,-0.300809273118,-13853.7788013
was-look,-0.300325397846,-96681.7855154
servant,-0.299480069411,-81660.5364654
granted,-0.299159271012,-969979.417548
was-suited,-0.298456464718,-182234.441458
dead,-0.298289536888,-9330.36148968
sweating,-0.297811375686,-2885342.92927
story,-0.296894169777,-27124.6708702
die,-0.296675889312,-23512.9999696
begun,-0.295752854431,-28907.7993867
enthusiasm,-0.29573030542,-117134.362732
collapsed,-0.295393056995,-68017.5443721
grinning,-0.29515199848,-659031.595516
was-troubled,-0.294985440661,-185000.704222
thumb,-0.294909068218,-77776.7382736
tells,-0.294530110129,-18143.8684533
released,-0.294111467931,-204866.775763
visits,-0.29407894265,-86988.8510669
was-amazed,-0.291726859677,-270048.877037
was-missed,-0.291627886054,-53226.7946207
sound,-0.290146995897,-96285.01437
unfolded,-0.290143755892,-1487035.19632
was-exhausted,-0.287356644636,-127220.426376
was-trusted,-0.28688313868,-196594.103725
fork,-0.286841317881,-192390.962109
sympathy,-0.286602214895,-518955.283946
knuckles,-0.285830191546,-233233.160501
mentioned,-0.285525991868,-26458.5521152
guests,-0.285219307072,-220227.123324
mused,-0.284993355961,-180763.005141
was-see,-0.284747495231,-4356.67988629
was-tied,-0.284676066551,-365620.012446
dare,-0.284643665648,-195292.116124
won,-0.284046017244,-17245.8886746
owned,-0.283997279591,-87297.891385
entered,-0.283892101311,-17549.8678453
cast,-0.283603583387,-79905.0879631
forehead,-0.283579649798,-16825.5876183
formed,-0.283545678482,-165636.673637
preferred,-0.283274584784,-63307.2588561
was-woke,-0.282912505249,-1552578.73103
showered,-0.282090030613,-320176.650095
was-offered,-0.281712812215,-117230.359671
train,-0.281135943703,-223674.588313
courage,-0.281027665151,-95468.1360396
was-bother,-0.280958546723,-174095.48533
remembered,-0.280937218842,-7504.99747167
appearance,-0.280677300127,-60953.673239
was-replied,-0.279834930662,-46355.9584646
swallowed,-0.279716142213,-40485.6971686
speaks,-0.279181022787,-95160.488825
lay,-0.278750589239,-12326.2622272
wonder,-0.278414933907,-90561.0988602
guest,-0.275197361528,-210462.713387
steps,-0.274858484965,-33705.3611486
cross,-0.273707798751,-98923.5014094
was-buried,-0.273498419838,-148648.53513
was-sat,-0.272685747324,-71001.1074103
crazy,-0.272666907614,-57853.852708
alive,-0.27236729135,-36382.8760748
warned,-0.272223208508,-43050.9144464
temples,-0.270331028681,-298342.363689
was-slapped,-0.270136716911,-154736.002588
staggered,-0.269890038066,-124151.022726
ability,-0.269287958936,-229544.423426
was-avoid,-0.268391898638,-205428.418511
was-give,-0.266411676227,-50982.6881403
opinion,-0.266160286217,-169295.426701
show,-0.265810464133,-34407.1060428
denied,-0.265781237292,-156821.877726
offered,-0.264793334637,-22725.8611689
stopped,-0.264559619068,-6311.24174263
was-beat,-0.264405889434,-57285.3723225
rented,-0.264281373333,-121776.979337
plunged,-0.263996711925,-102051.374232
ones,-0.26375408254,-138352.473993
push,-0.263395203791,-383177.056842
throat,-0.263339868644,-9576.62915945
was-ordered,-0.263305315277,-64725.7309002
panted,-0.262668342532,-337832.818414
mad,-0.261670413639,-45648.3311962
report,-0.26098712484,-16157.1255906
encounter,-0.260307488975,-8173326.22594
was-come,-0.260070713661,-63560.1272602
was-confronted,-0.259991467158,-199177.535295
people,-0.259724204733,-39262.4346893
nature,-0.259615257713,-66604.5824038
halted,-0.259423425702,-146452.525648
was-hit,-0.258747122584,-21154.7737909
acquaintance,-0.258162768701,-623516.089331
lose,-0.258068141671,-98173.6669441
was-drawn,-0.25804593709,-644596.973313
hate,-0.257844092378,-228136.520689
entrance,-0.257655018014,-343533.467417
snarled,-0.257152626072,-2030364.01552
seated,-0.257018184362,-247485.411504
waits,-0.256895209311,-129234.968638
paying,-0.25608273058,-267254.332583
means,-0.255287854248,-56135.2150481
believes,-0.255060645324,-48939.0041084
leaves,-0.254845784709,-31679.5006678
message,-0.254610581445,-514434.083086
experiences,-0.254204146645,-137303.491917
team,-0.25303474522,-408214.435981
retorted,-0.25245128906,-108660.747801
excited,-0.251877038824,-503950.382606
was-thrown,-0.251474555464,-108838.012375
audience,-0.251396446729,-71107.0069168
wound,-0.250678786225,-72234.3472057
history,-0.25042204803,-140624.746745
forearm,-0.250363923429,-189256.143968
scowled,-0.25001177258,-519615.297565
stated,-0.249761861014,-70179.0376467
older,-0.249300751119,-56305.4559183
do,-0.249235599443,-4380.29918148
listen,-0.24901021433,-43620.5364735
expense,-0.248567848574,-199158.66552
using,-0.248560802323,-94223.5382485
attacked,-0.248106269545,-86998.7967534
send,-0.248033094053,-89152.4970356
furious,-0.247614124042,-126060.156143
instructed,-0.247574107078,-215931.388651
confirmed,-0.246567363946,-424953.924985
nodded,-0.246420982866,-4351.32594883
sought,-0.246288812285,-87527.1718687
corner,-0.245406070357,-21338.8356783
dozed,-0.245297413052,-912970.130208
circled,-0.245226493888,-398620.427214
was-paid,-0.245087008035,-116688.330015
was-avoided,-0.244092864992,-80757.5846315
quit,-0.243787051706,-87679.1850033
list,-0.242808991804,-2234187.07063
force,-0.242483604411,-246338.858074
dumped,-0.242468355765,-174521.140047
gaze,-0.24213251994,-58088.8514844
blood,-0.241805577334,-41416.7251289
rooms,-0.241755674312,-109023.516274
was-terrified,-0.241244622609,-165915.273258
decision,-0.240368312945,-59707.2192559
was-overcome,-0.24008708599,-231736.042519
driver,-0.239968180772,-440114.759998
knowing,-0.23893203023,-1127630.43549
was-keep,-0.238211269221,-22313.2014963
behaved,-0.238128388743,-43272.2603997
admired,-0.23788441302,-101353.767104
suggested,-0.237715470574,-11135.3512597
displayed,-0.237561613006,-220251.1332
beginning,-0.237017446139,-48965.7723541
trip,-0.236893529596,-82187.2479532
amazement,-0.236826706918,-1028822.14575
was-shocked,-0.236706114224,-107824.012101
blinked,-0.236430053855,-62476.106399
situation,-0.23624341784,-159074.375617
impulse,-0.235772248637,-362912.333838
astonishment,-0.235425664587,-171458.677808
whipped,-0.23538773771,-93532.3101062
resolved,-0.235018646106,-312404.778357
was-warned,-0.234809707848,-58468.3223642
draw,-0.233622478854,-152468.154505
proved,-0.233186327425,-800218.61242
recovered,-0.232905713995,-45557.4909744
forgive,-0.232724015458,-41261.1054439
guilt,-0.232664363606,-469928.018484
trembled,-0.232558540246,-100016.072553
humour,-0.232492225514,-1490827.55034
tall,-0.232461030824,-22016.3040327
was-thrilled,-0.232001403363,-47570.8775155
was-answered,-0.231977559624,-75581.338911
blame,-0.231935377084,-87521.9804546
noted,-0.231872243956,-77309.41517
was-struck,-0.231479149044,-61705.9487022
crumpled,-0.231449052583,-189829.867481
clever,-0.231034145609,-103899.922754
signed,-0.23067673322,-65420.4790472
mean,-0.23064427798,-35674.4243414
thought,-0.23025544914,-1016.63447653
leave,-0.230094040751,-13469.749389
inhaled,-0.229540786735,-611521.858074
rolled,-0.229068464123,-20314.1952925
was-had,-0.22818933383,-12106.7164805
extracted,-0.227549579716,-300345.462521
assured,-0.225700556445,-35402.2931371
younger,-0.22560903934,-207049.373686
command,-0.225305782458,-119071.43541
embarrassed,-0.225141807795,-44791.9385346
owed,-0.224799052854,-256932.949855
collected,-0.224714398058,-230398.118243
killed,-0.224619516964,-32947.8411028
hat,-0.22456962343,-9210.59069166
departure,-0.224486475846,-83050.1221775
order,-0.224251688966,-495872.732516
was-preoccupied,-0.223189474021,-344459.366436
slammed,-0.222927933348,-137826.681332
was-distracted,-0.221901834811,-519693.316822
pounded,-0.221066466602,-310242.499331
was-helped,-0.220659045575,-61517.6432109
straightened,-0.220564847884,-193873.066682
strained,-0.220473951437,-174287.823889
detested,-0.220273758313,-1693366.37516
thankful,-0.219653662574,-1198645.85841
patient,-0.219629223888,-59610.2242053
stuck,-0.219280438519,-51147.4709002
cared,-0.219112353302,-99513.6267151
eyelids,-0.21759521388,-51317.8069697
stumbled,-0.217087917248,-54974.4604987
brows,-0.217046210619,-86532.5316849
glass,-0.21605360617,-20178.7602852
notebook,-0.215048660403,-133969.970726
caused,-0.214979837674,-293177.342571
lowered,-0.214627645751,-30901.6600067
falling,-0.214499761748,-998332.705996
was-treated,-0.214000283399,-58175.0490043
was-forget,-0.213938235037,-218101.924053
business,-0.21386509979,-34822.9949243
was-make,-0.213735743739,-420178.651118
maintained,-0.213539160612,-155120.550713
wounds,-0.212849618486,-781983.302037
hopes,-0.212403755039,-492178.766536
eased,-0.211832359121,-251374.267773
avoided,-0.211556761262,-77300.0633973
disappear,-0.211127589594,-214302.779007
pick,-0.210830751436,-45636.7966819
big,-0.210818725441,-91383.3240361
plate,-0.210778690605,-40426.1894797
expected,-0.210541348536,-17085.4013295
telling,-0.210020687868,-22239.7016011
inspected,-0.20963725958,-208982.133769
fly,-0.208703667629,-115361.157458
going,-0.208503064992,-2135.77833672
spent,-0.208448140639,-9489.02094756
breath,-0.208087736937,-8625.76905289
fallen,-0.207386065271,-35128.4651139
imagined,-0.207168046567,-43077.8604677
socks,-0.207071154644,-85983.2997129
watch,-0.20697401684,-18605.9928616
actions,-0.206865769201,-222684.20342
hang,-0.206748685181,-62539.2787845
was-catch,-0.206661286724,-108065.645609
embarrassment,-0.206546642261,-1170569.00024
drawing,-0.206522126228,-285962.090659
spotted,-0.205568706416,-39291.9509857
lit,-0.20549940191,-26299.2042791
full,-0.205389801997,-50711.0382191
fished,-0.205376886926,-207450.49879
drop,-0.205082401673,-83385.6146836
beckoned,-0.204202936435,-55427.8604576
judgement,-0.203215650854,-109016.41148
frowned,-0.203111425102,-29173.0686028
rush,-0.202702071412,-78195.472056
growing,-0.202630689287,-86019.2040356
was-arrested,-0.202532728006,-189945.088999
was-eyed,-0.20232619534,-212767.379331
description,-0.201843754087,-238929.046771
landed,-0.201359621099,-121849.545679
was-made,-0.20122732735,-16846.3612832
guess,-0.201091726107,-146715.731885
affection,-0.200602482046,-121153.163037
honour,-0.199260779805,-69276.6183579
marvelled,-0.199038000497,-1050430.39911
learn,-0.198600089534,-68827.7714942
approached,-0.198154322849,-36491.4650642
staying,-0.197808699313,-33620.8587465
speaking,-0.197043116588,-49084.2426865
was-blame,-0.196420535074,-27916.1518934
undressed,-0.196159090526,-470813.708624
belongings,-0.196020077756,-203137.662009
brave,-0.195855736823,-637148.627212
struck,-0.195398401364,-47012.789139
shaved,-0.195270776686,-2276957.18492
name,-0.194987871032,-3613.16039329
victim,-0.194661006165,-155309.532656
was-stopped,-0.194381901758,-67785.7394818
was-astonished,-0.194144717102,-358974.555481
intentions,-0.193940050944,-766283.349469
commanded,-0.193679095199,-78518.1655141
choked,-0.193439519217,-344374.268167
created,-0.193204461624,-230492.726891
agent,-0.192654500991,-21798.201635
stole,-0.192553388356,-31796.019594
was-convince,-0.192475256069,-81572.6393994
stooped,-0.192233922285,-145526.030147
joy,-0.192200714037,-165194.604268
whirled,-0.192005262651,-2382033.13066
hotel,-0.191992217206,-30553.2679599
stamped,-0.191319034249,-334708.7309
support,-0.190902369989,-75948.1214174
woke,-0.190716240623,-44088.5937493
was-embarrassed,-0.190450369916,-224997.635928
said,-0.189859663624,-30.5660723984
see,-0.189667137436,-2862.60699074
tore,-0.188306931805,-100487.753193
flipped,-0.187932110233,-271046.066203
rejected,-0.187661982568,-68353.2120344
shoulder,-0.18743735573,-6949.02881113
was-chosen,-0.186988524181,-48531.4299565
facing,-0.186717829459,-422652.069737
understanding,-0.186259679782,-63065.9146012
hope,-0.1851371838,-48275.2453058
pondered,-0.184846734444,-159086.401215
turning,-0.184803979465,-80227.7780004
paper,-0.184611732132,-68359.2540493
seat,-0.18423227324,-14190.3226294
offer,-0.1838589724,-71717.6439052
days,-0.183802414181,-19952.3771566
decided,-0.183187366239,-6476.14729459
greeted,-0.182801150965,-52700.5692379
pace,-0.182779955532,-180597.682739
cigarettes,-0.181757010237,-514591.369264
applied,-0.181351446012,-181656.076481
status,-0.181306807681,-115136.966226
failure,-0.181164347003,-65869.8024894
claims,-0.181109350717,-76705.6959057
survived,-0.180935724734,-48863.038311
driving,-0.180878891879,-45061.5655509
books,-0.180718372621,-35882.0730308
twisted,-0.18065732581,-25945.2376734
concentration,-0.180508058622,-243648.843941
begged,-0.180000502508,-58885.6380909
propped,-0.179785699928,-108212.486815
liked,-0.179723664951,-4839.50604926
respected,-0.179316722652,-5097413.38038
was-lead,-0.179229449558,-44331.2440126
conceded,-0.178929767902,-363838.409707
pulled,-0.178817359182,-5235.87248378
dealt,-0.178748233243,-231033.006044
starts,-0.178505727637,-51769.0654262
lies,-0.178268452461,-98755.8151529
visitor,-0.178266298635,-62207.079784
recalled,-0.178162625858,-78941.7472975
direction,-0.17712434289,-59524.1886453
produced,-0.176995607724,-44362.1568029
was-reach,-0.17692639807,-32528.1699312
enjoying,-0.176903939944,-82390.8875868
visit,-0.176440056943,-20337.6862707
hungry,-0.17634578493,-126354.616771
poked,-0.176120075004,-73720.8921865
expect,-0.17499301209,-95066.3904433
announced,-0.174786967262,-20085.5218108
was-follow,-0.174766043401,-35557.0145063
was-fascinated,-0.174231071338,-113152.921567
smell,-0.174160859883,-117114.283746
fire,-0.173851219241,-149269.783254
win,-0.173767403584,-344458.529064
was-mentioned,-0.172554258582,-88977.6014871
bottle,-0.171292149091,-44830.901117
living,-0.171063252839,-23521.6959079
was-prepared,-0.170953104392,-52232.7767446
phone,-0.170916298174,-39037.6265158
dinner,-0.170834480306,-66320.9808368
worth,-0.170531955492,-60310.3952638
taken,-0.169793080577,-6208.78379021
done,-0.169716256542,-2720.58354025
rise,-0.169302996559,-144417.133416
was-determined,-0.169019597428,-79779.8847303
write,-0.16894002303,-104043.071435
was-knowing,-0.168579134391,-69268.6855076
form,-0.168430661764,-81216.5779186
was-threw,-0.167568515884,-31417.8512999
was-sent,-0.167521958456,-10883.3486996
lawyer,-0.167178759618,-75046.2658136
was-answer,-0.166816260837,-265914.201706
suggestion,-0.166551479702,-101912.023016
step,-0.16556143795,-81985.4738505
interest,-0.165387982734,-36464.4077775
bade,-0.165295366559,-148537.694025
was-surprised,-0.165274566603,-23229.7517123
serious,-0.164853637403,-59010.1462863
was-awaited,-0.164611993483,-755755.168051
existence,-0.163863220511,-122827.911501
shifted,-0.16368790157,-59311.3554075
was-kill,-0.163249270292,-18949.9631337
company,-0.163020411432,-17058.3786153
stunned,-0.162963692106,-97043.0499853
find,-0.162476011261,-12976.532449
hanging,-0.162296589141,-63445.651024
field,-0.162139734654,-206363.618001
was-giving,-0.162123903507,-73763.4342379
built,-0.16200619456,-35519.4001692
was-swept,-0.161367029053,-121119.12772
stared,-0.160610140309,-6045.71624427
came,-0.160178782863,-808.161324525
was-save,-0.159732833251,-42612.5513179
loss,-0.159605070406,-98348.9584094
recited,-0.159559095116,-67974.7322384
concentrated,-0.158866630602,-3088453.89189
trailed,-0.158241058862,-128083.265505
was-surprise,-0.158086432371,-281171.130342
inquired,-0.15791939223,-26637.6433836
girlfriend,-0.157636788344,-54594.2306828
desperate,-0.157582497202,-271020.630376
was-paralysed,-0.157337387669,-162549.274723
intention,-0.15723587277,-55054.8904985
wasted,-0.156895007743,-309917.80445
was-confused,-0.156843551249,-53599.7540389
employer,-0.156073343472,-26762.6606838
thanked,-0.155810365637,-61298.6436247
effort,-0.155772488494,-1565048.91943
handed,-0.155676651868,-9638.80899704
bowed,-0.155471539538,-26686.5551089
know,-0.154551307649,-2223.66486293
career,-0.154281991685,-33696.9173582
fight,-0.153455289315,-87167.3190798
spend,-0.152949682881,-73544.6185073
impressed,-0.152899219363,-48712.4592292
freedom,-0.152752700358,-94109.8180878
view,-0.15267367259,-299485.223776
appealed,-0.152453393432,-182411.751117
weight,-0.151971465183,-31417.8783159
admit,-0.151812289583,-83833.9075208
knocked,-0.151495701074,-35320.4709074
group,-0.151475186351,-185706.007791
snapped,-0.151415274272,-12119.9519883
friends,-0.151276868624,-4587.16984396
happiness,-0.151128480523,-89435.6226532
glimpsed,-0.151023535929,-151772.71547
was-got,-0.150313875831,-4734.84554915
shoes,-0.149939114664,-11184.5532089
was-want,-0.149908672061,-23036.2784609
listened,-0.149684267014,-9428.71337361
plan,-0.14907833786,-38455.2378434
cursed,-0.148270560446,-80158.2190188
jump,-0.148007456618,-177436.728489
weak,-0.147802457324,-181563.740176
party,-0.147302986362,-22864.4553115
language,-0.146832936877,-169630.655652
eyed,-0.1468297901,-71244.9039819
arrival,-0.146512707017,-27489.4430358
state,-0.14648956462,-93939.5365299
ended,-0.146317610101,-40157.6849888
elbows,-0.146217331249,-53810.5596639
glad,-0.145613451308,-16838.1165284
chuckled,-0.145259116437,-34804.0483041
was-put,-0.14495455666,-6406.49301334
held,-0.144735796159,-2906.88438989
think,-0.144575132305,-2941.74491683
was-caused,-0.144337594605,-127817.187104
stretched,-0.144239000693,-23119.5253995
towel,-0.143995854331,-88158.8112209
words,-0.143945688055,-5813.41352495
grasp,-0.143911429607,-39697.7013982
moves,-0.143750901328,-34699.9545907
pencil,-0.143730470729,-109978.870312
was-greet,-0.143664634058,-224516.521007
card,-0.143209104318,-92825.1057001
replaced,-0.143154613942,-21034.846449
was-aroused,-0.142907064575,-1055450.39504
loves,-0.142866509347,-20955.2978535
was-show,-0.142725336913,-41457.0575765
believe,-0.142711241157,-8725.15133119
commented,-0.142616423225,-29112.5022622
fool,-0.142330124623,-46031.0637652
switched,-0.141889772782,-92945.3224098
suspected,-0.141664147275,-68812.8799294
meeting,-0.141536311799,-275789.293472
grabbed,-0.140950248986,-12831.6165362
style,-0.140695730199,-26354.6681863
folded,-0.13992376639,-48140.3851667
guessed,-0.139863973689,-49174.1616821
was-drive,-0.139806093788,-50692.0267742
experienced,-0.139761406068,-88884.3680185
stiffened,-0.139740864783,-459429.204395
lunged,-0.13959646456,-443605.830874
climbed,-0.139472947327,-11782.6296582
jumped,-0.139355226505,-10677.168585
got,-0.138581235597,-983.04537531
dislike,-0.138539856671,-558887.627779
game,-0.138225866954,-100706.788001
part,-0.137973480646,-12829.1746798
ribs,-0.137530232954,-107990.014076
sleeves,-0.137259067067,-133306.085261
dreams,-0.137172020521,-38233.9615744
was-strike,-0.13710524986,-324540.502178
was-treat,-0.136956307696,-92697.5062671
clenched,-0.136830253022,-854307.073567
puffed,-0.13586954667,-127457.083769
shouts,-0.135704292088,-184468.25929
preparing,-0.135189328542,-50007.2388304
named,-0.134794606793,-58516.1716438
afford,-0.134741778775,-24012.8146807
requested,-0.134676934321,-52601.7339794
was-beaten,-0.134659510388,-83979.1494749
was-forgotten,-0.134441618167,-38420.5585689
clapped,-0.134369264421,-30210.5983103
struggling,-0.134137139593,-194901.379676
shaking,-0.133783782269,-52269.0043628
continued,-0.133659718263,-3824.06474884
hauled,-0.131744558454,-100311.022187
feeling,-0.130878484542,-13616.6019041
grandfather,-0.130534490011,-8698.67906587
uncle,-0.12992773522,-13905.0502744
stiff,-0.128727204839,-148319.226719
washed,-0.128684290628,-15696.374749
doubt,-0.127839314035,-596242.242618
explain,-0.127829388855,-105630.91224
exclaimed,-0.127680699205,-11090.5463698
companions,-0.127291401506,-42468.13295
bunk,-0.12653445713,-378055.281102
was-accustomed,-0.126517803785,-93251.0103011
missing,-0.126300817917,-73151.2337999
wants,-0.126147436323,-2794.87365399
wits,-0.126064289609,-49473.4105651
was-bring,-0.125307139705,-10128.8208365
crawled,-0.124939126305,-32550.6994193
trudged,-0.124192973801,-59178.8619069
rage,-0.123855013823,-43303.2930874
embrace,-0.123560062054,-72105.2173838
leg,-0.122775058369,-11250.7625178
accompanied,-0.122600613297,-69884.3366503
deny,-0.122152385631,-285480.385861
tapped,-0.122151938819,-21931.1477879
gulped,-0.122046936612,-121988.612166
questioned,-0.121600500529,-33397.9169894
rose,-0.121296630892,-9960.51430313
stop,-0.121097212337,-8524.33444583
was-visited,-0.120947517296,-38777.1758201
flesh,-0.120475755462,-21692.3163991
hung,-0.120432024562,-17222.1367531
boss,-0.119752903371,-13531.3298693
turned,-0.119067643115,-982.331076348
charged,-0.116918163046,-91048.2638343
rapped,-0.115217855956,-239843.584592
curled,-0.115189620118,-83829.0010747
certain,-0.115177290672,-70530.7767786
was-preferred,-0.114923425205,-55494.5837853
brothers,-0.114681800325,-10662.5809826
experience,-0.11449089467,-16449.5748902
convinced,-0.114216142113,-288723.8641
was-filled,-0.113605058175,-71397.5076961
was-done,-0.113597544918,-15520.2690362
shut,-0.113413775965,-29333.8670471
hide,-0.111608906976,-51383.1279448
jeans,-0.111436179435,-87736.9498399
ticket,-0.111233957954,-3226400.52655
forgotten,-0.111114447766,-17283.0224135
was-hugged,-0.110733735423,-28030.4616314
was-lifted,-0.110480048312,-25890.5322454
ventured,-0.110265611318,-73767.2054989
learned,-0.109702983835,-11369.1315623
press,-0.109466161368,-111187.25099
desired,-0.10944220909,-34662.2315814
following,-0.109292642286,-143996.748425
stirred,-0.108931323811,-50359.314846
hurry,-0.108851809622,-71664.8896922
discovery,-0.108833298069,-85137.0503207
strode,-0.108467820087,-50457.910387
returned,-0.108431980474,-2926.26421467
was-cried,-0.108409398819,-7812.28393614
strike,-0.108306944173,-185713.287994
ignored,-0.108265411135,-44573.2915126
hesitate,-0.108197094884,-475697.149192
painted,-0.108055061062,-52689.8524594
died,-0.107975677105,-1387.73234016
impatient,-0.10750561357,-70907.2767783
spat,-0.107105746032,-32112.3626435
staring,-0.106522539106,-10571.9521152
food,-0.104661499198,-14392.477201
stomach,-0.104455683774,-11510.2852819
buy,-0.10440273664,-40658.713286
hooked,-0.104259918193,-68903.4316415
skill,-0.103408513613,-91554.2329237
lead,-0.102857823077,-23668.52523
was-assured,-0.102388334127,-29824.7918644
fortune,-0.101799954195,-113443.095443
wriggled,-0.10125769979,-44913.1721554
was-question,-0.101160473708,-65828.0546357
keeps,-0.100825305034,-10703.9573351
shoved,-0.100799041897,-32131.6370109
declined,-0.10072070587,-65020.8888538
stripped,-0.100674629344,-264697.000228
love,-0.100535886335,-3815.42085641
drunk,-0.10047082014,-80126.9674753
distress,-0.100392598561,-86318.3366278
was-leave,-0.100339818665,-8925.2977331
coffee,-0.099522864658,-8390.17316985
whistled,-0.0990707188125,-45348.2070822
missed,-0.0985072562271,-12213.8623258
scrambled,-0.098159820766,-40972.6595388
sent,-0.0980472634516,-3832.07437427
was-asked,-0.0978504547481,-859.465212232
bear,-0.0977301535337,-18094.7809781
supposed,-0.0975202737162,-19305.6762911
share,-0.0973083478776,-22486.6793971
guilty,-0.0968403564238,-79191.2565666
squatted,-0.096492766831,-59545.6660196
favour,-0.0963287805024,-139168.534167
wished,-0.0960544924698,-6998.91855344
ass,-0.0959249713932,-18696.6378042
birthday,-0.0957092139722,-21850.5770121
invitation,-0.095548561986,-38005.5037479
was-patted,-0.094687053343,-68348.5800143
concluded,-0.0946044018728,-22277.4643482
plans,-0.0940528173753,-14445.1086956
takes,-0.0932268935513,-6652.56190544
known,-0.0930277608539,-7897.34957004
wanted,-0.0930246912835,-910.054648964
drink,-0.0929367514646,-14377.2874788
believed,-0.0928131809654,-6343.50962597
written,-0.0925501911975,-21584.4517551
shown,-0.0924530647037,-27180.6835755
ordered,-0.091799337005,-6755.80757142
avoid,-0.091240771578,-677258.161937
was-pushed,-0.0909634130413,-16504.7242829
tracks,-0.0909104984589,-197172.713428
was-putting,-0.0907921112939,-61385.5037855
respect,-0.09041025597,-1898820.54487
check,-0.0903908357233,-208681.06718
detected,-0.0902069939509,-90337.6698545
fault,-0.090035158783,-10483.8519656
was-getting,-0.0898999913004,-18064.1473341
was-fixed,-0.089700851358,-150360.720062
drinking,-0.0894695931966,-77434.2737089
posture,-0.0889711905058,-65465.294196
performed,-0.0885355570568,-27076.1418268
was-touched,-0.0884639817344,-26608.5400284
release,-0.0884563623238,-413438.550198
was-meet,-0.088411457505,-4876.08811283
broken,-0.0880140533932,-37559.9937594
winced,-0.0873476109545,-74336.1809254
frightened,-0.0872216585638,-29613.3051178
present,-0.087069864127,-214651.243407
paused,-0.0870564676362,-3513.94760149
efforts,-0.0870542966106,-23872.614459
selected,-0.0868382224804,-76931.8641648
lied,-0.0866423409448,-51864.2047501
picture,-0.0864549630926,-24823.1510929
put,-0.0862234043204,-1116.69822053
play,-0.086070415981,-13760.5572025
spoken,-0.0859645024118,-18264.4916842
writing,-0.0858065152031,-10049.24273
cane,-0.0853757234538,-185464.450995
right,-0.0850166420825,-4079.84134712
pen,-0.0849373252579,-36858.8379082
silent,-0.0846330036903,-15075.0538196
path,-0.0845108414549,-487125.084721
trusted,-0.0843372226314,-243393.719906
was-passed,-0.0841775533506,-39362.9962935
was-released,-0.0830912758726,-65524.1256227
habits,-0.0830407960751,-304242.852526
last,-0.082974913171,-21395.165051
stay,-0.0825640622324,-10414.3038511
return,-0.0823775794207,-7713.77771058
eye,-0.0816447012358,-5881.43055388
begin,-0.0814992984082,-22449.7442896
sense,-0.0810730348745,-25154.2302415
thrust,-0.080942730177,-31611.0739285
had,-0.0801063223858,-182.804035088
wedding,-0.0799817534659,-58822.9606092
saved,-0.0799418063252,-28713.9547474
clasped,-0.0799039200193,-31898.1660912
was-believe,-0.0797873461714,-41990.3391318
dug,-0.0796292698154,-89191.7558142
kicked,-0.0795230368901,-24833.1955142
regained,-0.0785918232121,-43205.2744626
rest,-0.0776241716778,-53651.3214759
ankle,-0.0773193498918,-24588.6385966
grave,-0.07717750016,-7386.4750433
affairs,-0.0771615242526,-28993.4815236
fingertips,-0.0769095376892,-85301.8581148
was-killing,-0.076795534415,-37123.8785402
was-pull,-0.0766813909784,-84061.6041599
was-turn,-0.0766538931892,-168032.672129
reassured,-0.0763384105312,-39579.927815
trouble,-0.0759888683343,-60568.6366828
was-kept,-0.0749303082939,-9510.74770902
departed,-0.0741446072633,-92671.9717733
sucked,-0.074048514736,-220995.780642
was-dragging,-0.0739851896159,-48715.7916563
confused,-0.0732802415965,-78454.4996544
ground,-0.0732343832711,-130612.760039
tossed,-0.0731438116893,-16442.7576979
called,-0.0726212288748,-979.335191967
pleased,-0.0724738039325,-10090.3178151
due,-0.0717944290113,-120990.027562
was-introduced,-0.0717817236188,-14040.4017851
friend,-0.0716958969581,-1682.41432085
was-helping,-0.0713920494416,-22648.7670419
statement,-0.0712477777959,-16184.3489382
phoned,-0.0708146100757,-34296.688114
young,-0.0707732382204,-11422.3524061
water,-0.0705835155701,-22299.0727348
escaped,-0.0702004484886,-25998.9907034
blanket,-0.0699300322616,-88604.3148804
was-laid,-0.0693895317809,-36104.6423495
pursed,-0.069290923905,-116996.49006
discussed,-0.0689557819124,-48424.9091186
squinted,-0.0684919730712,-30951.0965275
was-greeted,-0.068039506309,-34617.1493441
was-let,-0.0677231945794,-6794.0542717
instructions,-0.0677179539376,-64370.708557
forgot,-0.0673146190578,-6248.04921529
short,-0.0672604211255,-18494.9891852
arrived,-0.0670177669195,-3470.02772169
directed,-0.0668846392516,-43600.2024392
chance,-0.0666112984603,-261979.807829
conversation,-0.0665533431044,-20550.9647893
ease,-0.066247322033,-580626.634756
afraid,-0.0656775619245,-7131.76706316
asking,-0.0655904299229,-15718.2579863
blind,-0.0654799718923,-11834.8403277
talking,-0.0647305823988,-2712.01291416
was-please,-0.0644842467859,-33227.9034462
was-seen,-0.0635307418224,-2772.40393173
receive,-0.0632518363894,-75393.7640632
able,-0.0628607430931,-2502.69276617
lying,-0.0624450581338,-6671.86540679
news,-0.0623361302095,-58666.6243368
finished,-0.0616250363777,-2151.55627672
set,-0.0616019626152,-2595.50709847
address,-0.0615586877087,-9652.3763344
stands,-0.0612848870205,-17642.7519046
demanded,-0.0609249107205,-8069.51348683
lost,-0.0608560073771,-1938.05651633
searching,-0.0606375422425,-426289.159542
seems,-0.0602537251411,-17507.7633936
childhood,-0.0592391681466,-22843.3315547
was-changed,-0.0588799792164,-32135.6305113
fetched,-0.0586443694244,-37455.4380549
mistaken,-0.0580990239577,-85633.0551251
roll,-0.0580114781448,-87601.8315284
lain,-0.0575151429502,-109328.875904
was-hate,-0.0573709838695,-30390.2896041
hid,-0.057269227815,-14978.1923132
reported,-0.0570904016419,-11828.4411049
crossed,-0.0568798488308,-8634.09540379
hitched,-0.0566431372778,-29768.2238948
expressed,-0.0562046863383,-71134.1474846
was-call,-0.0560340739316,-1833.3354372
clear,-0.0558087395675,-123524.550043
was-locked,-0.0557174806409,-24452.556027
was-pushing,-0.0549230094269,-15226.6855281
encouraged,-0.0543422633003,-62953.5099444
sprang,-0.0542835867875,-90764.1733538
getting,-0.0538844935355,-3597.69430815
obeyed,-0.0536108599783,-26826.7772708
consciousness,-0.0533733823767,-53255.5871952
knock,-0.0532936807424,-78520.8271926
watched,-0.0532763056498,-1844.50565626
observed,-0.0523842798048,-7568.65519385
upset,-0.052136426183,-31541.6935598
wondering,-0.0511955600869,-34688.9797894
was-failed,-0.0509871086358,-162094.005153
arm,-0.0507957672561,-804.215663108
brow,-0.0504385274177,-9149.38918909
fancied,-0.0500554510996,-198208.875062
dying,-0.0497363005181,-10972.5367954
jaw,-0.0495502334162,-9882.22645307
shouting,-0.049407771339,-16294.2483706
suffer,-0.0489638307234,-152559.053742
save,-0.0477952233748,-25983.3427299
crept,-0.0475987566112,-31191.8132884
promise,-0.0471875836015,-12547.0045166
climbing,-0.0470024994401,-32306.3130498
was-remember,-0.0468188161743,-3446.00514541
sort,-0.0467161700826,-9661.99066758
prompted,-0.0466709932989,-108212.508282
help,-0.0465024563437,-2264.16451305
smoked,-0.0462194306563,-51338.5881965
belly,-0.0461885163362,-9408.3067796
was-forced,-0.0457758021601,-9854.65221112
english,-0.0454171961611,-37572.8075536
planted,-0.045096413025,-11275.2287154
reaches,-0.045047065754,-25989.7555076
managed,-0.0449765917721,-2877.32928508
was-trust,-0.0446258613307,-10573.6564264
thank,-0.043881803051,-17862.3026738
buried,-0.0432782949309,-15735.0013993
chair,-0.0430964639307,-1798.86944886
was-picked,-0.0426375270015,-8979.23119575
advice,-0.0419936973476,-9780.30150368
was-understand,-0.0417137907221,-24589.2617224
disappointed,-0.0416680766461,-62304.5753123
yawned,-0.0413134961522,-47060.8696929
was-leading,-0.0404968158726,-17249.528332
make,-0.0403219141137,-1092.27816036
mention,-0.039881766518,-13450.3122239
finger,-0.0398789072035,-4467.21409166
hastened,-0.0394089940086,-11215.8179477
prayed,-0.0393127872542,-8703.57723816
stood,-0.0387457092878,-563.361854847
was-overwhelmed,-0.0385615234734,-332491.868973
risked,-0.0379310890732,-36990.9802303
surroundings,-0.0378209674793,-28418.7090295
hovered,-0.0376603628484,-144835.920529
enjoy,-0.037630398727,-58112.2399276
run,-0.0363443880813,-3159.73010622
accept,-0.0362607882468,-21450.2092903
troubles,-0.0358208357923,-50179.1831815
spit,-0.0354471343089,-17628.2527368
like,-0.0350062634842,-1335.55160163
bent,-0.0344827573104,-68076.3383536
hurried,-0.0344787777823,-5056.03974338
system,-0.0335177536003,-21881.7844088
reply,-0.0334125626398,-7127.34980751
curiosity,-0.0331921029832,-11027.2198246
tipped,-0.0331817331609,-99305.0332289
winked,-0.032684993007,-6175.85711455
dismissed,-0.0324714668745,-11813.4447932
emptied,-0.0324299002526,-20468.1026419
birth,-0.0321111515461,-10591.5107291
protested,-0.0319088716,-5949.81277288
wandered,-0.0317893865631,-6950.43094541
safe,-0.0315237972625,-7852.55095832
charge,-0.0310017625153,-16673.0431411
shrugged,-0.0309135849967,-1783.63739488
movements,-0.0301560286249,-11071.1524486
pictured,-0.0298543466596,-14992.763562
was-having,-0.0295099108264,-12965.196425
was-given,-0.0294215427123,-3406.05648103
service,-0.0292062789972,-56955.0915822
flinched,-0.0289384646578,-18280.2521807
betrayed,-0.0282750203376,-16496.945433
was-noticed,-0.0282532462242,-11370.7858971
awoke,-0.0280442007947,-7370.7458755
was-have,-0.0280152025964,-1810.59703833
spun,-0.0275603136368,-13817.6282933
concealed,-0.0271996273085,-37824.0746012
brushed,-0.0265724366572,-10983.9548739
felt,-0.0265518849193,-227.093464074
was-prevent,-0.0264608708431,-10757.9353121
land,-0.0256576521904,-6404.12832995
was-tell,-0.0251660571983,-158.617653855
pushed,-0.0249085707648,-1988.66910218
power,-0.0247757189154,-12632.9034903
course,-0.0242878923285,-11959.3680974
went,-0.0242510066396,-126.925496986
asked,-0.023971566025,-103.177912361
turns,-0.0236111229604,-2815.63908628
happened,-0.0234278426798,-8532.13640853
resolve,-0.0230274990797,-109465.016106
lacked,-0.0228683704279,-19575.610098
go,-0.0218169927985,-348.174083489
drive,-0.0217441359699,-5531.83980687
acquired,-0.0215366361337,-11091.5190289
controlled,-0.0204138244141,-302823.957339
was-touching,-0.0202212195938,-42929.1383815
shock,-0.0201975858319,-117079.613881
sounded,-0.020028497236,-1648.37867003
was-murdered,-0.0198176996023,-3380.62266838
was-carried,-0.0196556383311,-2961.2335256
insistence,-0.0193923328188,-7986.44734705
stupid,-0.0191604159435,-23722.3604767
attend,-0.0189101943903,-23772.3800161
enjoyed,-0.0185901707197,-2836.66240923
running,-0.0183893507943,-3055.38295366
addressed,-0.0183738578889,-13540.4396723
resumed,-0.0173427170009,-3980.60426861
was-telling,-0.0162390866078,-1172.48382198
reason,-0.0156429276547,-6694.18147777
lunch,-0.0150646465633,-2486.11525575
was-mean,-0.0148206948226,-5274.40086638
imagination,-0.0145253655499,-4921.29023289
money,-0.0138892758655,-1916.88308777
speech,-0.0135700200588,-2773.19592823
tasted,-0.0134221951581,-49086.0512453
move,-0.0130133999796,-766.790407076
picked,-0.0123667686747,-450.167961833
beat,-0.012218684146,-1925.38316338
shout,-0.0118106028823,-4981.57790081
breathed,-0.0116911371442,-1558.49227661
irritated,-0.0116648994245,-57149.073837
's,-0.0113822767445,-190.069090068
shake,-0.0111881308837,-18379.5368741
volunteered,-0.0109860462004,-7318.22012951
working,-0.0106386744851,-1037.66973168
was-addressed,-0.0106045641536,-5526.79316247
concern,-0.0105591897941,-5908.34821301
absence,-0.0102243774789,-5209.78745119
was-taken,-0.0100393218247,-739.686450023
problems,-0.00978603588473,-11140.2099852
bounced,-0.00952757947096,-13890.7749974
was-whispered,-0.00933345846764,-2226.58614198
touched,-0.00914735319636,-978.70065734
influence,-0.00897834103547,-4227.43224996
pleasure,-0.00895233295493,-3790.83351618
froze,-0.00796445386193,-4848.71932545
nerves,-0.00780728229756,-10535.0330658
role,-0.00765149310336,-3420.36857812
shuddered,-0.00739951176176,-2144.23421051
was-thanked,-0.00739466004297,-1573.49952492
assumed,-0.00719961362863,-1149.93478964
showed,-0.00707156132893,-465.88820861
retreated,-0.00671280087798,-1570.69118659
uttered,-0.00627094191364,-2904.26422405
late,-0.00617280092974,-3065.53084838
replied,-0.00616680916682,-149.160176132
confidence,-0.0059971399119,-9785.31847055
repeated,-0.00594953142884,-476.23597794
was-kissing,-0.00588824835322,-3716.08261514
startled,-0.00507854402353,-7688.10495089
manners,-0.00491372058666,-2917.01320707
declared,-0.00453065488749,-528.791853618
attitude,-0.00446307664851,-1585.53818361
point,-0.00429064162831,-682.279227808
was-disturb,-0.00410730776642,-16334.3188325
was-examined,-0.00398179866017,-2020.90831931
darted,-0.00367696975217,-8076.69142221
was-expected,-0.00244423455061,-797.889212228
number,-0.00207789346936,-487.9547445
energy,-0.00203937720186,-1412.44460539
worked,-0.0015436683614,-66.2885066743
favourite,-0.00133902246226,-599.237606628
was,-0.00120595334755,-3.61587683565
heel,-0.000858565418744,-381.921154859
eyelashes,-0.000851872466034,-572.068796963
urged,-0.000696912959896,-166.643902466
was-showed,-0.000310517887853,-105.634739365
was-invite,-3.87097888236e-05,-32.9713089251
rising,0.000576783048946,215.560022899
attack,0.000933509607772,466.465742035
frame,0.00096216974785,829.158122134
firm,0.00319287060027,7693.69278922
opening,0.00331503817925,3455.47553926
gained,0.00382234737953,5099.85881092
was-disturbed,0.00387759519582,2620.72011364
was-believed,0.00452922713932,3710.19736484
remain,0.00456618021104,1792.92428445
collection,0.00458624281544,1365.82785436
sang,0.00466829450456,419.690324594
was-disappointed,0.00472203893512,2822.16090907
remarks,0.00498856777253,1667.06142312
showing,0.0051127720878,8794.13643181
noticed,0.00525399653233,335.591266597
different,0.00528080120134,4096.60299456
sad,0.00645773865836,3230.07837801
give,0.00716683625117,277.199908868
carrying,0.00728681035378,2817.4369604
much,0.00768222090298,2250.83438877
quick,0.00877121893114,2526.10689631
free,0.00885526227297,4412.66857336
grew,0.00892214172073,1352.07221956
stare,0.00926878129075,7663.3152921
eating,0.00933806907041,2659.10152793
recover,0.00963167010121,9488.51710606
slapped,0.0103961078756,2818.98745882
soul,0.0106060313431,1291.28582415
was-warn,0.0109325414866,4887.56138184
sorrow,0.0110892464406,23804.2450696
retired,0.0112704761602,2911.21067275
was-pay,0.0113838727444,3817.15424148
remembering,0.01180793996,37014.9499635
calculated,0.0118414547544,22271.2098725
pack,0.0118741763789,4367.86098956
aware,0.0126432945127,1832.42791899
bring,0.0126982618199,1509.24747693
life,0.0133934109674,230.196056134
was-caught,0.0133946991166,1895.83664081
lonely,0.0135880717226,27722.0026944
was-shut,0.0138131516994,10037.3904781
was-keeping,0.01411063367,68034.5989599
meaning,0.0146278200305,18562.3364692
peered,0.0146778987109,4386.44299802
clothes,0.0146807299303,1041.69810362
weighed,0.0153893562899,34726.03439
reappeared,0.0157243186682,10625.0158635
was-turned,0.0158342185245,6838.55559515
was-pulled,0.0158363075715,2350.1567269
spoon,0.0160867204262,14816.8372729
works,0.0166686185543,2133.50572757
answers,0.0169814470684,18777.373037
protest,0.0171488214193,181036.09918
was-attacked,0.0171852212647,31499.5834254
lie,0.0173165472767,6590.27002721
trying,0.0173381436869,1317.90580784
thinks,0.0180479101898,895.92874248
carry,0.0189316856391,4450.07594023
boot,0.0193352315908,17628.4085505
judged,0.0194047516276,605788.535336
was-carrying,0.0197128146862,17103.6948926
bill,0.0197752262279,8197.43320867
mumbled,0.0201953700153,6113.06121133
countered,0.0205328623418,48690.5142965
drew,0.0210842901217,1339.4849242
spine,0.021464457936,4770.98057458
smart,0.021484144346,15870.8032878
control,0.0216482323504,16486.1391804
spread,0.0222080743002,6805.2963287
threatened,0.0224498585228,10580.9602577
presence,0.0225750285293,1981.12760505
writes,0.0227375449317,8489.38657911
familiar,0.0231544514474,23996.3863923
searched,0.0244057825531,5437.75355487
cigarette,0.0246769263222,2358.20084785
gone,0.0250627392737,446.967402857
call,0.0250629415531,1268.62269173
appreciated,0.0264590015858,13663.2484602
focused,0.0270500261742,45343.5693236
front,0.0274391204728,707526.213544
was-ushered,0.0281612877338,41081.5283917
disliked,0.0286394589136,28400.4270413
neck,0.028689192238,836.389175532
year,0.0290966593455,20461.2325407
was-liked,0.0291319396349,3134.70374168
was-summoned,0.02926868743,32875.4428149
occupied,0.0297217152969,85060.6090518
station,0.0303639249613,22732.953856
was-face,0.0304810422882,16604.9038247
speak,0.0307784054871,2415.39495959
relieved,0.0311711094756,83637.5262282
nods,0.0315789455205,7081.17063528
was-supposed,0.0317863888061,4432.4360477
was-tells,0.032167946049,6939.64271096
exchanged,0.0332838408642,7328.51572392
worries,0.0338142398535,41745.7404975
swayed,0.0341381566603,81688.0630959
uncomfortable,0.03471549335,71007.7877875
was-led,0.0349504805495,5971.55961577
was-approached,0.035597332379,9527.36340032
murmured,0.0356793121965,4399.45540892
catch,0.0357760187527,11481.2050017
shoe,0.0360051350336,23995.2715901
putting,0.0361415647195,5051.87582638
admitted,0.0362955372188,3502.89000012
fed,0.0365720526352,11011.436689
thin,0.0367144091514,17960.552775
member,0.0371514786196,13890.4444211
was-reminded,0.037326066932,4605.91842025
invited,0.0376063623812,3426.95574852
answered,0.0377872941536,1279.25066776
was-persuade,0.0382400114908,9533.54321469
begins,0.0383754435342,11238.4483788
was-guided,0.0390254815888,114310.81779
surprised,0.0393419347129,11054.7709602
meet,0.0395845761643,4807.61654927
vanished,0.039656104801,15560.699813
thoughts,0.039668156327,3484.94774251
walk,0.0396732589368,3376.18370467
habit,0.0397147176365,9068.60850944
heavy,0.039904847401,131305.093121
was-push,0.0401104393758,90958.2382074
answer,0.0401750913453,3122.50473954
journey,0.0404221250752,17859.8425575
companion,0.0404284936432,5993.52531541
deserved,0.0404524268592,21850.1675173
grasped,0.040573046623,32681.700081
dried,0.0406968854124,817880.008029
take,0.0409143906495,1072.67846817
ashamed,0.0416581096268,28189.2578361
task,0.0416647407297,23665.2097958
piece,0.0427286311031,79578.2418336
bread,0.0433191766411,27891.6773019
disappointment,0.0433663773745,17194.1528425
lurched,0.0434923004766,35824.3739755
ride,0.0436046013635,6376.26236945
braced,0.0443071135059,1237635.69629
trembling,0.0443508069993,115408.97322
engaged,0.0449536342674,49822.0847587
informed,0.0450827439384,15851.2244907
was-saved,0.045554766216,17833.3648852
yearned,0.046268906602,37341.1817766
busy,0.0463781284316,5944.52830242
visited,0.0467799867767,11748.6537299
uniform,0.0480512326637,15930.1355543
drifted,0.0481141159103,38535.8952425
stepped,0.0485279553029,2170.65897707
summoned,0.0485470343572,16210.8737564
objected,0.0487875429409,22712.3264606
telephoned,0.0496127136884,17484.7828796
dreaded,0.0508538768469,30887.8110567
helped,0.0508955126924,3589.37045302
was-infuriated,0.0511493754707,267493.423743
relations,0.0511847458128,46351.9964079
holding,0.0513778980411,7897.26042008
excused,0.0515740485864,21285.5556028
told,0.051605433085,263.163155407
destiny,0.051636814316,313260.037229
was-involved,0.0524202960532,14506.318685
responsibility,0.0525404469214,28860.203057
was-send,0.0526163379499,10387.9780517
mistake,0.0535943623627,43663.8972287
dance,0.0536125499051,18838.7853696
was-shoved,0.0536898402121,10621.9104793
was-depressed,0.0537278064893,157478.998547
was-grabbed,0.0537472092409,13095.1209927
survive,0.0542849592707,434086.646682
apartment,0.0545793298302,3679.98065863
holds,0.0547174511246,17683.5021352
tone,0.0553917087233,14482.4386505
handle,0.0554483115071,60112.3350954
jealous,0.0555924224485,12612.1875987
intend,0.0570643648381,59931.6028769
stool,0.05718531689,32421.6654691
was-hold,0.0573914785727,11482.6724861
was-told,0.057724728375,272.09624708
knows,0.0579124321351,1279.70381007
slowed,0.0580161753118,59550.5121836
memories,0.0582096508695,24478.0510622
sake,0.0583854703814,12973.0945085
live,0.0591046817853,4340.14494774
was-seeing,0.0597103728444,7876.75032705
does,0.0601104648785,2097.27703898
locked,0.0603362392208,9829.79011347
was-teach,0.0605342012121,28124.270639
cut,0.0606355593831,6669.75004062
was-thought,0.060738802602,13247.5959967
was-held,0.0610194466564,11374.1209479
pressed,0.0614080915161,11910.7220785
bothered,0.0616252692578,120841.792192
join,0.0616869526393,30723.4298263
advantage,0.0616908887758,35691.5087572
school,0.061873162176,4482.29300295
brings,0.0618918674976,19957.9573056
returning,0.0622121347169,68648.5220274
open,0.0623724395383,17067.2441956
was-blinded,0.063700756012,299265.983657
bones,0.0638120087185,28893.9223435
was-brought,0.0639667538879,5871.33418037
fingernails,0.0640609027455,88386.157108
bending,0.0641457374684,43746.417855
fate,0.0643030454613,24014.3046723
taking,0.0643144609383,7023.56603666
machine,0.0644926067757,59868.699633
consider,0.0646622549938,25596.621022
endure,0.0648418141748,38191.0935846
was-finished,0.0653575662387,37707.2664596
performance,0.0661323024739,95857.5294143
approval,0.0662254309441,55291.380316
given,0.0662320625406,3550.81243839
determined,0.0664340739274,20128.1973085
completed,0.0668357691641,127674.986843
good,0.0679028988242,7550.57634441
considered,0.06872829778,9883.97584967
banged,0.0688519461944,13022.4487802
was-stood,0.0692534187451,26412.8507184
relax,0.069529289733,408993.769202
was-met,0.0697102708066,1859.68570879
shook,0.0699389739629,1449.80673314
setting,0.0711318307554,39297.5865701
sides,0.071166281,36277.0028093
passion,0.0712433006776,16033.79078
coming,0.0714292045768,3477.77409914
watches,0.0715274505609,44987.0532751
measured,0.0715494019338,182714.513232
whispered,0.071763812224,2697.7791073
knew,0.0724980760155,490.715283515
hurt,0.0726088445967,19292.0927043
argue,0.0736572870695,42520.3230112
played,0.0741701779074,3642.49591449
persisted,0.0742802074125,40365.9631739
was-possessed,0.0742856206547,128942.462766
sleeping,0.0747672481339,56213.8031134
fond,0.0750144413499,20423.0047454
was-convinced,0.0752032156857,49783.4173781
disappeared,0.0752907401751,6749.33254008
spied,0.0753040868068,43065.8606971
lets,0.0753595931732,29976.411653
self,0.0756960646434,26970.3722359
motioned,0.0758896924734,31186.7562266
palm,0.0769370659976,21302.0604896
moment,0.0771687857408,40519.9727345
was-watch,0.0774263005157,27308.3157617
was-motioned,0.0778571962847,1171779.47755
lids,0.0781708288051,84450.1220638
say,0.0782820387352,1123.04369863
marry,0.0792265018271,15151.275186
arrive,0.0799014197274,114285.921634
suspicions,0.079983354328,84894.2439866
barked,0.0799976855655,263634.121311
loneliness,0.0803977963968,129858.88912
was-seated,0.0804542997065,23904.4819413
was-attracted,0.0806758494252,72927.2347601
shivered,0.0806968740098,50095.6400208
was-engaged,0.0810322589959,42682.1807133
patience,0.0820165380856,103822.700673
excitement,0.0823840051159,40484.4082162
peeled,0.0827367108283,196838.767167
was-teased,0.0831039514802,65292.097174
dreamed,0.0832522889674,17758.3111521
longed,0.0832684170572,31699.063092
was-dreamed,0.0836402545186,615248.541353
eyebrows,0.0837114599019,8810.33130525
chin,0.0845149788826,7610.21837601
fit,0.0845816102025,16440.1946695
realise,0.0852529765299,15265.6276496
talks,0.085505823063,27179.6665561
committed,0.0864225673565,43673.8943614
was-bored,0.0864397106232,38870.1164907
lip,0.0869453876473,9606.39461768
anger,0.0869474247756,10676.2995203
succeeded,0.0869729110949,14912.1327816
be,0.0872774213555,2164.89255271
responsible,0.0876074629212,16952.2880029
pursued,0.0879373528079,315775.243281
was-shook,0.0879438402529,18053.483846
content,0.0881507481372,26881.7735586
'd,0.0882130905104,25094.4777892
footsteps,0.0884246803118,33011.934791
was-inspired,0.0887865952695,76485.5077578
irritation,0.0893115365098,2337542.1629
progress,0.0893751130113,49228.6046521
hesitated,0.0897965204376,6688.73940897
calling,0.0902316469088,14067.6039626
times,0.0907079690888,47626.1491787
flight,0.0907948048278,55419.5082058
fingers,0.090957070156,2918.99898033
was-waved,0.0910918424693,85150.5343348
regarded,0.0911163200941,24179.1932802
gown,0.0911567491085,18797.6126954
reckoned,0.09151052768,140867.270082
pain,0.0916555300094,39636.7117763
was-said,0.0923397363811,34058.8316317
was-interrupted,0.0924021517129,82637.0584847
foot,0.0936925419507,9354.29414302
want,0.0938401932547,1953.42529324
was-understood,0.0940803383238,40956.9543815
kind,0.0942723303641,17539.8418303
was-headed,0.0942980218853,94123.125384
was-handed,0.0945755175037,36375.6219707
cracked,0.0947177149847,154369.700005
closed,0.09531694128,7045.59490044
grimaced,0.0956870411648,36004.9681143
advised,0.0958138735314,19092.7083996
walks,0.0960072757376,20357.158439
colleagues,0.0960744172058,51974.084052
feelings,0.0961888723976,11153.9448751
was-worried,0.096491554689,18694.3210647
reading,0.0966081003689,13685.9662738
need,0.0979721268086,10844.5970285
read,0.0981049339372,3524.60592917
interested,0.0983699314682,17495.6229686
outburst,0.0985810864148,78289.7729515
get,0.0989984732317,1568.57295346
figured,0.0994808797907,16349.646064
was-felt,0.0996192326498,58297.7314897
raced,0.10005590667,91775.7604686
groped,0.100524461215,56845.0602982
memory,0.100900916162,18449.2724464
presented,0.102278639913,69988.4382943
father,0.102501174543,405.974020128
unable,0.102732158488,18918.9134285
appear,0.10304309715,51783.3874248
fled,0.103170258734,22516.7014209
makes,0.103333840346,9088.37884351
credit,0.104364186026,31584.1963723
strolled,0.104868718984,203206.365402
was-known,0.105280982732,3965.54133237
was-left,0.105339953556,5709.45713446
manner,0.105444692966,16667.4679994
manage,0.105759425295,66577.463014
was-love,0.10585362419,6693.42227114
reminded,0.105909290182,15755.6543501
was-join,0.105958921971,21319.6739498
used,0.106289628996,1957.03920354
temper,0.106782023634,81305.8086575
knee,0.106827783123,26452.0492612
leading,0.107109642768,52144.1779446
pass,0.108033599369,26802.2550645
loved,0.108044526876,3763.0060351
was-telephoned,0.108457693355,60068.9604911
planned,0.108716165451,14579.2513758
ducked,0.108922601717,126778.093412
developed,0.109329911394,51334.4310165
misery,0.110982886811,203446.17912
entertained,0.111026555481,181908.092443
strong,0.111586634531,29546.4160955
attempts,0.111926434583,520464.374366
was-pulling,0.112004926765,58623.7616759
was-dressed,0.112257583422,24661.8122901
was-ignored,0.112625036449,20724.7286189
was-looked,0.113316435616,29663.0993226
secured,0.113420297882,152596.709942
considering,0.114189490772,95318.6741874
conduct,0.114509463272,98597.784063
come,0.114829019574,1291.81133569
was-concerned,0.115193295701,27893.4085576
leans,0.115461596322,39038.4560648
attended,0.115588001267,33981.7063138
clutched,0.115865128475,46668.1444707
possessed,0.116055299279,27272.7540116
faith,0.116272993259,49914.9484546
stares,0.11627774989,40580.2449502
comes,0.116904865235,7547.83289748
cousin,0.116971435302,9969.75009156
was-drag,0.117563285279,201196.720915
expecting,0.117572278244,19272.2460828
explained,0.118658359658,4568.13682449
dreaming,0.119353247584,82432.5691585
family,0.119375649312,3428.12201144
was-accused,0.119496052979,69883.7190461
resented,0.119646268933,347151.812505
was-received,0.11986471803,330026.084268
neighbour,0.120107404363,51187.7023885
was-annoyed,0.120332858811,44229.7475447
is,0.120345446636,967.27738805
lifted,0.120793075177,5795.45605773
persuaded,0.121267240212,43583.4157541
sisters,0.121626512219,36874.7862033
was-help,0.122006259137,17317.3440755
relief,0.12321326751,234585.028689
was-set,0.123386156615,21559.4774937
education,0.123674778591,53563.0326978
wake,0.124881338614,10895.3927348
studies,0.125757574322,66700.9449777
planning,0.126028603658,109498.409321
gives,0.126028892537,30467.6617857
blew,0.126390318816,21419.369532
remembers,0.127252496436,38206.6797775
was-lost,0.127518616737,23661.6499363
handled,0.127555649319,63226.4091019
born,0.127580476849,13996.0970008
wine,0.127926411248,180732.840431
was-embraced,0.128565788223,132322.279433
realised,0.128886352712,7561.92549157
was-prevented,0.12892115059,105112.557618
beamed,0.129185559302,32367.6823481
was-allowed,0.129226886459,26941.3845012
image,0.129507862983,39332.8456514
dignity,0.129856030868,114205.6754
purchased,0.130344033952,93604.5010778
thinking,0.13062273242,12891.2731366
secret,0.130957312003,95005.8869667
riding,0.131149390481,192256.711166
waiting,0.131453257393,6761.77742255
allowed,0.131776179528,23639.8253475
instinct,0.132257934434,851331.49528
approaching,0.132368805888,95091.1055458
indicated,0.132496592737,45035.4307214
speed,0.13270650693,121995.405382
hoped,0.132896476649,11909.6095729
licked,0.133101746589,53196.8342162
spirit,0.133467861493,41020.0868107
hissed,0.134310260112,34518.1100243
echoed,0.134419673274,79860.6342776
received,0.134531743004,14187.3777168
wept,0.134801154633,18156.2049859
was-advised,0.135086623858,82990.8383484
appeared,0.135786507454,6022.10890955
uneasy,0.135865039678,59716.6501118
thigh,0.135909202561,67380.8509263
decide,0.136218092726,75621.9779724
was-spotted,0.136675063081,202744.34154
stayed,0.136680633398,7513.07322976
parents,0.136840471515,5209.34589097
climb,0.13740531482,78879.4921485
flicked,0.137832538851,62992.6070048
emotions,0.137881090962,71428.3789124
was-calling,0.138542913947,22950.2680267
adopted,0.140809617934,129310.959739
was-did,0.140987469117,22623.6284336
was-explained,0.142298751261,68848.3342241
was-thank,0.142517539609,42109.1161399
head,0.142567902749,566.45409866
future,0.143387053315,45265.9502894
notes,0.14370653019,57350.0163448
was-used,0.143761863559,20885.2876685
refusal,0.143910731353,69014.8136805
stays,0.1441307575,86416.3593398
busied,0.144558603525,75655.6533921
close,0.144569048527,76222.927533
was-walked,0.144981369465,86986.1288209
laid,0.145238620566,26973.6981811
swam,0.145239969869,48219.9999221
rang,0.145703964565,72904.615081
guided,0.146070295272,168164.582062
hears,0.146499636773,46096.8697099
finding,0.146583925748,193795.51176
age,0.147407380525,9504.13577057
was-watching,0.14745426505,16926.4441151
was-threatened,0.147484130292,62119.4583021
nails,0.148002347085,27046.0201971
sing,0.148222032951,68115.5494208
looked,0.148387427312,641.88352715
included,0.149105490956,57095.1800173
tired,0.149439345655,58351.4683995
insisted,0.149805802182,7886.10952267
was-called,0.15005345727,7417.52346175
reacted,0.150133027515,106888.357275
lived,0.150414429201,3702.4851737
scared,0.150880842693,275433.411847
neighbours,0.151095986603,164775.260838
instincts,0.151141380781,1067398.22969
hiding,0.151238616605,81864.1086735
ways,0.152107732546,124411.928971
feet,0.152256691228,3035.98722479
understand,0.153615973759,9714.29150069
faltered,0.153827651025,72055.2495702
round,0.153952556454,30977.0962123
touch,0.154643931425,13277.665411
was-was,0.155134845179,90510.1533584
fingered,0.155469630847,1107737.15049
destination,0.155571006055,164131.70195
grateful,0.155818815376,68279.0911153
air,0.156488451773,152377.844444
past,0.156688634746,64290.327714
shift,0.156702261086,25516.2226821
was-affected,0.156723744322,102582.26514
dared,0.157461959512,51943.038145
youth,0.157641685502,38716.0379305
stuffed,0.158083208888,78773.3824283
suffered,0.158463349148,47979.0466752
parted,0.15900521436,109796.884411
smoothed,0.159433772395,95597.8752231
attempted,0.159737347279,63932.2391502
slept,0.1599902128,12361.1895447
walking,0.160187782207,22455.0557612
picks,0.160409816028,196954.473563
stalked,0.160538069675,111477.982589
has,0.160691591721,1746.33511225
broke,0.160976031881,17276.2346815
seized,0.161542988652,66934.9993224
sick,0.16202359705,48635.2549343
sit,0.162330034867,18042.113912
vowed,0.162708552841,134863.913234
size,0.162736910483,188417.356488
exploded,0.163368593359,164595.570465
cause,0.16344283707,442733.099299
was-notice,0.163454896217,71578.5773319
determination,0.163703320091,374495.435076
condition,0.164152204929,105025.519357
spending,0.164441974458,99420.326101
deal,0.164997665403,56593.7214308
enter,0.165451704073,28050.2068339
clung,0.165639332518,53385.7919877
remarked,0.166504265128,18245.450187
was-taking,0.16711534466,23107.1000104
argued,0.167187289077,51971.9195018
knees,0.16774036397,6366.3520108
knelt,0.168083371442,78799.6159905
was-alarmed,0.168146747079,96230.9912009
standing,0.169085023204,6253.78576277
shrank,0.16936799784,516961.269647
tried,0.169741121755,4178.07980458
knowledge,0.170132401647,63522.5647427
hour,0.170391707279,80425.3504563
hearing,0.170446678357,25321.8680361
tongue,0.171258020981,7654.41008996
wrong,0.171409832626,41106.5427565
intended,0.171456749754,24654.4213674
wish,0.171700729049,40641.8706185
agree,0.17204050987,61126.2463974
losing,0.172231620824,386413.630218
delighted,0.173211396894,57342.1185333
was-fetch,0.173730244763,54627.8478085
sank,0.173750393114,48300.7355144
whisper,0.174032540307,80870.5694503
let,0.17414032197,4744.45501401
screwed,0.174324428139,87656.397921
legs,0.175346755842,4115.0897606
says,0.177211874878,276.042193045
reasoned,0.177422865932,235045.570752
smiles,0.178479121973,22718.8614687
talked,0.178788117726,7625.66886201
act,0.179010360817,142922.838168
friendship,0.179488525499,181327.954543
toes,0.179533470753,47499.1075644
wiped,0.179620033625,24720.8241625
was-offended,0.179887810746,263866.035175
poured,0.179984075219,29014.4495434
angry,0.180460540878,24416.2345686
basket,0.181344844294,60517.9366192
peace,0.181385391917,122904.945117
cupped,0.181898938189,184717.649571
confided,0.182183040016,35539.2192568
garden,0.18245105525,65759.353579
ceased,0.182847559462,105025.809557
was-stayed,0.18296450158,76415.2835798
was-begged,0.183794829298,200911.598442
drained,0.184815384314,115819.611156
quiet,0.184820894257,63288.1997401
gazed,0.184835989182,24900.5757586
morning,0.185432008868,131495.679114
was-tired,0.185828842409,122037.702186
balance,0.186215057232,73064.9231556
loathed,0.186776512074,153635.697914
was-invited,0.186859204357,34533.4013557
pulls,0.187594110271,57279.7687538
interrupted,0.187890376853,33904.1118172
day,0.188332238287,27516.603872
discomfort,0.188346014315,314028.791037
crotch,0.188643271207,317379.878935
began,0.189524602278,2796.64762734
anxious,0.189621386826,53834.9501136
book,0.190454525033,22697.208128
imagining,0.191096746776,720362.316227
was-take,0.191129155634,5788.73355762
snatched,0.191525950857,74201.5495282
was-sought,0.191540495484,191661.092719
shoulders,0.19180511422,6742.44205916
resist,0.19191454469,102276.600868
reaction,0.192027604507,141811.567804
suitcase,0.192292917823,59195.3390891
learning,0.19266623545,112809.356903
runs,0.193205290365,29724.8903025
served,0.193669364479,31387.4081441
acted,0.193781848741,64962.7881077
identity,0.194581076272,179888.927788
one,0.194702975932,35241.0113706
best,0.194887405673,73615.3495258
out,0.194979546951,79444.160423
turn,0.195313848257,10741.0155903
acknowledged,0.195389214862,372462.078248
was-drawing,0.195582146475,1292919.18173
choice,0.196918409156,194237.650355
whimpered,0.197024988285,85603.3309151
was-admitted,0.19717132557,75463.8919073
cup,0.197526936207,21431.6657621
consent,0.197948432778,40477.9528864
forget,0.198288365802,63875.5549243
conscious,0.198622041696,48891.6731457
apologised,0.199338308406,60360.020687
miss,0.199392444549,61902.07705
stroked,0.199406914684,66668.3467264
movement,0.199483472854,604106.898728
extended,0.200715403836,124596.753326
recall,0.200798090948,68658.8540641
sight,0.201002943218,215054.874814
eat,0.201068931334,56881.7734243
was-find,0.201101587613,12064.2407952
was-written,0.201315025283,52146.6506154
bed,0.201759868541,8024.84333065
cool,0.202144821603,214981.440736
referred,0.202660125992,45358.1665556
fixed,0.202855264994,50470.5002067
training,0.203375051616,1106304.48125
hands,0.203924557457,2065.06955733
spirits,0.20441421294,350108.997419
tucked,0.204437352678,82413.1393484
pretended,0.204468128467,96552.7876295
yelled,0.20517569679,14048.8142349
curls,0.205321286339,143325.263172
fumbled,0.205661179054,68499.4421041
colour,0.206742416597,163244.130988
was-directed,0.207524112211,301072.878679
eagerness,0.207582307639,316835.088064
goes,0.20766421054,6310.32739604
first,0.208109947658,68984.1780349
paced,0.209269374106,67556.4618055
profile,0.2102076195,326720.230062
points,0.210520906738,387316.634437
rocked,0.210777290859,127105.028367
sorry,0.210981526047,39417.8017592
was-asking,0.211156224951,45567.0825045
cooking,0.211334990133,104696.370414
was-questioned,0.211433678363,84438.4557464
checked,0.21146279056,67497.2298428
house,0.211816899397,3301.19861665
corrected,0.212049625577,54392.2976386
proceeded,0.212062074069,289147.847403
???,0.21208387215,2538.97249188
use,0.21306553413,34440.8764708
start,0.213596967243,48209.4554292
sees,0.214212896158,30255.1009929
married,0.214490690367,7427.97776037
dream,0.214883160598,29554.5753019
escape,0.215070675026,281386.877795
was-scared,0.215869855198,75252.9305023
withdrew,0.217276662446,65216.089952
drawn,0.217476956124,173277.197975
hours,0.218383111288,49561.5792204
was-use,0.219411939858,490300.531234
sensed,0.220793647101,31652.3320131
looks,0.222276057366,8710.22357323
shadow,0.222480008525,235792.522795
downed,0.223115900685,118677.951625
was-wrapped,0.223125935302,574445.431576
chose,0.223247819055,28917.533338
complained,0.223286590173,33307.2515698
embraced,0.224170580184,318659.292713
was-raised,0.224459795337,83784.3433038
hostess,0.224632821155,76869.3872454
pulse,0.225128180995,426177.778272
was-presented,0.225412427384,324693.704929
comfort,0.227711871386,394945.037208
was-covered,0.228136925297,94150.8122731
gift,0.22857701866,139459.104499
leaned,0.22886206856,9456.43524835
note,0.229042782728,421837.55617
lift,0.229173176702,348020.449555
clothing,0.229597322107,150914.230838
skin,0.229866142712,11853.8972211
proud,0.230060422995,83602.1756638
nervousness,0.230993135453,554477.497103
innocence,0.231135504746,158490.084835
was-moved,0.23119709145,42346.7629148
fall,0.231855518027,67700.6396894
capable,0.232524550347,105795.737126
sat,0.232972536103,2912.70681778
have,0.23325215039,2075.82322307
was-urged,0.23342762321,79379.6749854
needed,0.233452721189,16875.7865477
understood,0.234225028648,16157.7554477
met,0.234470910313,8842.04719256
prepared,0.234825856687,43159.1416446
bother,0.234953051941,40815.6563416
sipped,0.234997769165,107368.729302
was-driven,0.23514448875,394429.029976
hated,0.235716780779,30994.9001322
was-amused,0.235892020589,162251.500395
horror,0.235952050234,127682.48976
comment,0.236485611181,236491.23669
was-surrounded,0.236619556081,84396.001664
was-gripped,0.237889334076,2817057.91086
laughing,0.237935478942,50884.5718075
mind,0.238348431972,3745.54972499
gasped,0.238414144825,68783.84907
passed,0.238590524625,10851.3111401
laughter,0.240702340055,64341.052776
fear,0.240845769064,86199.0088704
forced,0.241712417437,90782.4831228
skipped,0.242261807319,510619.461897
bought,0.242312619498,26569.9601476
keep,0.242468050837,15193.7694701
covered,0.242532843175,45073.6699525
was-loved,0.243070530008,17775.3878348
was-gave,0.243464388326,111532.055635
wheeled,0.243835718218,71157.864407
pronounced,0.245043639683,594189.581188
mood,0.246196027726,108121.175745
was-frightened,0.248836936036,81366.382568
figure,0.249516262243,24506.6701849
tonight,0.249845521779,117528.579655
was-accompanied,0.25012288134,159413.310303
likely,0.250199717145,113553.772604
was-bothered,0.25078923379,196305.952319
was-hurt,0.250844771976,22542.8755618
impression,0.251392876985,677172.901793
become,0.251545083729,168839.622577
discover,0.252212968955,188307.918105
hunger,0.252895447583,173953.238313
was-say,0.253253122419,60144.9276152
cry,0.253283401761,46636.4775404
settled,0.253624131967,57161.6081152
was-dropped,0.254470579548,110123.677334
pinched,0.25449453724,140017.084408
didn,0.25454024436,44577.4609852
pale,0.254832942996,117436.91784
fighting,0.255284513416,202525.477071
choose,0.255351814781,507854.942056
notice,0.256166981697,62419.7613102
making,0.256763738779,29108.4600043
composure,0.257159896891,297228.565056
was-confront,0.257419154215,331204.498322
was-reminding,0.257458239901,219537.804001
years,0.257581998174,28012.6162999
bore,0.257609571507,60613.7777612
heard,0.258047119752,3286.94219052
contemplated,0.258108998285,181140.12145
side,0.258287223194,10972.9457646
robe,0.258390894975,58833.0396305
delight,0.258415613924,224141.742232
confessed,0.258934198187,97216.4251937
welcomed,0.259121367394,227466.669979
spared,0.259447751425,508915.067863
suffering,0.259596817704,188596.42071
continue,0.26005377178,79645.7615494
appetite,0.261510399408,150930.051035
break,0.262018950984,58780.641493
was-recognise,0.262409313898,19805.618709
scalp,0.26253278445,302781.726445
bow,0.262946851641,322442.945364
will,0.263674410173,61053.172236
laughed,0.263697098092,4145.79920145
was-bringing,0.263730541597,145124.063705
ask,0.263745992688,22243.3181726
reputation,0.264006019956,44639.7812575
agrees,0.264433825104,108222.308199
helping,0.264539520033,88913.7115232
slip,0.265446370789,279033.13306
hand,0.265451789494,1742.38622439
was-pressed,0.266801792603,623281.098027
was-taught,0.26785866322,73674.2845201
keeping,0.268368482328,91026.3724795
accepted,0.269002664793,29511.0789453
chosen,0.269563687543,73911.0151519
remember,0.269971083925,22935.0394289
tell,0.271529796987,10137.789262
laughs,0.272342963691,59409.9681413
cold,0.272515678984,137803.579226
cringed,0.274210195345,350956.20802
was-saw,0.275179038212,8896.30790329
type,0.275230224075,132835.501331
concentrate,0.275882478128,197167.790458
gets,0.276137011431,16873.5291385
despised,0.27633006612,269376.935868
tripped,0.276374439024,1858847.39587
ran,0.276966330618,5238.34091337
dipped,0.277134700727,298369.870969
relaxed,0.277348308749,104404.941177
was-shown,0.278198890278,358653.62997
having,0.278732227898,15270.0045911
panting,0.278937510935,306327.96841
bit,0.279154349704,67579.4092559
wears,0.279325995542,74153.2679443
careful,0.27945310121,327594.853439
keys,0.279781033328,172703.80831
was-regarding,0.27995494943,138104.126654
was-miss,0.281385753637,90764.1551438
popped,0.281848831503,229660.648329
are,0.28204545905,20364.3250718
needs,0.282233523542,27826.1856356
was-relaxed,0.282234239577,313986.735404
sniffed,0.282596918425,130025.134217
please,0.283220782615,31732.6092946
was-meeting,0.283254894308,451768.633842
were,0.284348317652,10883.9957101
shorts,0.284742707891,201715.176002
curious,0.284836903019,63139.0132651
torso,0.285103040231,351891.931784
refuse,0.286063364526,126435.954448
freed,0.286463360734,897242.646051
flashed,0.286661177621,210181.372013
was-bound,0.286940920344,118028.940045
boarded,0.28741413696,1433621.4382
was-wished,0.288024725931,198800.406223
packed,0.288758945452,262761.277409
kept,0.289527871237,5441.05224838
blurted,0.290912081218,219173.702292
own,0.291233022514,8458.4137657
slipped,0.292233483499,33693.0827999
was-wake,0.292249644777,55654.768734
was-holding,0.292370052706,53745.0695372
shy,0.293428329079,124374.619724
meant,0.293903696045,17446.8991646
fears,0.294368830523,208118.918258
heaved,0.294523090963,333054.441854
willing,0.294540975548,81456.3527488
struggled,0.294808433466,107184.374189
abandoned,0.295574615162,479327.755795
count,0.295688957174,409799.846623
listening,0.295863490671,83062.0369759
tries,0.29638830519,92262.029382
meal,0.297272012639,150428.283165
enough,0.297482459368,420501.724482
grow,0.298290665257,160945.415359
longing,0.298331216182,458175.470281
wondered,0.299261424002,13229.688146
was-added,0.299769204268,58973.5886624
everything,0.299840872279,94328.9365334
was-is,0.299959266912,416614.140001
blushed,0.30025598504,75867.0315831
parked,0.300259181748,141782.986796
dragged,0.300469880361,75661.3399643
was-ignoring,0.300483922644,221529.862107
eaten,0.300578565984,226260.393197
was-needed,0.30312856885,57587.7178923
capacity,0.303289793135,515188.942025
was-awakened,0.303910514173,186574.714795
building,0.303944625032,112827.562353
problem,0.303968057504,111323.478893
envied,0.305363671452,1101731.60578
veins,0.305452196112,244143.923687
bearings,0.305740851375,4926315.54476
acting,0.305911008727,186207.536326
was-absorbed,0.306258800406,161341.537064
eager,0.307808401385,90989.6539418
window,0.308454674535,51526.1346526
likes,0.30894082178,21786.9785364
was-comfort,0.309168290237,66112.1971901
was-escaped,0.309671478154,330540.006765
cocked,0.309702613975,1067174.00552
was-serve,0.310406472586,178521.125177
smile,0.310902770833,18983.4659121
exhaled,0.311263101548,263470.393042
comfortable,0.311450103828,267553.421642
hold,0.311626098448,98049.584862
version,0.311821118081,680133.560478
key,0.312834382658,290171.288845
awakened,0.313337160638,1593902.82807
moaned,0.313361682353,75248.2672715
seeing,0.314305797622,152047.324271
retrieved,0.314324073565,1208345.40516
was-marry,0.314358905325,7531.81242515
box,0.314600147155,306825.751754
was-support,0.315241060853,315375.835596
was-pick,0.316095705706,537397.768036
burst,0.316344998015,77844.9297722
was-startled,0.316818873404,137718.105982
mouth,0.318610485432,5869.71490606
months,0.320094450085,71675.8118664
laugh,0.321499425706,92110.0096426
hidden,0.322113362267,145817.250838
pulling,0.323183821628,156824.181449
behalf,0.324173946203,239128.486578
flat,0.324381985636,379119.149148
clicked,0.324874396852,125042.680455
mirror,0.325029010873,39589.1093828
that,0.325035867075,140345.628105
was-found,0.327665712351,12986.5722865
closet,0.327724608717,380600.997583
grandmother,0.327789603213,20202.6500768
dancing,0.327824470848,207556.813114
behaviour,0.327864707936,61549.4241119
lips,0.33045378339,7058.31863742
anxiety,0.330584270973,250649.717254
agreed,0.331328626619,18803.4212674
hard,0.332115486248,238836.696692
person,0.332167690785,40122.8544233
changed,0.332928072365,25112.0074162
cloak,0.333018538167,185253.373968
table,0.333204325584,40541.01974
doing,0.334256018629,13232.1567702
was-hated,0.335121395786,163044.258747
feared,0.335941640921,69305.0672968
pillow,0.336616189832,180343.736258
ideas,0.336947929685,103511.539308
world,0.337322949548,152372.147631
lack,0.337383918019,368840.962088
nothing,0.337716770207,63069.8424486
was-asks,0.338052501042,184405.314713
slid,0.338146137555,80114.5096367
was-persuaded,0.338926447123,82228.9481205
wrist,0.338980296696,61029.0492423
was-blamed,0.340240842506,1350798.51936
responded,0.341458860265,68949.023151
was-excited,0.34152668455,97009.4872847
ear,0.342717193637,19728.6735344
kissed,0.342959278457,44755.8572341
faced,0.343736702318,87277.379338
nurse,0.344068459022,156268.767449
little,0.344362287161,151247.89868
happy,0.344812071253,20741.3363403
slumped,0.344895924604,154923.732375
kneeling,0.345761541925,1947223.682
was-placed,0.34579361552,604309.271855
was-studied,0.346982594203,1925328.60278
was-tempted,0.347398544252,668335.756559
kitchen,0.348132129158,89749.3992312
gloves,0.348668430398,207788.976926
arms,0.348785199608,6143.35308951
heels,0.349111702479,42066.1955714
calls,0.352589937514,37438.0102451
unhappy,0.353218798504,187734.987418
seemed,0.353419818034,8952.56052884
ai,0.353420130577,108733.314829
nice,0.354201675295,88080.7751819
idea,0.354665918106,54454.2318263
gathered,0.354794934304,135720.775485
was-occupied,0.356329611411,409196.404111
abdomen,0.356382701029,1676903.89006
being,0.357468543518,139019.085636
removed,0.360216875514,52609.1440903
feels,0.360491165613,58052.1661404
decides,0.360610594595,319175.336804
bathed,0.364852059262,263456.840751
ring,0.364979438175,483528.554606
teased,0.36514564102,2605029.58519
silence,0.365448819713,203558.295052
seem,0.365572545902,48186.3449303
risen,0.365678252106,1018991.29375
relationship,0.366707418499,116836.93418
was-followed,0.367039437333,21636.5245056
endured,0.368323595436,1355436.05015
launched,0.369645524641,314094.524438
children,0.371217248038,24362.1696483
danced,0.371788561845,125874.114625
light,0.371856236869,184561.783391
wrapped,0.372356555188,91930.4934162
same,0.373070627227,636599.577949
looking,0.373449841345,14673.1365718
illness,0.373805595659,132305.081335
feel,0.373808059382,17876.2078749
hip,0.374692264503,103027.943018
puts,0.375989847279,160588.589225
placed,0.377691691313,40482.8241122
fan,0.380564190668,304206.945675
was-exclaimed,0.38076543093,207628.80738
body,0.38220236121,5068.86095026
was-embrace,0.382285707718,879406.141183
thighs,0.382770849109,50109.0361378
sighed,0.383841399323,12792.4228361
limbs,0.383902013201,134684.02564
lingered,0.384200424085,95020.527974
was-drew,0.384214967966,289060.189179
was-watched,0.385038623461,55360.1042163
tray,0.385793635441,462605.718607
daughters,0.387305401481,31247.9200879
edged,0.387348484289,911654.60783
napkin,0.387838224708,466437.301937
threw,0.389683376038,30136.2396919
accused,0.389770371403,246717.573615
revealed,0.390847041258,1560115.66003
chided,0.391173844962,1559591.00492
stammered,0.392335733226,471676.845176
sold,0.393605507535,76102.68268
features,0.394614075885,45131.0789768
was-visit,0.39600248184,70234.8438035
was-considered,0.396134532929,237768.498592
outside,0.396573674581,400067.134719
tugged,0.39664334544,280714.966695
questions,0.39692694013,215911.370899
expression,0.397266689598,66680.5377454
respond,0.397466415068,305812.778709
pupils,0.397495289373,413847.572783
rushed,0.398025264822,60042.0408017
intent,0.398072365594,416190.650626
cleaned,0.398244001324,386849.805443
talk,0.399964633559,20701.8630775
underwear,0.401651408345,933748.952994
lucky,0.40208060364,507888.302442
hugged,0.402159578044,106307.09247
was-urging,0.40407752681,519899.644259
class,0.404380846924,94755.0326153
meals,0.404657968863,226880.991721
gripped,0.404993206371,220773.519376
briefly,0.405279985069,1810939.8421
was-remembered,0.406356901094,69274.455853
pull,0.407953998262,359135.072061
flew,0.408322411112,105933.898853
referring,0.411051207039,565952.440817
belief,0.41296789743,785671.194074
hates,0.413283684185,129073.935219
lifts,0.416603036053,198190.391249
buttocks,0.41698493347,137432.705229
saying,0.41897149812,16021.5984496
personality,0.418977143972,483795.063642
teacher,0.420545109029,106297.69056
jerked,0.420926892113,88362.6810829
was-upset,0.422888615256,242537.601853
breathing,0.425684358833,61410.9685559
inability,0.431707895349,1096264.24738
moments,0.431904886338,438001.212024
response,0.43225636622,328827.791625
terror,0.432892208677,518173.845275
anticipated,0.435089408627,566289.762154
moving,0.4353383516,182158.835304
thing,0.435975548259,99856.6655239
shared,0.43624503853,56151.1025577
ready,0.437247610009,50789.7970971
satisfied,0.438780512063,152417.413825
lot,0.441309107798,168144.004905
rested,0.443453325487,165376.902488
sounds,0.444910414961,177383.524609
surprise,0.445397572549,143145.074724
screams,0.446378333218,104925.145412
dog,0.447174779986,153514.308856
shakes,0.447202829251,193597.205735
forearms,0.447381321215,2254836.00813
tended,0.448859168546,1159851.98992
fastened,0.448905165496,715903.443965
anything,0.449924564982,198891.300766
swept,0.450697566728,341799.467813
impatience,0.451219197669,609486.822472
face,0.45123881984,1947.85457837
starting,0.452650036801,281663.158273
finds,0.453987422704,64778.9443197
allow,0.454289133187,327291.783437
dressed,0.455456491793,100215.307446
screaming,0.455652749199,388359.584308
old,0.457372015888,32163.664227
question,0.457415104321,125390.935422
letter,0.460925860549,63499.8078769
resisted,0.462045605134,273832.844854
niece,0.462403825084,69946.1316736
moved,0.463533249796,10846.3435426
brought,0.464229039157,13193.5380223
leaning,0.46536580868,81697.6972872
singing,0.466106579,135411.828576
calm,0.46823070559,152219.440089
bags,0.468797323344,573378.460293
look,0.469120185985,12334.8655651
sobbing,0.469887057357,200153.132386
lessons,0.470422378269,434673.992698
unaware,0.470945905642,647163.096948
doubts,0.472004528135,1035915.13008
was-protect,0.472985520698,344469.382014
was-reassure,0.47412083563,444220.262367
cheeks,0.477684050823,37158.387229
cries,0.478178589406,124363.499276
was-comforted,0.480392627288,584676.25448
refused,0.483209448618,74552.1860936
ill,0.484132586128,415942.910414
squeezed,0.485039494512,130375.464061
slippers,0.485867038271,216108.953809
leaving,0.486068353922,65095.3515209
stir,0.486928078797,1575210.87297
glanced,0.491002272414,25655.0007932
throw,0.491867938419,333097.254556
flushed,0.493509821033,362856.841159
was-reassured,0.497111342189,324852.197576
insists,0.498910551841,166674.395244
sits,0.499413782586,78309.9443511
doubted,0.500973672362,1621081.97098
was-wanted,0.501352318175,77181.619777
health,0.501546829584,106401.084617
opens,0.504974644359,483342.397596
watching,0.505898356167,93866.309014
heart,0.506447793235,16102.5129309
prayers,0.507750662602,237453.040581
about,0.511351939037,145017.818855
confusion,0.512411865565,682810.084657
kiss,0.512641446773,1134427.272
was-took,0.51574889266,18141.583414
time,0.516599573407,28718.4944679
bringing,0.517165208558,320766.285431
fine,0.518807730449,545353.576014
change,0.518869671278,103353.285003
overheard,0.519195622534,717243.356562
warm,0.521370920411,210715.630129
baby,0.52289981374,17671.0256282
couch,0.525850379486,1061038.4943
taste,0.530236974357,359624.414114
small,0.533177378614,108855.679679
smiled,0.533957443301,6514.66589547
practised,0.536963107566,640628.282543
remark,0.542588522938,305456.931478
waist,0.542686205533,54736.2783823
opened,0.543495485316,17182.4388624
worn,0.546271809844,198082.418173
pleaded,0.5484398306,87129.8613432
evening,0.552479236768,302586.917573
handkerchief,0.55295427266,249318.896603
flung,0.55463730466,174050.808252
nipples,0.556704643466,309393.862014
wrists,0.556761039023,83594.6802629
tight,0.556957646828,1478654.44501
scream,0.559573673248,78729.8808427
was-touch,0.559870861454,187604.061311
giving,0.5619165449,195378.448718
sitting,0.566389281613,18356.6073596
scolded,0.567867639521,276721.037322
night,0.571274993255,154126.260063
attention,0.573095955071,37831.6891932
glance,0.573158370087,194951.494049
was-been,0.573435401468,133545.453605
hips,0.574157075996,98899.9093623
ankles,0.575181271757,294925.871054
door,0.575392795549,44891.0230908
breathe,0.576914924444,1042966.24142
wear,0.580661830549,75529.0837453
letters,0.588083101119,46900.0257916
sweater,0.592799588507,205980.34682
perfume,0.593144480475,267507.952588
grief,0.594291422301,375222.041106
was-kissed,0.596141035496,56313.0865046
tea,0.600717772909,375564.56432
reflection,0.600980025821,1163507.05982
naked,0.60562560891,427490.161452
shrieked,0.608606526581,117097.394268
breast,0.618759988233,56771.4288856
eyes,0.61935123699,1944.35109442
smiling,0.625455618183,214301.38897
away,0.627591205654,228562.494608
stockings,0.628058336138,196777.326308
home,0.63348900426,22013.6793478
boyfriend,0.635678436707,93864.495396
wailed,0.635890871456,269470.089692
bedroom,0.643108609431,105910.46503
cooked,0.64368861996,234840.149362
nervous,0.644013112873,252103.174187
room,0.651426797156,7489.27609082
sure,0.651717109923,38867.5555973
on,0.652440552127,333204.602285
bag,0.654884303163,57543.2597174
lashes,0.658466444756,1364223.0415
marriage,0.663603560513,114401.484618
gave,0.665829657697,9037.88519138
screamed,0.675430669527,48312.9825574
asks,0.68571895894,42413.1596529
lover,0.688931465847,112943.274542
wearing,0.696297429715,42935.7414475
around,0.713589585828,219218.508283
off,0.714051069093,476067.407278
cook,0.715567565624,184667.04902
something,0.7506643484,313421.277475
tears,0.759562344037,141068.039964
was-married,0.763422158391,35446.6338776
over,0.767474475044,568215.392928
crying,0.769286301369,150771.223001
weeping,0.774664828499,293687.04035
back,0.776420408163,18217.8273837
sobbed,0.783517765274,145568.387297
lap,0.79199824547,66266.6848054
maid,0.797983925827,239454.95569
again,0.799131360989,1174237.0835
lipstick,0.818813755775,526189.676456
wore,0.824968318875,28278.2149968
aunt,0.827681045937,77735.3678871
voice,0.833854547314,7460.00135086
there,0.836228474032,232396.818516
more,0.84374816406,185475.369668
giggled,0.846065688257,147574.0709
up,0.847937032702,209375.565353
cheek,0.854708435001,68895.5440767
apron,0.855459184164,341566.96144
pregnant,0.857951725802,213677.662077
blouse,0.858514266495,191502.641485
now,0.886463799902,138135.871104
things,0.899335732995,270985.147235
down,0.929919630015,179382.652045
beauty,0.944376406607,124241.855414
purse,0.946110939457,78833.9572851
nightgown,0.948303755012,276454.884159
bosom,0.974811866589,271086.843533
beautiful,1.04698466842,119370.693966
handbag,1.05767287148,290325.097341
cried,1.07093776339,24010.7869177
skirt,1.19214315302,144890.190448
child,1.23822304147,67854.9893162
mother,1.26121496869,3754.56877274
dress,1.5535823822,79910.2836261
breasts,1.88170146089,169805.936678
hair,2.15523838848,25950.699433
