pocket,-1.21098732972,-41301.3103642
sword,-1.17169365514,-128109.874527
men,-0.970800077963,-33712.200605
horse,-0.941596190221,-41248.6775552
hat,-0.914737554533,-41930.549632
shirt,-0.880241637572,-286188.862067
fellow,-0.860068278258,-213311.333524
office,-0.857319658322,-64287.5174132
desk,-0.852470335118,-87398.6214839
master,-0.847307933134,-17438.1726989
gun,-0.830345604443,-128288.769791
pipe,-0.804891723029,-60209.1686327
pockets,-0.801129006131,-176552.442074
was-kill,-0.79205789171,-85190.6649025
grinned,-0.777833946834,-99086.1062667
coat,-0.766098066033,-39986.9123805
trousers,-0.762710555284,-669956.331921
profession,-0.730038567602,-363515.827264
followers,-0.719200723172,-147256.465485
prisoner,-0.716575442827,-176456.30438
cigar,-0.715620726497,-1695241.16254
cursed,-0.707774889528,-2370058.62684
shouted,-0.686701343996,-43428.997753
suit,-0.679311803798,-187894.452511
way,-0.678375889078,-11807.0857465
comrades,-0.674036762101,-182021.190019
pistol,-0.65932055341,-418326.617627
business,-0.652677129777,-105911.704812
was-shot,-0.650334579903,-219090.763912
chair,-0.63251710727,-23275.2684089
belt,-0.630528558657,-142110.595907
rode,-0.622448171837,-63695.9337835
weapon,-0.618833208616,-353312.875046
approached,-0.618551598514,-68394.6262551
collected,-0.610401519591,-233836.012019
travelled,-0.602116638393,-215277.25115
riding,-0.601827289483,-678575.886312
resolved,-0.597810133028,-215618.557112
fail,-0.592716836698,-116293.105207
officers,-0.59042486143,-253739.2565
estate,-0.588306104722,-108631.503974
elbow,-0.582229351383,-106700.552901
was-liked,-0.573400404555,-81376.7594605
was-passed,-0.573089309101,-92950.3287464
overcoat,-0.571032832261,-150476.632274
boot,-0.563025158712,-2356948.09413
blood,-0.559015230401,-156582.240622
jacket,-0.557182637587,-245657.328891
was-introduced,-0.553104929553,-95215.9096516
built,-0.551839924482,-273999.105195
brow,-0.548501478379,-55222.1864977
position,-0.547089726582,-70800.8974441
reached,-0.54490448833,-37615.8007314
opponent,-0.540889448133,-366477.742157
feet,-0.537314567414,-11364.4467165
calculated,-0.536443997505,-1422519.86102
knife,-0.536126767294,-382735.150186
discovered,-0.535727761711,-40122.3996386
slapped,-0.534701672609,-151001.482913
occupied,-0.53268897593,-245496.644582
groaned,-0.532511132111,-220153.413305
calling,-0.531508959042,-110345.787265
pay,-0.530469477001,-151456.998262
character,-0.529962388452,-32029.6715087
whistled,-0.529789601889,-718155.103964
enemies,-0.528583292913,-131494.069287
adventure,-0.527866445138,-978137.379417
last,-0.52756637893,-130783.760542
tie,-0.527091443555,-335266.088891
cap,-0.527082041606,-63629.2322523
growled,-0.526087826486,-124167.142706
joined,-0.524636500093,-45807.5803899
successful,-0.524512758269,-391084.370361
chief,-0.523882493516,-313995.821981
people,-0.523421090609,-48384.1609766
ship,-0.521488372987,-377141.98443
game,-0.520384049604,-347836.150686
grip,-0.520341198692,-1560390.02452
cleared,-0.519882641714,-188247.335845
forgot,-0.519009038065,-76333.9136833
country,-0.518106782582,-104464.736547
fought,-0.515157994251,-205382.359749
career,-0.512421371683,-84268.3976537
was-give,-0.510757229254,-44575.8231935
skull,-0.505147641986,-3367049.84515
was-resolved,-0.504366516043,-177270.451388
design,-0.499912004142,-209275.070764
orders,-0.499862221653,-71796.2312962
honour,-0.499241460934,-57635.2371706
try,-0.497656748458,-70715.2866811
discover,-0.497533221643,-327950.423077
papers,-0.497425188368,-370468.305841
muscles,-0.497012794882,-226459.734274
was-called,-0.496195136892,-23405.093258
glared,-0.495970975679,-339941.601311
jaw,-0.495046261326,-123250.017054
absence,-0.493509104019,-95781.1056533
officer,-0.493097359761,-161592.984212
fired,-0.49194574418,-157297.775611
muttered,-0.491927435083,-53383.0453077
authority,-0.490904761919,-153451.259565
escape,-0.490056150479,-108556.124301
swung,-0.489818114147,-109701.877597
found,-0.488392810656,-6075.15575029
rage,-0.487555558372,-372964.055859
collar,-0.487442276788,-387388.03341
took,-0.486869418779,-4337.58475055
scratched,-0.486751013888,-584067.593149
moustache,-0.486558087486,-87760.1757671
beard,-0.485707828781,-243459.101764
club,-0.48128100091,-441337.54611
lungs,-0.480861647147,-242508.818745
keeping,-0.480367286943,-434601.952082
coughed,-0.476673118778,-464938.748727
was-sent,-0.476094746698,-40311.4660154
rival,-0.474309199072,-166654.176617
chuckled,-0.473829842734,-156535.153524
jerked,-0.473049828033,-348511.929082
proceeded,-0.467182769897,-27487.0049198
wounds,-0.466788698375,-520522.435886
charged,-0.463069093562,-262844.159973
luck,-0.462293040398,-844081.496605
chest,-0.462044473428,-38727.5592534
was-reached,-0.460945160368,-77274.8881431
intention,-0.460349318782,-65338.9941455
army,-0.460082607947,-15412.6256278
saddle,-0.459671900145,-123483.401863
purchased,-0.459505006433,-304706.97895
blinked,-0.4591192178,-510378.941901
was-accosted,-0.458670213671,-352966.103778
arm,-0.457914160456,-13021.7007064
disappointed,-0.454743583061,-853843.210143
wealth,-0.454123675358,-115172.866325
knows,-0.453849378336,-14421.55962
was-shown,-0.453729617208,-207802.842893
companions,-0.453179676604,-36166.9497364
roared,-0.452895518389,-283989.760824
head,-0.450281887708,-2569.02480082
life,-0.449584093988,-6335.39441791
study,-0.448675445244,-87146.3406065
was-received,-0.446888328332,-61643.3074898
carry,-0.446589866729,-201640.04667
progress,-0.44639496563,-181006.46271
cell,-0.445709300622,-909101.921141
was-dragged,-0.445073926941,-183184.802114
grunted,-0.439893650073,-118816.820859
wine,-0.434284594263,-1920821.24755
killed,-0.431908330258,-91289.1926722
puffed,-0.431160348369,-307425.201455
hero,-0.429498809152,-301982.240074
victim,-0.429470314615,-562192.535066
struck,-0.42850178424,-61477.5878806
vowed,-0.428263269505,-135562.253032
grumbled,-0.428208939169,-282689.239248
sleeve,-0.427697227886,-220708.285302
attendants,-0.426837141032,-178116.839461
brains,-0.42672362835,-1755767.87897
promised,-0.425990342087,-44213.4284282
throat,-0.425465231689,-31988.0271657
staggered,-0.42427253714,-297664.604621
witnessed,-0.423781855986,-227117.715845
bring,-0.423197363101,-62997.9550104
was-killed,-0.423089836372,-44054.5754252
was-picked,-0.421511684038,-135979.065631
was-join,-0.420850051709,-58130.7981757
enemy,-0.42025436537,-102375.25938
identity,-0.418951883265,-361095.066767
watch,-0.417799527939,-44839.0494072
buy,-0.417729773658,-907583.316194
climbed,-0.417313632281,-123486.581242
conscience,-0.417128073993,-187184.578903
was-walked,-0.416074025937,-586850.757813
pleaded,-0.415914988387,-140025.727239
tent,-0.414478822619,-30053.4690216
hoped,-0.413277363573,-26902.9422718
was-throw,-0.413089313549,-138305.879042
hit,-0.412427501943,-43043.6185683
haste,-0.411100713141,-161892.340291
swore,-0.410481959633,-156296.939898
halted,-0.410447959177,-122598.599849
effort,-0.410018205947,-1218534.64114
vision,-0.409215912002,-325692.17572
fellows,-0.408956732546,-162660.662102
instructed,-0.408362030091,-638449.046814
was-addressed,-0.407597870953,-99585.0291102
was-kept,-0.407465587873,-84792.9976353
got,-0.406037069476,-3757.16097465
resumed,-0.40553553805,-58145.4746596
was-looked,-0.405389294089,-502019.784433
was-employed,-0.405008113151,-65628.8451363
legs,-0.403762810106,-22130.4585694
was-served,-0.40032077267,-131528.060784
host,-0.399584960991,-213585.279087
prospects,-0.398552276189,-2953646.04743
stay,-0.398507114128,-30670.4845355
sent,-0.396995980877,-16893.4438952
advanced,-0.396875760227,-51842.8151948
shown,-0.396589128946,-63432.5368926
pupil,-0.395528398848,-151584.500493
remain,-0.394737133543,-137328.757236
adversary,-0.394674799011,-350946.084645
approaching,-0.394330597665,-342914.993137
teeth,-0.392756236002,-24553.7363519
tail,-0.392720272882,-285857.957961
interview,-0.391614776147,-175093.117079
spread,-0.391504020838,-272310.181533
was-keep,-0.391313087162,-58049.0271906
was-detained,-0.389384047832,-150416.633143
listen,-0.388920081275,-47994.2067141
embarrassment,-0.38806556342,-450889.521396
possession,-0.38784866865,-554579.625259
passing,-0.387607847135,-130091.171718
unwilling,-0.387583937598,-976651.046302
was-greeted,-0.387564110708,-56018.9726698
aim,-0.387546832528,-166656.187682
was-introduce,-0.385772175496,-91695.7268567
join,-0.384637983092,-212583.965133
sell,-0.379266274982,-211390.316265
planted,-0.379261379593,-252156.562025
set,-0.378586449787,-19878.0778287
pocketbook,-0.377804766015,-251049.438889
services,-0.376730452399,-74399.8225596
spend,-0.375860523368,-209533.765772
mind,-0.37281455299,-4906.48487843
covered,-0.37225642208,-138298.892179
paid,-0.372096739318,-31376.2496318
desired,-0.37085695662,-40952.9577895
searched,-0.368666723693,-202500.175754
power,-0.368548379015,-35311.0932603
paced,-0.368506788167,-604872.735112
was-show,-0.368489741903,-67001.4068578
was-cut,-0.368306513313,-400135.5997
associates,-0.367881540794,-124435.552172
find,-0.367879025164,-15736.2647588
line,-0.366803480149,-181075.684544
ordered,-0.366719115175,-23237.3145811
urged,-0.366669330292,-120876.038303
fist,-0.364390183957,-68473.167203
saw,-0.363816086534,-3850.94700531
knowledge,-0.363652478152,-66797.6771959
glasses,-0.361615394214,-83993.734701
station,-0.361358974853,-74248.6005159
advice,-0.359582292478,-125629.927333
shot,-0.359301449541,-64133.1298007
sees,-0.35896400216,-65204.987163
was-hate,-0.358269581323,-204743.153515
visits,-0.357894985519,-91299.3125018
dragged,-0.357839594893,-113766.031302
was-bound,-0.357836564045,-86512.1501496
shake,-0.357779580884,-153205.285019
endeavoured,-0.355966803808,-46961.9377824
approach,-0.355849186338,-110235.197113
plunged,-0.351959819609,-148856.022056
knock,-0.350934176931,-1088689.14872
mouth,-0.3475307193,-8047.61979361
achieved,-0.347481511411,-158382.39141
scowled,-0.346570318991,-200074.582595
affairs,-0.345735269103,-114638.041253
blurted,-0.345098429641,-257203.473833
continued,-0.343765538462,-6331.50636814
perceive,-0.342209523125,-390005.028341
fighting,-0.341964429377,-568391.402506
die,-0.341440225303,-41003.0530024
was-regarding,-0.341274619399,-757422.707099
dashed,-0.340802211727,-173778.381702
recognised,-0.340520325464,-35275.442085
was-eyed,-0.340435234405,-693282.587599
rooms,-0.339517155073,-173820.265895
expected,-0.339502531716,-34117.798548
friend,-0.339040145559,-4043.96857974
removed,-0.336583479267,-64121.3210716
seat,-0.336562754261,-27223.2420815
strolled,-0.336511872035,-287633.019697
drank,-0.335950027592,-32951.5989508
write,-0.334743956563,-33087.8858067
started,-0.334534930641,-15706.5129152
offer,-0.332768608187,-59820.1001413
whip,-0.332529898915,-64527.0115184
twisted,-0.332325658655,-222335.217486
spied,-0.331081360992,-537138.673795
genius,-0.330639101483,-338387.420783
pushed,-0.330550386,-37316.8512504
submitted,-0.33049425632,-297723.380751
weight,-0.32996426549,-130492.065052
senses,-0.328836240736,-67961.7343021
was-pulling,-0.328159715114,-1409021.85108
duties,-0.327955802069,-117175.951581
palms,-0.327188358173,-176774.187118
balance,-0.327047158555,-311728.330445
secretary,-0.327029596675,-25522.7771546
thumb,-0.325254411668,-164324.675981
snapped,-0.325197346016,-124538.771724
drove,-0.323650938619,-38025.1205721
ascended,-0.323360787023,-378496.744105
enthusiasm,-0.322179757838,-134010.485604
was-impressed,-0.321982865591,-217052.302937
clothing,-0.321291642429,-249599.109942
struggling,-0.321137053404,-633313.377224
energy,-0.320995134049,-859311.426224
selected,-0.320640235258,-88896.4280748
breakfast,-0.320139242925,-964740.699779
travels,-0.31962906326,-303525.693549
cigarette,-0.318432399221,-69129.9828549
was-struck,-0.317831687828,-47134.7142875
convinced,-0.317536749441,-107237.897101
was-shouted,-0.316960304718,-96757.6429589
slow,-0.316874063176,-248094.464263
antagonist,-0.316292249561,-120216.935443
s,-0.315622185705,-13246.9458778
forehead,-0.315546348184,-18975.4711524
curious,-0.313528246933,-2226766.77893
lies,-0.312845543412,-252700.811359
was-hated,-0.312674250778,-80018.9272075
stomach,-0.311995900857,-46015.5108606
store,-0.311273487815,-7925.64355351
manage,-0.311166568332,-268936.896696
was-addressing,-0.310012342824,-62356.4650859
object,-0.309909283619,-56462.2200031
known,-0.308852865646,-23121.2492822
escaped,-0.308808239009,-80489.6924731
experienced,-0.30840694201,-57915.275094
mounted,-0.307580273436,-69144.8783859
example,-0.30741314257,-136553.747502
was-aroused,-0.306836542557,-340314.998572
save,-0.306316238455,-87749.435462
acquired,-0.306262164682,-72942.7275907
judgement,-0.305431154908,-218933.923746
meal,-0.305251334532,-388813.689034
knowing,-0.305175748177,-116500.094915
learned,-0.304983367828,-28423.929358
hungry,-0.304728221422,-656834.672845
visitors,-0.303806519044,-227673.964679
gulped,-0.303155779771,-185542.529318
was-inclined,-0.302889106102,-93790.600166
was-remembered,-0.302392790359,-71909.0739243
chin,-0.302205853432,-39227.7728015
job,-0.302005910397,-61650.9846159
was-catch,-0.299908047476,-254618.671083
capacity,-0.2984039206,-146794.954616
grabbed,-0.298304649287,-64935.7926071
training,-0.298286827997,-256457.213542
stick,-0.297921743417,-117020.690425
made,-0.297768887457,-2506.2378581
quarters,-0.297536326942,-68211.6442752
deemed,-0.296757308253,-74898.8799811
related,-0.29650516455,-240691.619961
finds,-0.295648848347,-93075.2003792
hide,-0.295097316718,-1304989.2612
mistake,-0.294827115389,-114267.199696
crossed,-0.294476646009,-56304.7092986
slid,-0.293339561916,-131716.026406
order,-0.293245146233,-69404.3651586
was-offered,-0.291911733146,-111790.210825
leg,-0.291866193216,-42002.2108054
think,-0.290927455071,-6682.79560914
bought,-0.290734060022,-34005.0085379
brain,-0.290569243136,-36394.9867341
filled,-0.290091882737,-67386.6981702
failure,-0.289801956996,-146695.947635
foot,-0.289415938154,-35593.6118968
willing,-0.289307934865,-62895.8212155
glass,-0.287139037668,-13160.1027026
assented,-0.287100379835,-324774.338361
plans,-0.286879828783,-106768.000701
begged,-0.286815947283,-32339.1926567
send,-0.285953052388,-107442.136207
make,-0.285510577619,-10763.2971379
statement,-0.285364715272,-146741.053617
grasped,-0.285197258569,-79275.428029
was-released,-0.284700978652,-154841.571161
shoulder,-0.284211691961,-10280.0100318
reflected,-0.283936428337,-95925.0117206
stock,-0.28372158681,-213226.837281
will,-0.28367321784,-30338.0310518
mission,-0.283496403555,-111180.847707
show,-0.283004651244,-42400.2178811
folded,-0.282918714926,-123535.004306
claims,-0.282806640247,-208769.462982
proposed,-0.282712337633,-31751.4009701
meeting,-0.282327255213,-269432.519708
reported,-0.282199246174,-136448.67715
noted,-0.281603148148,-127560.159645
stands,-0.281561637081,-55797.1443938
warned,-0.281449257803,-47335.4228512
pause,-0.28044538663,-302063.807849
pointed,-0.279684037762,-43163.5215075
surveyed,-0.279580118193,-231099.252314
pursue,-0.278993157458,-416899.208846
companion,-0.278412983706,-14238.117346
was-requested,-0.278024049122,-67166.3433907
follow,-0.277992933339,-75184.6240302
cause,-0.2764464245,-56347.608841
entering,-0.2760127951,-362444.042069
was-reassured,-0.275257306286,-55153.5431887
view,-0.273700287937,-57683.1272532
scrambled,-0.273451983543,-170501.152734
landed,-0.27301117932,-137528.988261
figured,-0.272556844056,-145080.422113
was-shaken,-0.272511684105,-350163.524379
was-suspected,-0.272356546378,-95598.1652665
journey,-0.272312051424,-69315.1590522
bedside,-0.272165702166,-102431.46059
tightened,-0.272115984232,-130641.610531
determined,-0.271559219464,-33197.8410914
was-noticed,-0.27136115324,-76066.323916
was-help,-0.270732871919,-29276.8999046
eaten,-0.270191723875,-200409.099465
kicked,-0.27000772317,-562825.793179
take,-0.269896150023,-7670.95393454
brows,-0.268507639981,-140871.323693
was-covered,-0.268439728546,-283328.875545
fortune,-0.267994893529,-30797.339808
was-see,-0.267434271979,-3599.97342309
shuffled,-0.267294727185,-427553.273888
winked,-0.266728366812,-147975.208511
boots,-0.266323099097,-71971.4594703
agent,-0.266149211043,-146307.161635
was-joined,-0.266043455779,-38001.8435449
sentence,-0.265974868133,-92902.0451049
mate,-0.265866629513,-232931.088238
was-relieved,-0.265518997115,-89628.516295
bowed,-0.264985844002,-30704.8344413
shoved,-0.264712779399,-203277.173833
walk,-0.264421279019,-35309.4924508
intentions,-0.26422478427,-137923.015842
proposal,-0.264185045918,-142966.449325
death,-0.264155078856,-10199.2194756
gained,-0.263851462689,-38030.5058984
play,-0.263212848413,-24189.0066681
command,-0.262823518512,-63632.2846333
carried,-0.261583545151,-15833.5380078
walked,-0.26139396434,-5478.70714669
dismissed,-0.261326662315,-90071.3677907
was-helped,-0.261040141389,-119767.295649
seem,-0.260281249258,-39664.1113559
was-hit,-0.260109585373,-54943.7724879
doubted,-0.259296519276,-124078.969118
bow,-0.259292567859,-92604.5223727
company,-0.259152088839,-23696.882685
add,-0.25899193494,-180851.295233
owned,-0.25895165997,-74388.1338896
knuckles,-0.258169962854,-134694.925383
wheeled,-0.257547078566,-221079.142628
cast,-0.257397472528,-37789.0152977
approved,-0.257332492327,-502722.364524
happened,-0.257243443681,-27501.2056993
encounter,-0.257185566471,-381392.235427
was-grabbed,-0.25674016004,-133616.363951
danger,-0.256686388668,-154749.029688
was-awaited,-0.25640920318,-169362.624773
role,-0.255962100293,-119031.948327
land,-0.255648586194,-125661.983985
done,-0.25538666914,-9620.63578407
screwed,-0.255252495849,-334774.457724
was-bring,-0.254902997165,-31635.3628706
word,-0.254044790946,-68884.9164643
counted,-0.253910677852,-94745.1338947
errand,-0.253766592517,-160078.893033
lacked,-0.253506711719,-198913.336318
was-concerning,-0.253155483294,-149600.513933
was-accused,-0.252574307989,-173498.740703
shook,-0.252477466667,-7318.30630601
gives,-0.250975668982,-36525.6397672
broken,-0.250272155188,-78433.2217196
was-stop,-0.24993667737,-99339.2029083
was-lead,-0.249880310619,-208917.359168
was-replied,-0.249393112095,-2226.63103695
height,-0.248618517284,-110508.469676
amused,-0.248224208972,-282158.061709
read,-0.248052214599,-6901.86586423
staff,-0.247829731833,-197715.149745
ai,-0.247575184127,-71704.7799725
was-greet,-0.247295593719,-170380.653534
claim,-0.246625964558,-25344.6702704
get,-0.246583675824,-7105.69153943
avoided,-0.246092039363,-143950.586903
observed,-0.245272520106,-13888.1491242
dream,-0.244753300524,-80897.5945437
commanded,-0.244598860779,-47023.1303617
committed,-0.244345922157,-54243.8063351
attention,-0.24422291309,-23022.4486303
fool,-0.243430748845,-71284.9251968
did,-0.242882758249,-2477.60892772
reach,-0.242846735916,-166007.675893
ceased,-0.242800763713,-39151.8409078
begun,-0.242574977151,-27714.1229031
lost,-0.242424900087,-12138.6241548
wrapped,-0.242380388853,-76759.7056785
ambition,-0.242238622225,-201379.417132
accomplished,-0.242098211423,-468266.849966
awaited,-0.242079819823,-59487.9260482
staring,-0.241863773203,-59162.0786604
was-disturbed,-0.241759405122,-135166.418815
catch,-0.241677153226,-174240.35885
was-paid,-0.24140113403,-41360.7935496
chose,-0.240459633836,-93254.7983893
was-leaving,-0.239993440747,-26338.1321886
curiosity,-0.239889456654,-63640.7960735
emptied,-0.239450509752,-273338.525981
was-flattered,-0.23917505784,-801157.055709
jump,-0.238948783067,-2354212.41845
was-patted,-0.238803647845,-1405513.39009
was-slapped,-0.238673604633,-356285.280006
was-meeting,-0.238342024217,-170255.366344
was-hear,-0.237944308171,-22291.9667856
fight,-0.237852912688,-93194.7031651
leading,-0.237553329157,-198358.62495
note,-0.237207437104,-58938.8378759
dead,-0.23710098591,-8880.50221454
benefactor,-0.236860862213,-129164.579898
was-directed,-0.236092912189,-101993.264145
acted,-0.23605516576,-54650.9229903
experience,-0.2356931943,-61267.3068769
was-shook,-0.23556382646,-139248.800386
grace,-0.235140135554,-25886.5939155
was-accompanied,-0.234460884179,-105608.141025
quoted,-0.233714422513,-164108.965982
castle,-0.232929294165,-38390.3553023
whole,-0.231954598753,-336022.115519
writing,-0.231852577989,-38153.6845013
was-prevent,-0.231615924657,-41177.7532391
hiding,-0.230324216205,-528133.031072
resented,-0.22963525414,-189398.964302
met,-0.229604252629,-10559.2850752
backed,-0.229260239394,-105455.835777
able,-0.228980487179,-14759.1993103
fill,-0.228341195088,-128838.401425
envied,-0.227698606004,-383035.048535
thigh,-0.227086651577,-238762.088599
interest,-0.22667687575,-30080.6832489
was-meet,-0.226509392616,-15025.1191808
owed,-0.226273757622,-74881.9382202
do,-0.225805605238,-4124.48681176
recalled,-0.225204598596,-61018.3114356
stared,-0.224492939432,-15727.8661509
completed,-0.22392726878,-198525.461152
sounded,-0.223520365632,-122712.501275
signed,-0.223282378112,-61265.5710413
brave,-0.22281870195,-121585.357172
wont,-0.222420091882,-71315.8917926
dismounted,-0.222282721383,-648627.921883
decided,-0.221641911711,-13198.8653721
drew,-0.221503214787,-7911.76001793
disposed,-0.221162936982,-652839.028969
tore,-0.220715643779,-37094.5756402
guilty,-0.220280785347,-50145.8257237
permit,-0.220182774135,-112922.500395
own,-0.219782040201,-4777.80268665
fell,-0.218774041246,-8084.10919865
was-support,-0.218476713782,-81143.4808267
provided,-0.218100251574,-58498.0661694
was-astonished,-0.217562078759,-201714.884748
conduct,-0.216672154121,-31766.0160553
toes,-0.215800405453,-175944.598229
engaged,-0.214718042562,-47826.1884328
was-hold,-0.214671167814,-176078.752167
vanity,-0.214035334061,-152292.506898
was-whispered,-0.213317356063,-18223.2355618
woke,-0.213005767989,-41948.7691782
palm,-0.212876739266,-207632.737913
realised,-0.212326847047,-13740.5869931
arrival,-0.211485529968,-38272.384091
party,-0.211322560956,-10926.7659961
see,-0.211040496104,-3496.1117542
money,-0.210811752921,-16405.57547
opinions,-0.209828776048,-155251.411357
certain,-0.209454024334,-69403.9426898
stepped,-0.209450160137,-19062.4559421
was-informed,-0.208548560921,-20769.0509403
intend,-0.208409425063,-37121.4150508
shifted,-0.208406311478,-315505.041973
custom,-0.208132360451,-62854.3615406
seems,-0.207558320482,-29579.8317825
was-drawn,-0.207054607796,-210998.915791
was-urged,-0.206406036721,-40967.8634539
straightened,-0.206314464181,-125959.126583
was-announced,-0.2060306505,-75344.8379854
hear,-0.2058620802,-11185.6272672
favour,-0.205853829522,-51346.3492096
need,-0.205797639149,-30296.9130221
was-rescued,-0.205757515021,-80823.5117977
guide,-0.20549514761,-324004.328819
sought,-0.204727306176,-24990.7519473
temper,-0.203664765947,-53501.2172873
pressed,-0.203594196029,-33461.7508869
reception,-0.203078211269,-334240.047372
played,-0.202807162435,-18507.4191945
concluded,-0.202755898267,-44883.0817525
car,-0.202628222616,-31434.4160978
inherited,-0.202613391722,-858957.926184
preparing,-0.202058894261,-98105.1690312
attempted,-0.201152051367,-39611.4423223
comfortable,-0.200638698854,-377691.294785
neighbour,-0.200404753326,-28642.4013292
slipped,-0.199752729787,-37140.192978
lose,-0.199500870855,-125296.464679
listening,-0.198381701632,-66334.5318219
taught,-0.198040172065,-36831.3825768
busy,-0.197793571577,-32077.1052911
employed,-0.197754340689,-70791.7015815
affair,-0.197669316819,-140366.761366
gift,-0.197612499439,-64029.2870073
speaks,-0.197352775048,-46223.0186473
knee,-0.197170537709,-42055.8595349
retreated,-0.196807280132,-102785.765119
imagine,-0.196552465722,-75497.3164532
was-forgive,-0.196386775827,-34822.4191159
was-threatened,-0.196180922372,-50790.5307412
dog,-0.19610832568,-34380.3893847
spectacles,-0.195961901863,-33609.0267555
was-caught,-0.195246974082,-32805.8204015
years,-0.194731039227,-22491.5875288
recognise,-0.194407943739,-90046.7332468
was-save,-0.194073798302,-34799.7743268
mistaken,-0.194005751104,-88940.3196787
fire,-0.193959205585,-88527.9571749
pull,-0.192963136091,-42044.0629035
moment,-0.192917035512,-129958.942987
loneliness,-0.192433438949,-277735.730783
saluted,-0.192247062317,-134432.672357
crew,-0.192115039188,-72219.5583439
strode,-0.19204287654,-29892.9664829
practised,-0.191720408965,-49250.03161
contemplated,-0.191610110406,-215917.251341
receive,-0.189506339932,-33119.0809344
surroundings,-0.189205986542,-1568496.9319
marched,-0.187928024454,-63035.5554417
drinking,-0.186016028506,-65882.3826389
takes,-0.185876695231,-23182.2333796
pass,-0.185628704632,-60105.9581956
tried,-0.185510535235,-5276.16857192
was-let,-0.185052449948,-21639.9374396
pace,-0.184925266717,-73149.6953062
innocent,-0.184870243315,-47412.4371083
passage,-0.183694876092,-61103.5293071
stuck,-0.183602192134,-52084.5322984
superior,-0.183450545778,-81186.3062235
kill,-0.183431485438,-48771.6440426
was-made,-0.183001153209,-30651.7054349
hatred,-0.182629218435,-265121.478702
carrying,-0.181952381496,-254563.598736
was-puzzled,-0.181579867736,-66557.5531922
tone,-0.181192346889,-27901.3222854
was-lose,-0.179563449497,-115746.519896
plan,-0.179484861759,-37183.7652778
returned,-0.179110695453,-3181.87983223
sleep,-0.178938420218,-20354.0432984
lit,-0.17846896372,-58291.0463808
endure,-0.178261047151,-190340.933442
supper,-0.177470781444,-136496.349527
future,-0.176984962984,-126019.416672
obeyed,-0.176587777453,-31207.4474562
deny,-0.176179004882,-66549.6337425
post,-0.175806096726,-71629.1340533
saying,-0.175398434231,-10180.6522823
was-treat,-0.174969476068,-70465.6239673
was-given,-0.174765857048,-18911.1079846
sensed,-0.174359914801,-86570.3134895
speech,-0.17413076638,-31986.2040004
given,-0.173976981876,-11819.7858091
choked,-0.173518766292,-665635.620718
maintained,-0.172920134895,-61111.2783268
was-questioned,-0.172587101383,-37559.3094499
was-drag,-0.172510099785,-261435.299352
picked,-0.172307072858,-13603.3349682
eye,-0.172063390267,-6172.02793062
was-beat,-0.171677304672,-83495.35417
book,-0.171567080006,-32803.7591052
reputation,-0.171261762417,-47628.5659005
wrote,-0.170884159711,-7859.10309375
was-knocked,-0.170835046245,-58918.206236
duty,-0.170550984776,-37238.7073418
was-awakened,-0.17039783819,-122639.38806
was-finding,-0.170267255114,-123180.642016
stand,-0.170217387585,-10283.300942
comment,-0.169642059036,-83180.5463406
was-added,-0.169542667952,-13750.5335558
practice,-0.169332277114,-233744.772227
was-guided,-0.168924332082,-297248.966143
lifted,-0.168660054467,-13496.0914782
anxious,-0.168570249417,-41256.9406967
laboured,-0.168302398922,-66227.1106622
remembered,-0.167814648111,-9303.50165961
was-observed,-0.167510025788,-30554.8386695
examined,-0.167436720789,-26045.3198568
was-gave,-0.167313848746,-38477.2674278
was-induced,-0.166876902826,-77062.9503093
childhood,-0.166874793509,-83909.0681964
shared,-0.166515582145,-53892.9269514
was-prevented,-0.16620794009,-45243.558156
piece,-0.166042688293,-212892.591811
was-warned,-0.165896004598,-56787.2020732
want,-0.165870028751,-5601.3127718
history,-0.165841202894,-12051.3944902
believe,-0.16552415771,-12246.439585
was-invited,-0.165301960211,-28519.0298429
was-warn,-0.16502010858,-249930.233278
offered,-0.164659520212,-16993.9021775
was-allowed,-0.164387712944,-56398.6394872
taking,-0.164333210803,-19705.4213967
stamped,-0.164206336642,-115624.613278
different,-0.164130762543,-23855.4296123
guess,-0.164100187322,-153764.460965
edged,-0.164091653071,-98010.7697284
ill,-0.163997485543,-133990.27327
throw,-0.163738426291,-86010.8708368
flight,-0.163539464989,-62895.4798654
cup,-0.163100498517,-32648.5867934
dignity,-0.162897405027,-112737.025919
education,-0.162768525734,-27742.4255823
feels,-0.16233995172,-43404.4740523
introduced,-0.161714016756,-42787.2858342
calls,-0.161510213392,-53895.5827134
drifted,-0.161116848245,-99402.6442433
pursued,-0.159600400661,-34934.8902395
bound,-0.158756446218,-133908.973122
jumped,-0.157722242305,-19428.1129794
dined,-0.157269769869,-66925.1976999
was-known,-0.157111803578,-16626.3384452
excited,-0.156041141546,-97128.933844
ignorance,-0.155864235601,-433364.298954
choose,-0.155255301341,-39024.3084714
admitted,-0.155118059631,-21506.7011719
died,-0.154488104469,-3603.46249759
relationship,-0.154398966346,-112033.856651
bade,-0.153675545681,-89174.8938113
was-determined,-0.153664682513,-15939.924489
spoke,-0.153619291041,-3167.55395084
enjoying,-0.153437466924,-67268.8583151
was-congratulate,-0.153057324232,-93702.4789529
spat,-0.153034598002,-305991.142262
traced,-0.152450729932,-248378.740745
act,-0.151859477002,-58863.6113117
ventured,-0.151848237973,-45099.9687174
abandoned,-0.151618759155,-64105.4919806
hour,-0.151589308602,-407260.146397
goes,-0.151355803401,-12464.683763
questioned,-0.151101649642,-100247.065388
share,-0.149720714834,-33763.4011085
drunk,-0.149565494242,-59090.2156878
song,-0.149241389928,-56348.7196548
clapped,-0.148537758003,-140481.621024
knew,-0.148347526673,-1230.11726507
thrust,-0.14819993075,-32914.5646571
earned,-0.147804783011,-267923.793966
served,-0.147609024801,-41083.5932814
was-failed,-0.147205439387,-136336.935445
walking,-0.146930506347,-24932.3424648
school,-0.146612052267,-20059.3391603
departure,-0.146043297834,-16353.1080993
comes,-0.145939424972,-6854.93114462
remember,-0.145755539542,-15269.8954124
left,-0.14570409771,-2028.43894887
was-getting,-0.14564029355,-81070.7455555
poured,-0.145031585732,-10446.055217
swallowed,-0.144894312437,-124733.346681
was-missed,-0.144532862375,-60329.8975718
produced,-0.144463670836,-22054.0482514
indifference,-0.144312762631,-314131.843123
passed,-0.144149722747,-4922.75113185
stammered,-0.143968234338,-74662.6601233
stripped,-0.143783253827,-230101.894653
was-follow,-0.143404489336,-26753.3234218
place,-0.14164796445,-1574.90399774
air,-0.141408538627,-59362.9336857
excuse,-0.141047001579,-51449.5573853
misery,-0.140804650039,-367499.923567
coffee,-0.140715317375,-50572.8736704
ground,-0.140472888062,-145109.08466
nurse,-0.140357269483,-35764.1440733
slowed,-0.140146895806,-170436.63868
was-regard,-0.13940731174,-85946.9382852
sipped,-0.139387425602,-52976.9217669
belonged,-0.139353640238,-28033.0208852
finished,-0.139293039838,-16892.3043861
wishes,-0.139042931442,-14825.5851972
was-believed,-0.138787282838,-45481.3050805
watched,-0.13833434781,-10511.1179636
behaviour,-0.138246013514,-35932.122304
drink,-0.13780025987,-23432.4451889
replaced,-0.137691898743,-57898.0482734
were,-0.13619264992,-5335.25511703
meals,-0.136134668508,-83432.7041001
thoughts,-0.136122692535,-9221.83536734
enjoyed,-0.135868151972,-27686.8998846
wisdom,-0.134961343548,-76102.9196523
conviction,-0.134674167948,-124265.189384
consulted,-0.13453797283,-59878.8512944
expect,-0.134273874178,-30213.8308132
devotion,-0.1341916768,-67642.8066564
ears,-0.133964151168,-11339.5257692
soul,-0.13271121194,-8673.44689376
attended,-0.132691037637,-22556.8628094
was-affected,-0.132686670674,-55041.9476913
borrowed,-0.13236612702,-49900.5571047
beckoned,-0.132026627918,-214208.511541
was-sought,-0.131685163329,-65492.4597705
desires,-0.13123003183,-313911.195164
breath,-0.131105297679,-13584.6121692
was-convinced,-0.130535959441,-27404.7855181
was-begged,-0.130124562441,-25137.3252731
start,-0.129137369481,-25661.9988028
close,-0.12835675693,-17676.3125515
was-stopped,-0.128188437988,-29066.0091501
accepted,-0.127070548354,-21651.8631499
snatched,-0.126800578585,-50375.4225946
withdrew,-0.126522255407,-15530.3243341
lodgings,-0.126499393884,-48205.6961021
was-dismissed,-0.126394043983,-27174.8654936
pronounced,-0.126309566521,-26470.3077545
paper,-0.126135550825,-25889.3827485
was-pressed,-0.125960962992,-38232.4887317
marked,-0.125840590298,-111599.983357
was-returned,-0.125781120516,-17624.3910913
has,-0.125275679506,-1261.1239124
dared,-0.124810763617,-23182.2826623
waited,-0.124785917175,-11502.9945629
was-treated,-0.124516286139,-65201.7731935
inquiries,-0.124006678794,-99570.8719136
meditated,-0.123960403348,-44978.5762603
was-make,-0.123181949287,-18096.9947478
was-responded,-0.12317286507,-41009.9152715
horror,-0.122908898239,-85938.4157854
followed,-0.122818658825,-4497.51379357
was-demanded,-0.122287180185,-20304.620254
assumed,-0.122251521989,-58977.8343633
exhibited,-0.121703503889,-142417.554266
recollected,-0.121134594107,-48915.3412457
was-want,-0.121010757148,-33061.3344271
needs,-0.120949273463,-36264.9189714
doing,-0.120929203085,-6676.48006747
ideas,-0.12075665802,-44312.3699468
protection,-0.120257116245,-402968.670971
hurt,-0.119972459605,-100824.338893
train,-0.119198605698,-43874.0355013
was-attracted,-0.119031180667,-67454.3296927
dealt,-0.118837189917,-147192.432265
reply,-0.11882688781,-25496.3814748
was-went,-0.118825811473,-42840.24658
pondered,-0.118604711851,-184244.784457
was-concerned,-0.118397937894,-22448.2996025
was-promised,-0.118154507871,-29536.1065876
stated,-0.117735361034,-22783.8154851
was-pulled,-0.11740728516,-125309.042733
miss,-0.117401068611,-112669.524633
knees,-0.117395245114,-5381.06374593
threw,-0.116749056694,-4937.03756435
indicated,-0.116655925894,-46434.5166495
sort,-0.116602416364,-19930.1769143
works,-0.116576666639,-20081.9223234
couch,-0.115516715034,-56345.4358336
was-betrayed,-0.115302345163,-70052.6831079
yelled,-0.115153038446,-12235.2070268
extended,-0.11439034727,-72518.4176326
induced,-0.113833658067,-366011.786212
leaning,-0.113483000272,-31383.7569258
claimed,-0.113040579267,-37711.3404234
count,-0.11287297698,-105121.467285
attend,-0.11247712749,-29995.2119976
forced,-0.112408461031,-62557.1156629
'd,-0.112168248453,-54200.3408437
amusement,-0.110499480629,-51048.4125204
faced,-0.110467462721,-81674.1503599
was-deceived,-0.110118222337,-53706.7501065
round,-0.110055161302,-28814.8313113
studied,-0.108538653968,-16795.0388014
was-haunted,-0.108333042882,-471546.992087
was-answer,-0.108047723427,-59842.2683178
wiped,-0.107956707683,-30063.9806224
was-turn,-0.10795315578,-61642.4307476
saved,-0.107165773646,-31437.4068525
'll,-0.106476302381,-60758.2121729
was-heard,-0.106459851454,-9717.10328858
was-admitted,-0.106361916464,-65543.8525306
was-facing,-0.106207349014,-49903.8195549
cross,-0.105962451382,-78066.336402
horses,-0.105856637305,-39229.5545542
equal,-0.105652323486,-44259.2408136
satisfaction,-0.105605381327,-62742.5488541
was-beheld,-0.105602438133,-76455.1566919
sunk,-0.10548720641,-33591.5675505
was-considered,-0.105260738549,-56671.0194429
pretended,-0.104982554285,-36295.278854
was-motioned,-0.104962305022,-71437.2699316
wandered,-0.104797691733,-79312.458199
strength,-0.104595283667,-13674.8968065
commenced,-0.104293760064,-29000.9553507
was-tempted,-0.103690827838,-310628.897816
handed,-0.103520885952,-11013.872098
recover,-0.103284429879,-324685.980422
patient,-0.103255514373,-84121.857791
remarked,-0.103251204507,-8303.17576208
visited,-0.102840522723,-21695.4314049
nostrils,-0.102714787877,-66603.1821553
respect,-0.101906882498,-37130.9358802
rifle,-0.101870425791,-62339.781388
winced,-0.101049634951,-137961.732687
was-began,-0.10059175286,-37773.9721499
perceived,-0.100577101003,-18687.6763331
demeanour,-0.100364814144,-79890.406241
account,-0.0998247982576,-8591.34660689
paused,-0.0995048823332,-5379.70620813
succeed,-0.0980959790409,-84420.9594501
was-permitted,-0.0980554277727,-99642.5046745
blame,-0.0971532194929,-259133.775049
was-forced,-0.0968927696037,-28168.0067081
dare,-0.096419286387,-16728.1115018
manner,-0.0963523416745,-3942.64736407
was-pursued,-0.0959704796257,-37894.2503627
wake,-0.0955613483857,-40068.9950581
finish,-0.0955242212256,-79486.0221074
reappeared,-0.0942789951278,-60724.4966824
regretted,-0.0940113933312,-45981.6388538
rubbed,-0.093475649575,-35152.3916836
trusted,-0.0927568469761,-28655.306819
was-agitated,-0.0923853213687,-46052.6268683
fear,-0.0919534890661,-20445.8125731
attack,-0.0916189020213,-169769.809579
explain,-0.0916021006074,-28955.3525047
was-like,-0.09151287548,-19723.550823
succeeded,-0.0914801291903,-10328.2584096
expressed,-0.0908992425493,-11450.7715721
gain,-0.0906707041096,-83125.9282001
sink,-0.0895778979743,-104537.957027
giving,-0.0891096522415,-39712.1286393
talked,-0.0881645785236,-4578.95691952
was-pull,-0.088060887541,-335109.414671
energies,-0.0876812575201,-47773.9035182
lived,-0.0870520128515,-2523.02926495
was-gone,-0.0869445666047,-6938.5117165
was-excited,-0.0868775875096,-20645.0184669
distinguish,-0.0867968983768,-207027.583196
pulled,-0.0863290070559,-5566.71110291
expense,-0.0862652791524,-134899.2226
was-inform,-0.0851343562992,-75830.6695512
defence,-0.0851239670746,-35859.5949788
wits,-0.08510342011,-143758.542083
ignorant,-0.0845402491856,-27495.2262594
brothers,-0.0841093007089,-26087.3304388
apprehensions,-0.0834212694891,-30907.4763387
recollection,-0.0830569628708,-68201.1383612
partner,-0.0830141157171,-21125.7135208
notice,-0.08201954003,-58598.7856914
stirred,-0.0813601332422,-32297.6455554
unlocked,-0.0808171553217,-122775.99891
frame,-0.0804830353113,-16070.5454287
unconscious,-0.0803454753547,-227864.369715
described,-0.0794161718403,-11220.3861564
books,-0.0793535035322,-81807.221766
was-restored,-0.0788107564394,-37991.9748608
pen,-0.0785983588379,-18304.7559795
acknowledged,-0.0785590488895,-29587.4510194
reflections,-0.0785309131224,-48431.2337586
retreat,-0.0785129894216,-22352.3638899
enjoy,-0.078225996553,-42878.6088322
burden,-0.0779986479589,-69463.5244768
presented,-0.0777678389752,-22132.9561926
was-shut,-0.0773324615683,-282066.783145
appearance,-0.0764218451332,-3925.94685889
facing,-0.075848621935,-74202.1953169
was-arrested,-0.0753409966725,-62013.5284338
neglected,-0.0751789978615,-168280.610096
worry,-0.0746365047845,-90361.9513983
opinion,-0.0745690483662,-8170.96939044
force,-0.0740145823523,-14274.6393852
notes,-0.073977116531,-35100.1232489
appears,-0.0736771422582,-9435.7121678
move,-0.0732376717869,-15275.1585005
was-interrupted,-0.0730661165372,-21212.1603965
departed,-0.0726657514201,-20484.2742435
stumbled,-0.0725493366094,-23929.3900751
dinner,-0.0722597043641,-29745.6394641
adventures,-0.0720248978394,-105793.641488
secured,-0.0715832367273,-54460.9994105
smoked,-0.071564658627,-56733.9941728
was-got,-0.0713395854245,-3245.08730059
chance,-0.0710701085989,-61480.6126182
addressed,-0.0706272218611,-13239.34579
was-handed,-0.0706173528696,-164274.781521
wound,-0.0703758681201,-28643.5788083
admiration,-0.070313984413,-57498.1713093
thought,-0.069994922762,-583.915233579
was-attended,-0.0699062173919,-19719.4732456
retorted,-0.0697008216427,-14950.6791747
strike,-0.0695875592408,-118565.758487
road,-0.0691031245954,-54272.9971511
intended,-0.0689739068047,-8159.23832727
condition,-0.0685080753443,-22730.371472
was-draw,-0.0681275170525,-36483.5246233
taste,-0.0678556755733,-15525.3582474
hissed,-0.0671315629698,-31784.8872015
supposed,-0.0670257423491,-30372.4959822
apologised,-0.0668155511269,-68668.4132635
was-welcomed,-0.0664651699817,-24269.0055876
gotten,-0.0662215577018,-44222.2744864
employer,-0.0660234789074,-11327.8013153
ended,-0.0657263048112,-17924.758368
trip,-0.0654324301014,-52372.548222
squeezed,-0.0651290120364,-22549.564045
was-trust,-0.0647069129636,-20946.9558502
's,-0.0645515782377,-1982.93260637
accent,-0.0645041037898,-89995.7062119
likely,-0.0640116201218,-13914.8351561
risen,-0.0634657968057,-18242.5019154
was-drive,-0.0630530952202,-22208.4318621
letter,-0.0629988059548,-2130.97740584
was-remember,-0.0629972449077,-5413.62333029
was-presented,-0.0628760996641,-17275.9739615
world,-0.0625643631162,-27218.8678211
stranger,-0.0622323859675,-65331.2107831
suffering,-0.0622149803933,-17275.0047162
referred,-0.0619295265383,-29655.4282526
steps,-0.0618842653096,-22699.1362755
entertained,-0.0618702421902,-16095.9708002
clutched,-0.0617922504977,-43585.1995154
stole,-0.0617151901777,-28063.4761867
audience,-0.0612965606082,-128142.022257
was-reach,-0.0607378408531,-175076.480392
run,-0.0594313794554,-7422.66375269
was-filled,-0.0585725893716,-29998.4235396
satisfied,-0.05816619309,-26987.2028235
uncle,-0.0579545491274,-2396.07437915
was-invite,-0.0578858835047,-16052.1423847
was-suited,-0.0575772357725,-46518.426674
growing,-0.0575693979321,-27120.0870173
kept,-0.0573971393918,-1868.54133009
motioned,-0.0570363252046,-22346.3947337
stayed,-0.0566716948567,-4141.76423227
was-murmured,-0.0564751294826,-47718.3922461
finding,-0.0564227730105,-25105.8230265
volunteered,-0.0563725666085,-73331.2452246
determination,-0.056157841072,-26049.6093931
sprang,-0.0560625533762,-12196.8867799
one,-0.0556963906416,-23517.4092208
eyed,-0.0555993081319,-69071.6153616
clenched,-0.0550622795587,-70464.2649904
eager,-0.0548384425666,-65868.685283
yawned,-0.0547784743983,-91740.5294281
was-confronted,-0.0542914790234,-59427.3452776
bearing,-0.0542624911284,-185064.419973
was-get,-0.0537220588786,-4859.35948277
was-charged,-0.0536195921258,-17424.5706073
was-receive,-0.0534798043077,-14946.4140063
shrank,-0.0534626226615,-23281.861155
was-strike,-0.0533192051201,-653977.041739
was-sending,-0.0531921828003,-62961.3137297
beat,-0.0526614202872,-12589.1919423
fancied,-0.0524567379196,-8025.91071012
keep,-0.052310353698,-8310.65470722
driven,-0.0521431179808,-22913.7167274
was-named,-0.0521151194254,-28467.9598123
family,-0.0516338434986,-1588.7601988
was-saved,-0.0516150168572,-13569.2958046
hauled,-0.0514008022539,-34705.0754808
deceived,-0.0510857279972,-88645.7612931
ribs,-0.0507087193776,-148966.919981
bones,-0.0502248766009,-17504.3663717
was-carrying,-0.0492213199038,-24024.4891176
leapt,-0.0491033225386,-10577.4507548
humour,-0.0486396870809,-26571.3017856
drop,-0.0485444750628,-15433.5229713
makes,-0.0482893056483,-6966.06236439
arranged,-0.0480894415362,-7314.11732003
sons,-0.0476632515541,-9750.9319358
fall,-0.0473551254684,-6816.69338486
lain,-0.047350530826,-50199.9414368
body,-0.0473110967373,-1756.18235479
accustomed,-0.0471382040263,-31448.1420222
aware,-0.0470629263909,-6343.70167959
was-hurt,-0.0468472477114,-15065.166321
youth,-0.0465833354445,-4983.58280813
neck,-0.0456569793903,-2526.00686038
understand,-0.0454213748527,-6737.8184945
come,-0.0454163922352,-613.976594875
fists,-0.0448527440978,-16420.6670676
folly,-0.0447812640099,-13241.7688688
touched,-0.0431807941373,-6785.98036402
conceived,-0.0431028745262,-43920.8376372
waved,-0.0422477889904,-8063.92159668
kind,-0.0422434384993,-6978.65242139
type,-0.0414316021092,-26740.695156
expectations,-0.0413564464309,-64309.2886761
pride,-0.0406874991383,-7365.88905895
footsteps,-0.0404892748498,-59207.5219987
live,-0.040449576037,-3024.63296879
success,-0.0402690547591,-13661.4898383
cut,-0.0401358611277,-5797.18167368
trying,-0.0401120906327,-4026.96389841
was-woke,-0.039820998583,-16442.6520452
mean,-0.0392833259308,-4091.46720417
was-thanked,-0.0391516913923,-11129.5896616
purpose,-0.0385743808069,-5678.96650783
was-understood,-0.0384869389649,-11477.1021999
lift,-0.0383325422174,-33824.1744923
meaning,-0.0382104882061,-40381.9238957
noticed,-0.0381354966991,-3656.62769063
conversation,-0.0380832043999,-11227.3874405
trunk,-0.0380451764797,-10437.1250436
won,-0.0378757003996,-9193.16076796
was-put,-0.037757966129,-1286.79737102
hid,-0.0376321088212,-33856.6801361
was-wanted,-0.0373115725367,-22217.8808328
prove,-0.0366558757695,-14788.1473169
settled,-0.0365502687035,-5886.62750642
was-holding,-0.0364567627303,-14279.9836216
questions,-0.0361465618685,-8758.70458468
was-look,-0.035560347171,-20490.6462799
was-set,-0.0351150856743,-7700.97288446
feeling,-0.0345162458284,-8699.4345922
guard,-0.0345118192119,-7931.53829689
was-drawing,-0.0333165864183,-28519.5814899
was-reminding,-0.0322494917301,-77511.5677205
nodded,-0.0317816492067,-1159.8015086
was-leading,-0.031683408932,-21088.296919
was-needed,-0.0314344090432,-9308.71709289
suggested,-0.0313022626664,-4309.94686501
was-surrounded,-0.0311462500784,-9171.93357594
awakened,-0.0303308036219,-92766.67192
whipped,-0.0303010374332,-12006.1036936
income,-0.0301592884455,-14204.3602457
was-attacked,-0.030137294246,-82109.783177
slept,-0.0298366716357,-3318.60191574
ear,-0.0296026484729,-2297.23205133
attire,-0.0292973105467,-11590.8670816
was-troubled,-0.0289993802187,-8208.32594488
adopted,-0.0288683775799,-12619.0767492
service,-0.0286953737518,-7609.49682048
having,-0.0284585619434,-2220.60535375
was-reminded,-0.0281202713703,-6785.27379498
venture,-0.0280432015008,-366820.372393
was-leave,-0.0280413854652,-1706.75361773
advised,-0.0280006352978,-15353.0162683
quit,-0.0274681160763,-10229.8582315
was-mentioned,-0.0270095730793,-17216.5599262
forgive,-0.0267391193071,-8968.17439025
was-involved,-0.0266490630338,-16495.8993849
message,-0.0262180560334,-12626.4214093
was-inquired,-0.0257255384258,-3173.81584509
caught,-0.0256687267675,-1626.62510556
encountered,-0.0255381759525,-17341.6614869
heel,-0.0252890748119,-9186.92418219
servants,-0.0250495431272,-7312.8790629
stood,-0.0247662430391,-338.137086589
was-roused,-0.0246178349049,-20158.00162
realise,-0.0232195846356,-51858.6372421
was-watched,-0.022507310201,-6086.45640598
summoned,-0.0223980019784,-6651.07171885
pants,-0.0220384095837,-13074.4908185
smoking,-0.0215601738645,-16790.4634596
year,-0.0215486034003,-7327.77941597
imagination,-0.0212826444917,-4756.06065463
was-fascinated,-0.0212415292314,-66595.980253
overheard,-0.0203941001554,-33064.4297262
believes,-0.0200759673821,-8873.7696757
brought,-0.0200074921707,-460.207839558
proved,-0.0199931191808,-4687.87926878
habits,-0.0191217741448,-9958.70865062
fate,-0.0188679080307,-2468.21832895
gets,-0.0188620632255,-2062.10093592
unable,-0.0186917968457,-4998.54667124
instructions,-0.018675896616,-11439.420592
received,-0.0186705352969,-614.406724427
professed,-0.0185805853302,-8322.43960301
garments,-0.0183998056111,-8951.59242113
terror,-0.0183935059461,-10690.8484841
possessed,-0.0178673276527,-2601.24070483
eat,-0.0175641581258,-6270.00628012
cloak,-0.0170091003252,-3682.04522635
putting,-0.0163186463047,-7016.61617873
stir,-0.0160678263804,-18714.4191947
sacrificed,-0.014557417481,-167766.600788
was-interrupting,-0.0140887845668,-16904.6709199
impatience,-0.0132125106618,-14775.3947519
incapable,-0.0128775206158,-9579.77454683
know,-0.0121497919241,-201.087512211
was-had,-0.0119468657307,-966.120853257
alive,-0.0116903360902,-2890.51735345
tapped,-0.0111120451447,-3088.52883098
end,-0.0108579550886,-4584.36338842
playing,-0.0107228787946,-2623.12959198
change,-0.0104846196808,-6374.64284719
draw,-0.010360650791,-2821.30307117
shoe,-0.0102240079314,-12028.4613121
movements,-0.0100440651719,-7918.0750681
going,-0.00893985047098,-188.705877812
remarks,-0.00830281107739,-11234.8885978
born,-0.00752077046793,-2822.14899345
tall,-0.00719405920867,-741.199612433
walks,-0.00648357448876,-2964.42213456
was-pushed,-0.00617642979013,-1898.06569068
was-wished,-0.00601803423991,-3436.9327933
hears,-0.00563363676425,-9038.95157476
thinks,-0.00558975829449,-466.179744858
required,-0.00500724699827,-2056.81695237
elbows,-0.00447549314216,-1370.12112606
entered,-0.00444337929558,-135.486465063
clear,-0.00437148832866,-5843.45327166
consent,-0.00293337381424,-723.982441281
confusion,-0.00237514441035,-1044.01993275
esteem,-0.00229193945283,-2118.50656882
been,-0.00214208217502,-51.8279681963
spine,-0.00135085601989,-1259.02109225
viewed,-0.001307550151,-1969.47815487
observation,-0.00122187728593,-1651.4271565
guest,-0.00119650768629,-136.729807385
seek,-0.00115228479688,-440.003355395
rolled,-0.00113608094195,-246.378817375
appeared,-0.00101406830944,-41.5501616508
was-persuaded,-0.000591716470131,-139.075727151
troubles,-0.000489521188572,-127.81077897
leaving,-0.000432992345068,-139.897658638
seen,-0.000426904199039,-11.6094638834
majesty,-0.000324778284147,-18.8825378567
switched,-0.000221077675096,-399.251281179
welfare,-0.000166134644639,-252.232547652
needed,-3.89121390745e-05,-5.53074668879
captain,8.20593509153e-05,61.0881823397
mumbled,0.0005276013942,316.224088428
requested,0.000701720591382,91.4800302659
spoken,0.000751231699203,147.263857357
was-alarmed,0.000767741031033,146.388840713
garden,0.000946148745825,122.06255984
fumbled,0.001232244337,1152.47787854
fixed,0.00140630616215,486.102652685
impulse,0.00142795510077,1089.78427125
illness,0.00222067515109,517.254990338
was-ordered,0.00229597004225,708.602779781
was-embarrassed,0.00280697113169,14285.7384127
was-deserted,0.00298997161669,10793.1203625
recall,0.00335490995656,4626.24468143
disposal,0.00383840430765,9897.8625626
was-pleased,0.00417782377261,810.969339788
caused,0.00448282356795,2523.45279645
corner,0.00612139884219,20284.9889417
art,0.00613852082081,9263.24608055
was-ejaculated,0.00614975513293,1980.96707919
like,0.00618440012826,320.441708185
thinking,0.00622364175404,874.341248268
was-keeping,0.00642732074558,11966.7896604
added,0.00644666407703,146.643124772
answer,0.00658665607205,570.615368683
wished,0.007246235809,252.905648015
content,0.00728375067163,1749.08633106
views,0.00735002066263,1242.1425915
dropped,0.00767987591846,632.624182973
point,0.00774792049972,2078.03765122
was-instructed,0.00812686229222,7036.75749386
wanted,0.00899158859154,129.911127387
was-sat,0.00915347470216,2523.97423416
was-retorted,0.00955486872971,2007.8678474
was-run,0.00963407790595,35071.3328254
was-deprived,0.00997238409278,16397.5342472
performed,0.010186251413,4688.89998373
was-cried,0.0103995682858,185.432289109
acquainted,0.0104389848072,20869.2330002
deserved,0.0110080699385,5225.01051775
break,0.0110135150212,5163.10602339
was-done,0.0110345421672,1801.15685409
smoothed,0.0111120086866,15704.2338085
shut,0.0116093814053,3766.83454651
refrained,0.0118573014991,20165.0588644
was-continued,0.0119116568751,752.014585709
crouched,0.0123438247456,12966.5381307
telling,0.0129821275383,2367.99853678
fault,0.0130977661821,1228.4880256
coming,0.0131525264627,530.053867032
turning,0.0131778980527,5959.58594902
was-faced,0.0132962271011,7261.47636616
refrain,0.0134026580305,9336.88472856
prepared,0.0141557904767,1633.46882962
countenance,0.0148861513388,1243.21199258
led,0.015315408568,1000.70428469
undertook,0.0156868429538,6762.30495589
days,0.0158255382655,2724.20561375
influence,0.0168730829421,4097.39909062
scheme,0.0177823138682,7032.67413818
worked,0.0181416279579,1826.63019296
apartment,0.0182143897864,1611.14413634
accompany,0.0185436328377,29257.6526217
was-call,0.0185990721589,1548.25031652
talents,0.0195116007662,51945.5369917
was-drove,0.019822242522,7638.29225667
breathing,0.0200256600052,13690.5523169
was-encouraged,0.0200564705997,11711.2599282
pictured,0.020429729374,9310.85865883
was-taken,0.020444075885,1527.30093194
admired,0.0205816759515,5351.51598612
was-conducted,0.0209573299455,6977.19771474
request,0.0209908794311,5587.36803952
gazing,0.021002561414,16587.00272
was-ushered,0.02131344589,7463.80456647
arose,0.0214456725578,3480.4913529
bent,0.0216014670845,76073.057786
older,0.0216345431538,8167.74814004
lives,0.0218622290552,2639.05032332
promise,0.0225736161675,4008.5295391
was-bringing,0.0234983632738,33013.6606098
informed,0.0243133124207,3625.83777126
staying,0.0246387072396,4643.30883262
was-saluted,0.0255703821854,48642.2232838
indulged,0.0259015785729,23322.7984659
liking,0.0259260932909,9941.05424946
care,0.0260983329913,2533.36266795
avoid,0.0263542330771,35239.482291
boat,0.0269512161836,3938.25262664
attempt,0.0274340931842,7876.12668622
forgotten,0.0277284077055,3243.44268905
handsome,0.0282476515039,18837.6144315
taken,0.028698210532,1043.35312013
was-summoned,0.0288387493497,5315.05696896
check,0.0291756242955,19997.4145398
was-thrown,0.0293189161683,11586.3978806
innocence,0.029527442852,5674.20714316
deal,0.0306854706637,10842.628091
friendship,0.0307148905029,20323.6343571
was-seen,0.0307153750854,1220.74371152
property,0.0309249588474,10061.4468302
assistance,0.0309906116426,13841.1617013
afford,0.030996036266,16638.7511149
considered,0.0311005285416,3116.42046587
packed,0.0312963330725,7932.79351283
endured,0.0314188243077,80942.3862864
released,0.0314776747787,12032.0321128
fears,0.0321615433874,8555.8974623
quick,0.0335910696574,19869.5424358
appetite,0.0341057883148,47624.131624
help,0.0342573374408,1902.61718761
concern,0.0344402377389,13780.9659252
shaking,0.0351117248751,17337.6270574
was-believe,0.0353842873542,28246.9605772
search,0.0353887601207,17295.934286
believed,0.0355067322644,1726.76679216
means,0.0358840284278,8201.58879361
style,0.0361608040876,8583.34768029
finger,0.0362737330051,4518.13758677
learning,0.0363514074541,13716.2161174
was-carried,0.0363919117592,3898.01692468
responded,0.0364334319355,3669.56293719
window,0.0369248529176,8237.36102464
arrive,0.0371971679917,27415.2670003
talks,0.0372065884884,13787.6411868
beloved,0.0374352569673,90389.099019
plucked,0.0375732139518,621649.00198
betrayed,0.0377772501244,43885.0791781
devoted,0.0378731433524,66814.027824
actions,0.0379071435839,14932.2419683
triumph,0.0379465809891,104709.255114
description,0.0383322429148,17685.1408798
obtain,0.0390676762641,35317.9408624
advantage,0.0391268140861,21537.602362
report,0.0392934624644,12172.5214966
snorted,0.0407460099144,17883.1059268
raised,0.0410484358359,2182.56971317
remained,0.0413804187513,4623.67715395
was-knew,0.0414019722787,4233.35696119
bestowed,0.0414482286265,30485.3835126
stop,0.0416002724128,7299.51124638
purse,0.0418328078784,13838.2770003
wants,0.041888191809,1326.37615437
pain,0.0429477727585,16470.3360918
losing,0.043098662245,17346.1120092
stopped,0.0432999327492,1140.59079794
coloured,0.0434954123259,88656.9504865
was-admired,0.0441482283796,22392.8821001
eyebrows,0.0451690620436,9271.58846389
settle,0.0459253433904,19491.5481554
was-obliged,0.0461164400458,7555.78256055
ask,0.0464182127448,2614.28401547
was-supposed,0.0465395959018,11926.2639212
fingertips,0.0465471887072,180570.405907
forget,0.0465623772229,11255.0465916
opened,0.0466480535128,1357.88306018
lead,0.0469837851106,27513.3829574
sensible,0.0477418043119,52058.1603793
was-tired,0.0478357735801,25635.4941423
delivered,0.0479106705057,9145.26574711
open,0.0483324688457,16510.8694528
does,0.0487419400296,6885.76507829
preferred,0.0494991897557,46202.0399823
dug,0.0496861190484,34370.5468538
hopes,0.0498430275601,9843.60651255
came,0.0502151114359,288.832293886
leave,0.050259359397,3954.25092941
was-occupied,0.0504127993728,31453.1175116
was-been,0.051138705514,22428.7521547
was-'m,0.0512033315097,35543.239625
studies,0.0512345750517,29363.8852788
was-confused,0.0515657480047,69046.4546864
tea,0.0516368478856,15026.7531436
heaved,0.0522910106118,34134.4257774
feel,0.0525524306802,3622.82849808
servant,0.0529916026068,6538.40094158
argued,0.0534013452827,25015.8422927
raise,0.053507974519,63896.6087156
denied,0.0537446401375,30665.3286064
was-shoot,0.0538795542641,14244.4994992
strong,0.0540944137518,36875.2373386
return,0.0556544937723,2742.58393252
was-hurried,0.0559459269701,22976.988077
was-preoccupied,0.0559614766027,754443.526265
studying,0.0560113312521,69255.7551771
sides,0.0563005299779,56188.2892247
silence,0.057755108358,34140.1894707
subject,0.0579256331379,22467.8693309
was-escorted,0.0586802902044,23396.0323361
was-calling,0.0587452625452,21707.3221108
paying,0.0589965632853,28474.0916318
embraced,0.0594661138649,28648.5920638
fly,0.0597533752929,25517.5731821
destiny,0.0597876666138,60275.3574703
appear,0.0602740702375,18904.2899717
half,0.0605302213942,14073.3301866
was-accepted,0.0611044863992,20249.1173812
consciousness,0.0622029552966,40481.4862198
nature,0.0625064401708,7519.9581803
fancy,0.0628084873851,32874.0981855
inquired,0.0630758337068,4712.69233563
turned,0.0633382625546,785.480853159
plate,0.0638121965864,16422.637314
gathered,0.0639262680661,19267.3286376
hands,0.0640763625588,677.457460141
marvelled,0.0642384948668,61787.2890925
was-amused,0.0645274960006,29345.4099428
liberty,0.0648221300071,88065.2445326
was-face,0.0648658693361,54424.8831397
acting,0.0649544036182,31937.2708436
was-brought,0.0650866089436,3016.05961048
was-was,0.065261826066,14062.7407011
bread,0.0654409600252,11114.970256
was-annoyed,0.0656597583102,24784.0976101
dying,0.0660457301181,7692.89072623
named,0.0666739582206,38300.0547792
disposition,0.066679366157,16615.6495984
was-assured,0.0668447228035,8195.82559543
was-inspired,0.067091289116,43339.2261242
bad,0.0670933556341,35896.5786369
exchanged,0.0671854747353,37213.8804568
upset,0.0673212584806,9975.31436422
sleeves,0.067392856552,38975.4821345
blind,0.0674154125405,72611.2576862
announced,0.0674581473361,5870.51530437
credit,0.0674936349465,23461.8656325
passion,0.067663585369,11056.8202766
sure,0.0682775058833,5134.07656727
was-urging,0.068312176592,331076.475832
gratitude,0.0689633340368,18253.9893349
was-knows,0.0690526703355,30881.6952034
delight,0.0691061706084,30214.5296502
favourite,0.0693500091523,26133.8251109
card,0.0703471066191,38278.0006983
worth,0.0714742561309,7137.68907923
case,0.0714951292792,7963.30836436
ride,0.0717493595244,45010.4636043
keeps,0.0719372259443,6443.99407036
was-showed,0.0720203436958,33016.6395234
sufferings,0.072493501996,33958.0137082
controlled,0.0725800823416,363298.173107
sprung,0.0731661966296,98275.5446276
helped,0.0732092242378,18680.605605
was-is,0.0733602017591,38237.5299186
falling,0.0736560038623,252212.557651
fallen,0.0738711517551,10886.2158568
parted,0.0740361243809,91545.6043702
disliked,0.0741844783145,22303.1308384
control,0.0747261761931,42368.6523619
ignored,0.0747481868568,45314.0691566
surprised,0.0747895307562,33254.5186483
address,0.075263063092,12799.2122081
name,0.0753406829236,1274.59193002
permitted,0.0757554512767,28921.8876183
drawn,0.0758726997537,42234.7955564
judge,0.0760531890469,35990.9184072
behaved,0.0760817771348,17780.4819998
rank,0.07612008857,22983.1235297
was-felt,0.076410267769,134308.516507
was-understand,0.0771809480197,21244.6503761
wondered,0.0777204636627,6659.63055573
part,0.0777808084133,4421.72300172
wit,0.0779964305315,21832.28634
seated,0.0782653381174,37133.0524156
pick,0.0784521114165,190670.582477
moaned,0.078736543726,24087.3030743
personality,0.0797526915876,26624.7507484
rights,0.0798370964003,103824.005307
was-exhausted,0.081467163972,209866.160777
hated,0.0815456341202,8793.44169875
image,0.0816542353967,44015.8730599
admit,0.0818030145296,26663.0538275
hold,0.0818187046608,9620.51222243
attentions,0.0826292902442,29170.8981593
told,0.0827119547741,513.752718156
veins,0.0828454944013,46525.517135
limbs,0.0831505038178,34504.1490725
was-laughed,0.083183418363,76318.1670993
cry,0.0831902449582,12353.1407517
stare,0.0834280305402,186346.833288
was-thank,0.0836627864242,16211.7094564
was-congratulated,0.0841195514082,106696.882465
checked,0.0847954355336,50176.8477658
touch,0.0849861932754,39481.2722101
was-surprised,0.085183020194,13931.2662571
strained,0.085557187223,206161.746445
breast,0.0856889487772,5317.31998067
discovery,0.0863718949543,105647.0038
language,0.0865102724191,168949.678497
locked,0.0870528867225,50096.3059955
brother-in-law,0.0871930156034,8838.65225257
neighbours,0.0880379245635,19702.6650901
jealous,0.0884348467463,31830.0490232
commented,0.0889507135634,27866.1446522
was-carry,0.0894231374963,34104.9348943
sailed,0.0895432018668,24836.2571205
was-telling,0.0898572511952,12852.462069
grasp,0.0909238322668,30150.79484
treated,0.0909390129294,20333.7180724
best,0.0919293311483,21451.3058633
guessed,0.0919580075067,24183.2319378
uttered,0.0920527493229,8383.31968544
sleeping,0.092466775013,38586.1407782
laid,0.092470640718,6211.31559475
showed,0.0924710581565,9219.15025998
resigned,0.09389014135,31738.3467437
was-come,0.094085214369,19036.705641
idea,0.0944033774346,35477.8639904
mad,0.0946981330302,38550.7937378
suffered,0.0957241821312,11443.8917225
whirled,0.0958771359996,789758.862135
relations,0.0959352212385,21107.7675528
was-discovered,0.0959498848492,48613.7367971
lie,0.0964765490563,22573.1076413
call,0.0966870561645,12282.4147682
was-read,0.0971317829788,38742.8865351
was-persuade,0.0977555985797,12810.4252005
was-assailed,0.098215384202,66624.8929137
dispatched,0.0983032431539,56095.1667899
risk,0.0985280862872,84449.3601379
acquaintance,0.0986584119142,11803.3044904
circumstances,0.0993207160215,52412.219709
clever,0.0997979691183,42508.2853404
faltered,0.100532053064,35097.3188732
was-turned,0.100622102447,24140.8047437
peered,0.101257495238,61679.1664513
anticipated,0.101398428791,180175.149544
fain,0.101685237697,359357.674459
hurried,0.101811217386,11867.9799009
was-found,0.102169838884,3452.05542912
becoming,0.102414556516,27219.7907511
memory,0.103320682849,11783.7798555
leaned,0.10349082766,6587.63248638
resembled,0.103492040936,53888.5030392
was-answered,0.104427895179,7823.15078797
bit,0.104608083222,23199.7381528
replied,0.104616369703,1096.10687539
was-prepared,0.104777756857,32672.8849982
let,0.104870346718,2497.12099403
seized,0.105047153245,12163.4087706
was,0.10523883887,282.094179245
panted,0.105782901401,92611.2292593
'm,0.10607417678,15767.3544736
heels,0.106240668799,13794.8369377
ease,0.106289170415,45495.3064195
quitted,0.106479741885,22674.5998994
cared,0.106643544764,26658.8073502
shrugged,0.106682096819,10085.85229
reproached,0.107575404536,395091.968403
directed,0.107632696552,45013.1315698
have,0.108273176387,1190.45357949
accord,0.108481892158,140693.895984
nothing,0.108704164466,105289.45843
recovery,0.108961789016,26286.2771218
wrist,0.109245606051,64604.7099874
written,0.10925958547,13895.1948339
pleased,0.109259990666,16986.2056478
kneeling,0.110072883461,56986.3441049
blamed,0.110309217121,166707.509283
assisted,0.110459589689,144503.835936
was-muttered,0.110872059461,44654.6566665
birth,0.110892882948,26137.0407591
household,0.111231691524,26047.3590373
lingered,0.111236734111,192588.230977
was-robbed,0.111339868068,80907.4602845
hanging,0.111478579765,113469.966747
understood,0.111566071354,9704.83332432
side,0.111690345709,3225.29828323
learn,0.11174642673,40287.260786
lying,0.111808422535,16453.8112137
persuade,0.113318857599,198421.422434
was-written,0.113430310474,37791.173945
hope,0.113539983009,22291.2846137
sense,0.11359292452,17220.9990786
member,0.113877555902,53422.6735159
expression,0.114111920662,15526.8241938
habit,0.114371137451,41977.6556651
spent,0.114679944745,16676.9850923
nose,0.114692359029,5253.74225432
full,0.114784044334,28979.9097262
was-remind,0.114975877307,269674.63689
amazement,0.115506336247,138532.597294
was-upset,0.115935721829,39591.3279538
was-ask,0.116706539037,8269.43008929
lighted,0.1172669429,83557.1319283
course,0.117469101959,32834.5519155
liked,0.117552317872,5608.60582034
give,0.117565715388,4606.5862033
developed,0.117612003687,272897.817473
tell,0.118000916558,5165.25423542
rejoiced,0.118179882236,99363.7329415
frowned,0.118485311547,43474.7973645
says,0.118570159997,427.569187014
was-know,0.118716729008,3463.10388062
suspicion,0.118771396191,171338.536866
loss,0.118905332796,43374.0511594
eating,0.11958331236,39216.7318067
refused,0.119928402931,9591.09649204
eagerness,0.12006639042,1327179.26056
regarded,0.120187341433,19781.4435247
trembled,0.120702243996,66195.6589081
surprise,0.120782560522,17111.2779581
rich,0.120825614206,20289.1742594
looking,0.120873221906,6934.26624651
thanks,0.121024640148,41724.0046717
was-advised,0.121110378787,36415.9846181
was-recognised,0.121338290306,20796.6686705
spirit,0.121408519509,42497.4896293
was-resumed,0.121697395442,41178.8723729
firm,0.121981019737,322481.312216
skill,0.122220160789,35514.0852184
obtained,0.122508075748,28665.1857706
yielded,0.122863173107,15803.4936134
was-rejoined,0.123089560199,27408.1980232
experiences,0.123491136752,50420.9775752
embarrassed,0.123584502935,526927.699525
restrain,0.123780061636,166234.166729
persisted,0.123955455582,38660.7873429
breathed,0.12406540443,29535.7661653
was-blame,0.124499135026,56732.5680473
faith,0.124594777812,38250.8652297
wear,0.124719753646,33182.4488154
hung,0.125054735972,31708.1878686
fingers,0.125230440168,5101.27934339
grew,0.125323620047,14296.744727
reckoned,0.12554424347,112756.210665
unaware,0.125925834177,567148.983201
imagined,0.126423037823,37930.5558157
indignation,0.126496827736,72350.1433436
reaction,0.127390973499,375281.86611
astonishment,0.127976329071,45725.9954961
was-laid,0.128610357404,33773.9607601
person,0.129033245238,5796.57075612
was-led,0.129393010818,21636.0689622
formed,0.129573761586,29556.662463
longed,0.130001049001,34128.1905728
used,0.130027364611,5059.01327592
race,0.130073256344,226817.430056
drawing,0.130101565053,196348.203445
courage,0.130350284649,44353.2231164
smell,0.130508447849,65918.3207495
was-assisted,0.130836379417,191695.369414
consider,0.130916433797,51091.8662433
work,0.131222602767,5687.00870272
was-waved,0.131573020639,106723.234795
smelled,0.131694949516,52966.1500397
seeing,0.132033960519,47175.3688356
turns,0.132096931182,17017.5801195
was-met,0.132761292678,4739.85347045
assured,0.133118449699,24045.2598946
relation,0.135272703147,87639.9911275
bed,0.135817132266,8319.79201101
faculties,0.13603115641,101038.068063
awoke,0.136450071617,45961.6558658
shoulders,0.137595964582,6554.72719527
safety,0.138406851919,96390.7173754
patted,0.138557478151,83709.0420088
hip,0.138701041692,92568.8377267
sung,0.138755894342,39362.1035575
sniffed,0.138872811338,67520.5511391
number,0.138981309412,175730.497292
rejoined,0.140825465836,27718.5043754
was-visited,0.140976825842,38651.8008609
discussed,0.140978581638,531612.519957
implored,0.141652469535,68293.8741382
scanned,0.142088469092,204455.685507
was-terrified,0.142330390775,70838.0199081
sobs,0.143117953739,111135.601341
was-absorbed,0.143190729414,372570.750984
was-round,0.143357392237,154529.62286
smiles,0.143471192088,25341.078303
clothes,0.143526188409,14687.5974569
gripped,0.143897522077,524180.300521
was-question,0.143969562479,142672.205178
belly,0.143974100483,74496.4623745
sold,0.144096586687,149572.542069
sight,0.144526337057,162724.198098
was-escaped,0.144616254953,38142.4414535
inability,0.144702751661,497694.713359
flesh,0.144819735491,29144.4269634
intent,0.144928715949,1093540.94842
impressed,0.144931863531,65748.5519027
protested,0.145239550086,34602.2443592
familiar,0.145303287706,100564.594879
attacked,0.145418094846,184703.118679
peace,0.145806245072,57116.68929
speed,0.146729310426,72081.6392839
placed,0.147028728759,8792.83197815
despised,0.147303061069,47912.5775063
allowed,0.147463986479,23231.9166494
despair,0.148966671433,656633.147945
letters,0.148974635965,28651.7567467
resist,0.14908391895,67745.3516971
instinct,0.149171206487,405968.427964
gaze,0.149598070455,47970.6117826
nerves,0.149602252107,183837.852496
motives,0.149810142729,199266.496902
was-told,0.14997828243,884.015368029
spared,0.150351524365,219032.949828
was-restore,0.150842339237,132182.162015
situation,0.150944573031,14103.342326
state,0.151237260807,40733.2912997
house,0.15148942873,1974.63667634
begin,0.151888551598,112903.803802
action,0.152502088758,209546.411795
disappeared,0.152734933921,21876.5614502
decide,0.152799389569,127770.350575
unfolded,0.152810382776,577288.966896
efforts,0.153348097548,26926.5959242
responsible,0.153591972518,74750.0843562
had,0.154429316252,329.319451329
moved,0.154715065099,6815.7154503
conscious,0.155646887401,108173.498441
fond,0.15580326495,24758.2632308
cries,0.156482734292,19525.2468096
sentiments,0.156601604804,300415.608502
was-mistaken,0.156629150189,227502.277279
class,0.157575120703,96447.0476038
rushed,0.157849474158,29547.8492294
was-assist,0.158762428108,36496.2358182
stroked,0.158860238943,87728.2717029
echoed,0.158962091808,104063.613356
alighted,0.159254341235,53255.798213
nephew,0.159680246506,22216.5178918
understands,0.159712796725,148029.977531
was-approached,0.160529306501,100688.352863
bore,0.160529493206,33658.2232391
ankles,0.160592937888,90485.7631221
ate,0.161354639276,37931.4620908
detected,0.161365578096,739455.442295
answers,0.161429251463,150168.280911
greeted,0.161555497168,46438.5932976
groped,0.161774912708,663729.646532
demanded,0.161884640343,13163.1094295
descended,0.161959010343,61415.1188558
went,0.162596302465,890.822256374
was-please,0.162909807861,49810.0173236
words,0.162974650716,5255.46221077
was-seeing,0.163232665949,28772.3365364
sake,0.163333521492,36983.5613367
heard,0.16374176304,2082.25710911
weak,0.164033903715,87042.4408628
prayed,0.16499797849,22304.8726917
silent,0.165409584832,30725.062035
true,0.165773481675,58187.5682483
fled,0.165785648791,51021.2651231
complained,0.165820439593,47867.3834059
was-serve,0.166149174676,274859.332649
worn,0.166597295101,193848.261074
abode,0.167330131565,108460.847551
closed,0.167704945819,23102.1982318
ways,0.167815284265,38659.6138256
entrance,0.168062780865,109566.125826
consented,0.168544185651,25643.2502464
capable,0.168602665546,66081.9160838
was-born,0.168770489565,15547.3486028
due,0.169602317136,286074.411943
enter,0.170539289702,111417.673657
desire,0.170547839174,80569.6802499
running,0.171731665128,41104.9269
intelligence,0.17316869462,94985.1246453
suffer,0.173216861235,51134.2794546
was-accustomed,0.173385541086,44672.3002111
exclaimed,0.173635150465,4329.94316123
age,0.174693858108,17025.5789582
was-exclaimed,0.175026921308,5646.07497239
dipped,0.175460583116,108477.4671
mused,0.176042297788,182400.380477
conveyed,0.176431993431,73936.7172753
following,0.176500336103,125466.408376
chamber,0.177028356954,18327.4157082
fit,0.177049544785,32852.7651139
present,0.177229837308,24304.422224
shivered,0.177873429048,522572.079923
charge,0.178033995101,28464.9653115
go,0.178413063722,3008.783212
tongue,0.179285739439,12307.1634363
was-satisfied,0.18014277104,159446.115953
invited,0.180268718157,27713.4676578
wailed,0.180327441082,153461.596819
tripped,0.18175844735,104493.370101
slammed,0.182152230667,110591.181121
ready,0.182325793981,15849.7129103
breathe,0.182563928579,91290.1998065
grandfather,0.182769824585,21143.3473624
lied,0.183219499552,615030.680414
accompanied,0.183312457696,102159.4894
washed,0.183596773081,118228.937066
forefinger,0.183599422477,142396.558255
was-touched,0.184302246713,84127.6711336
sick,0.184813021677,34556.0167999
old,0.185126869621,28565.919556
speak,0.185735531297,10288.9147087
making,0.185929486713,31121.009341
was-expected,0.185930359367,89004.8031046
residence,0.18633469148,40043.1587908
judged,0.186736806586,80140.8566618
regained,0.187003145718,188876.528826
continue,0.187101907795,101494.64271
startled,0.187156889406,149399.52661
was-embraced,0.187881896088,452210.680285
was-lifted,0.188054945137,94185.1114657
ability,0.188178546018,116658.629176
suspected,0.18830832897,41086.4017426
was-overwhelmed,0.188551628739,71305.271298
fastened,0.188843728112,141773.046152
was-taught,0.188855860909,31132.87805
was-helping,0.188885069645,571852.846869
weakness,0.190090668107,73245.8277077
worried,0.190172403437,89652.1879513
tossed,0.19047361931,82647.0028471
stiffened,0.190788405742,209684.568272
ejaculated,0.191007902784,207320.917108
thanked,0.191303926383,84533.9210436
fair,0.191473646383,66554.7475603
was-seated,0.191840528797,33325.7705075
tones,0.191861603426,83225.1226701
suspect,0.192277942728,234742.323746
safe,0.192378283654,26987.3876543
counsel,0.192889343657,130319.004581
patience,0.192911329081,48995.7445199
use,0.193027067586,48425.7340249
freedom,0.193159745656,331879.198076
shadow,0.19335836554,105005.972441
living,0.1936320606,47792.9122702
reflection,0.194089141705,208236.79505
was-used,0.194371473381,50884.4500985
was-did,0.19534360467,39659.5832677
slip,0.195352638292,158609.058065
inclined,0.195551817845,241433.212952
gestured,0.195706385284,147164.120774
was-stood,0.195860449703,54737.1244072
resolve,0.196051637482,537171.252698
attributed,0.196255299535,125649.236025
features,0.196440205475,15427.5908577
rise,0.197204845161,71353.136303
wait,0.19814072733,32431.786053
remark,0.19875740487,49109.0267182
trust,0.198772574552,57752.9005801
retired,0.198968517224,24281.6567377
was-forgotten,0.199213241469,36448.3890677
aid,0.199411901218,310835.422139
explained,0.199527122758,9586.04046941
beginning,0.200242491596,90539.5933415
was-threw,0.200590338961,59147.5578432
was-wake,0.200634528922,280773.74469
threatened,0.200668898782,130006.208017
annoyance,0.200794776348,687695.24367
rose,0.200809790904,7889.37361301
light,0.201560817632,362685.913616
rang,0.201736311932,33311.0559671
considering,0.201913698113,173944.476947
asks,0.202201777655,27677.5693389
attached,0.202262039039,637012.00262
understanding,0.202295314977,58952.1523884
qualities,0.202345711262,107329.562299
disappearance,0.202554837975,60650.1258534
was-enabled,0.202600202304,128265.029378
wrong,0.20298909619,37893.8221192
trembling,0.203313611379,175939.946587
tells,0.203776639344,29492.7390029
was-moved,0.203803984609,63360.8877092
struggled,0.204175231828,42309.6206257
retained,0.204567971885,110960.135736
dreaming,0.204736171475,124463.184275
concealed,0.20499730428,132783.213935
was-bore,0.205083039241,119890.860698
was-have,0.205335674409,11590.4787933
problem,0.20547088588,137214.202487
mentioned,0.206319507637,22824.9162617
relatives,0.206484782182,166026.299272
was-swept,0.20712336698,229198.808891
was-regarded,0.207923828287,84725.314836
bid,0.20803552718,57922.2717508
was-took,0.208391740743,7120.15079984
was-worried,0.208647897829,52303.2142136
was-has,0.209366510557,111288.799065
was-comfort,0.209994869693,68394.5050027
bother,0.210005410787,321212.999558
cabin,0.210170181224,11523.6843992
was-disappointed,0.210293182355,129974.921269
was-explained,0.210548568821,431887.425963
conducted,0.210823630035,406537.877643
laughing,0.211213518036,51211.1626682
annoyed,0.212216465614,4928737.65515
was-watch,0.212529196597,289937.772829
rising,0.213986324934,73238.2439409
knocked,0.214073753835,58358.9288337
was-drew,0.214484779761,89652.687659
beheld,0.214625011663,25632.0951169
applied,0.214880558251,77106.0341606
bear,0.215577692792,35143.5163537
attempts,0.215883247714,163261.614771
pillow,0.216093260113,137127.336515
declined,0.216744124573,228426.421942
wonder,0.216884292709,95874.7789993
was-dressed,0.217078106803,18526.1323107
repeated,0.217341241088,10112.0264597
kindness,0.217652022189,78143.7162603
skin,0.219333787579,23399.2638605
disappointment,0.219628199855,290478.77206
was-thrilled,0.21963299762,351340.063067
gloves,0.219690811385,56310.5188213
say,0.220204535065,2936.5663881
confessed,0.220231069359,61303.2959227
fortunes,0.220634410554,129701.015324
rested,0.220896361196,101239.754529
sound,0.221462585717,103971.135436
was-echoed,0.221921323067,116949.999477
pale,0.222470209213,56461.2980797
was-find,0.222476056254,15251.8552017
adjusted,0.22257862921,117988.296356
was-approaching,0.22294749843,150869.408399
dreaded,0.222961259122,157043.206057
strove,0.223322861294,85997.3842042
holding,0.223694354456,40791.5946369
drive,0.223697629925,66052.3240086
buttocks,0.223897685702,217554.752733
hugged,0.224212467408,229694.679941
meet,0.225963902308,35113.0537652
welcome,0.226263281025,174691.261174
is,0.226299149021,1644.62655696
information,0.226388661868,67623.8072312
appealed,0.227179357752,172852.072804
speaking,0.228120583987,32849.1751174
doubts,0.228266650236,131405.600799
eyelids,0.228596919439,106152.070271
encouraged,0.229537264182,101146.162416
was-held,0.229580204564,60371.2045042
hinted,0.230351885209,113037.564766
dwelled,0.230422155309,1346896.30059
lay,0.230455505807,12357.3591221
was-do,0.230481057005,33847.2275463
ashamed,0.230568063613,49751.2138218
shed,0.23164294454,31369.2034886
loves,0.231837030794,32915.467669
step,0.232117140026,64355.0252144
gave,0.232161204208,2917.89292745
resolution,0.232511589272,65284.7234773
task,0.232592164225,100976.239204
glad,0.232613507981,20171.5993306
excitement,0.233721963041,83952.459656
flew,0.234564149219,50285.6416926
decision,0.23519109701,107173.964423
reading,0.235948053975,63681.5159051
unhappy,0.235995313084,147085.759762
said,0.236624874389,47.3075453637
agree,0.236869481688,311341.324279
sorrows,0.237692738496,143216.172026
was-raised,0.2377131713,66228.1760395
confided,0.237911735446,90230.4877194
was-driven,0.237920616635,204374.902071
managed,0.239061383312,27799.9161109
anything,0.239811898422,249988.70051
long,0.239855884221,1300004.57739
glanced,0.240102173891,24697.2486454
was-shocked,0.240227578326,84335.6030905
picture,0.240493780602,94709.9142576
nervous,0.240717384708,99370.8015646
singing,0.241139710727,74414.8105411
sit,0.241294561675,63137.3361023
support,0.241304002406,116605.670334
guilt,0.241530206419,64905.7227869
dislike,0.241945550364,174706.543278
dreams,0.242351517139,62921.5924628
shoes,0.242882344442,41083.4860006
mention,0.243384672923,243018.440675
put,0.244269758463,3749.96520385
visit,0.24527904798,17769.5911623
being,0.246127271026,62484.7931195
choice,0.246476378689,73472.1811656
comprehended,0.246487647888,603920.232679
same,0.246529990445,110432.437397
arrived,0.246614206003,11300.6562516
engagement,0.246632339822,350759.287019
broke,0.24692149026,18124.1023337
objected,0.247124839736,105910.820857
toilet,0.247511086538,483549.333624
was-removed,0.247566899881,104862.58986
doubt,0.247849397151,243483.727555
tasted,0.24826212082,246259.663264
tucked,0.248645518019,480375.405295
missed,0.249179009349,52143.9333146
crawled,0.249333872606,32556.4311613
tale,0.249426291671,92149.0634741
are,0.249761273413,24855.8363366
emotions,0.25044695188,48748.2523714
affected,0.250506093485,255996.110686
spirits,0.250597083896,40260.8636803
excused,0.251725363561,128249.39921
attachment,0.252725609187,94708.6537789
interests,0.253298048646,101632.809936
was-amazed,0.253517258867,106222.368901
vanished,0.253704135687,494884.159694
anger,0.253922520046,53613.0988809
hard,0.254090071285,108976.060582
was-thought,0.255099343473,114634.354092
regret,0.255676647916,367448.747954
society,0.257537331336,98239.5174727
ring,0.25795959928,261078.679651
friends,0.25917309453,6137.05437831
showing,0.259347842865,112733.194561
was-watching,0.259573841309,33824.1445577
was-touch,0.260406726854,158267.93587
was-possessed,0.260492606402,84651.2507449
planning,0.260854531665,380005.444298
changed,0.260997718112,32509.2355348
interested,0.263643153712,71664.5079052
smiling,0.264276375118,45425.4179078
was-overcome,0.265001242298,80443.5066144
embrace,0.265234209352,337094.417194
stooped,0.265844060821,246353.509389
absent,0.266655373169,64755.647604
returning,0.266769478998,171406.366542
interrupted,0.26677234427,38484.196559
impatient,0.266936748919,409471.933553
agony,0.267138569284,278123.031208
visitor,0.26775417328,38761.317885
turn,0.267767858162,15301.2045347
reverie,0.267985608697,1835353.06595
story,0.268189694871,25877.5059817
chosen,0.268507872094,67593.2509202
grown,0.268574794338,45573.4888864
was-startled,0.268606941059,121052.014281
interposed,0.269005014863,213095.727192
guardian,0.269583342866,369957.822908
held,0.26983045273,8425.45795957
telephoned,0.269870606592,110618.97089
system,0.270346716579,192836.517942
was-recognise,0.270550159317,149385.277738
was-fixed,0.271273460958,3245470.16027
appreciated,0.274373290928,93677.8092634
invitation,0.276010312285,182208.053041
was-acquainted,0.276014987068,75448.3547186
was-say,0.276601443855,183924.66646
was-separated,0.277485259718,293632.169602
frightened,0.277861702184,161486.397214
stretched,0.279065476483,78101.2373288
hate,0.279652429632,488039.498456
likes,0.280564707642,60110.3750729
waiting,0.281948568443,20879.80993
cried,0.281981123226,4151.23422965
astonished,0.28251134673,241295.135964
pulse,0.282970656966,292869.508806
temples,0.283679681927,366161.110851
reasoned,0.284249188435,650790.378325
meant,0.284849240098,20999.6447898
food,0.285315497196,206639.334709
arms,0.285470264213,5007.33629877
past,0.286222686192,317332.504632
was-seized,0.287398289837,40839.8953692
wondering,0.287404674717,1397798.49207
suppressed,0.288344252385,562293.928442
back,0.288449449814,9639.50511253
licked,0.289547176697,283232.330005
grave,0.290323517109,60900.4825265
suspicions,0.292683562717,183470.999885
was-accompany,0.292923934121,107371.08595
enough,0.29357799703,118345.919689
was-placed,0.293625242946,76053.916145
belief,0.294647277246,222266.033597
sat,0.295224899366,4030.69199278
re,0.295537087139,424644.198882
allow,0.295680293041,101918.842138
was-kissing,0.29669108316,508100.053463
voice,0.29682878754,3170.63188848
was-ignored,0.296845127539,540316.852063
accept,0.296871207957,68760.080904
sank,0.297440204521,60528.018212
accused,0.297444916531,372524.220069
powers,0.298263828089,87531.588045
acquaintances,0.299630627987,500756.535729
felt,0.299763976891,2653.94811052
relief,0.300647239641,184988.023197
cousin,0.300806729802,13103.4056852
listened,0.302134838902,19304.0721654
failed,0.303044422948,81304.9650708
seemed,0.303545651358,6638.36603059
direction,0.30462619437,94281.2474735
was-repeated,0.305251646513,157679.744436
night,0.30572833773,57544.662921
was-sighed,0.305739581723,300784.254559
laugh,0.306704736921,90507.1737834
be,0.307244115105,5441.98419518
darted,0.307760505269,96815.4933298
rest,0.307954527088,147028.11726
flung,0.30963674119,75641.7236749
dressed,0.310229272741,57220.1871909
was-love,0.310357699236,24446.1774001
looked,0.31069610074,2083.1757119
hastened,0.311941195846,77099.4755891
called,0.312217345449,4072.11812486
burst,0.31350805775,37728.0226736
was-taking,0.313776749041,56203.0533533
blew,0.315152063366,332393.369276
suppose,0.316822378998,99778.5385425
was-send,0.317196891014,27569.4595063
hearing,0.31739167105,153027.231399
prayers,0.318127964809,146519.548671
asking,0.318352778211,86736.6415333
talk,0.318515568534,33256.6990442
was-said,0.31972676448,47587.6244132
sing,0.319733582426,171882.710627
tired,0.319842692544,123509.725326
late,0.321391671954,292060.453952
sitting,0.325458627931,9718.0724604
driving,0.32574648954,147989.755378
trouble,0.325884520041,137273.633662
distress,0.326862965396,401061.524036
refuse,0.327895279115,81652.9834416
communicated,0.329026335771,179123.679664
was-scared,0.329051549693,607313.351514
was-compelled,0.329066130858,132021.407731
path,0.329209593263,152684.99436
birthday,0.329314777557,49120.6967416
was-disturb,0.329867027036,398992.134561
tied,0.330000749552,117554.395206
was-tell,0.330367311884,4243.21968559
mood,0.330517404096,152808.675635
thank,0.332458233866,65823.990623
hates,0.332701776991,135923.127083
hesitated,0.332849690047,27233.1347443
bag,0.332918081175,54359.8798783
hand,0.333298112987,2148.06321153
lack,0.333504258108,333575.490375
danced,0.334270341182,113372.629496
relaxed,0.335467406819,448331.306472
secret,0.336177433461,71807.3022523
affections,0.336484251863,79032.8326841
smile,0.337259388307,25213.7791486
watching,0.338783261986,92944.8461896
was-convince,0.339654087709,160211.582047
was-bored,0.339881330733,369716.444483
was-marrying,0.340135672475,85771.5300643
was-supported,0.341210076726,153736.993142
observe,0.343881170588,175768.762493
presence,0.345711080467,19277.8794283
planned,0.346302236327,107869.568538
declared,0.346529473219,19427.3129477
absorbed,0.346943257206,4504859.65746
--,0.347279297339,143730.815475
was-need,0.347317460784,711618.383812
was-induce,0.349198634294,247645.26955
pleasure,0.349252957158,65726.6581441
roused,0.349406112452,288389.692294
news,0.349683487855,600594.991105
persuaded,0.349757699483,106173.064734
murmured,0.350183001679,27539.7771576
grateful,0.350189129793,232671.494184
thrown,0.35218667361,154981.475593
corrected,0.352872343343,195858.116882
little,0.353268403264,334192.223389
gazed,0.353280840025,32830.7342885
good,0.354932098976,43698.5101872
colour,0.355463444228,157661.670368
talking,0.355513899567,24442.9408252
wish,0.355561987856,27014.8112504
restrained,0.357614556559,685575.881019
confidence,0.357786596516,258396.753418
poor,0.358059227223,215887.339573
sits,0.358111385509,111611.311738
^,0.359086486147,530526.086867
free,0.359740416006,178614.373137
was-take,0.360410560843,11949.2394822
expecting,0.360603631376,1124320.33063
was-notice,0.361285099234,450931.854391
cottage,0.361298519198,51410.9181952
careful,0.363308547718,264317.130686
lot,0.363332275195,153798.830118
flashed,0.365784604325,257860.301395
carriage,0.366018943895,37132.6641101
glided,0.366096012936,1217927.40769
was-frightened,0.366905267692,110526.211193
regard,0.367043758373,372818.8398
working,0.36759114673,50850.1910064
thing,0.368365699561,212193.644435
kissed,0.369344548719,29509.6059157
brushed,0.370137410531,701935.644317
standing,0.371803874676,19307.8724465
displayed,0.375323349782,112935.546221
misfortunes,0.375361527035,307729.809494
suggestion,0.375380552721,424850.145966
was-asked,0.376213113827,4047.60432426
happy,0.37691037727,32966.6540731
costume,0.37800131652,163927.883113
crept,0.379110185825,97275.8777322
was-saw,0.38135305337,11633.2163738
self,0.381915830578,93817.5011847
began,0.382390027199,4120.68264465
behalf,0.38301865711,401890.386278
clung,0.383055809134,143576.224899
repeat,0.385084489682,254081.304351
dreamed,0.386768434986,114598.093009
children,0.38714230535,10457.4219697
question,0.387430603365,43999.6680424
exertions,0.390926578801,410994.473396
was-caused,0.393575637566,218654.81568
was-console,0.393918543043,250147.780716
wrath,0.394749515916,209170.453851
sorry,0.394785499075,78274.6795236
joy,0.395114901464,388536.258272
resisted,0.395866694699,1686370.00036
refusal,0.396924393058,238600.765632
flushed,0.397921442042,202655.850857
wearing,0.398142100894,73077.6641614
was-forget,0.398210246731,85239.7283997
resentment,0.399684922422,1610623.27902
buried,0.400670643517,219079.753361
happiness,0.402049462734,82822.4030745
crazy,0.402783217663,324893.043807
parent,0.402958335058,197434.484049
figure,0.403159540874,39881.5287676
thighs,0.405068482643,140904.315187
sorrow,0.405707207288,97448.3996476
recovered,0.406584236595,43254.0664157
lashes,0.407617827272,1530270.00847
guests,0.407798120858,25760.3848508
reason,0.407847776891,153882.150156
rejected,0.408549330014,153202.296841
first,0.413144397048,55361.6341979
shrieked,0.413315746549,109928.081127
upstairs,0.415529993903,171910.146453
alarm,0.416376843402,918907.696104
attendant,0.416468921373,101030.101592
right,0.419590163397,19311.0609272
emerged,0.420037584484,735497.947261
composure,0.420575968446,214127.029122
sisters,0.42164995302,26479.6960777
please,0.422214313669,127090.332684
things,0.423582443633,190200.163333
knelt,0.424689254756,269949.206025
manners,0.425320774377,91863.8376318
time,0.42611756555,22266.9556485
was-changed,0.427133609155,219278.092672
emotion,0.427332085626,458946.00431
agreed,0.427811778139,33248.9743592
was-followed,0.428938236381,19858.4509108
hesitate,0.430163855541,884550.929036
box,0.430326770641,103360.136912
escort,0.435377674288,533290.521643
getting,0.435766248521,87893.843471
was-remarked,0.43720431242,97709.8811254
conceal,0.439256179016,852668.980813
something,0.439457262885,230538.355032
anxiety,0.440457254547,250839.862295
bedroom,0.441441978993,22458.0588503
agitation,0.442670208966,183144.280531
creature,0.444225805755,258286.958086
away,0.444931502669,204509.263331
was-engaged,0.44561084364,43730.7579625
day,0.446422565979,145802.72437
delighted,0.448684319925,80547.1381708
was-reduced,0.455101324231,2064999.40703
laughter,0.45544389511,367193.057051
hours,0.459448733666,553232.647923
was-protect,0.461686161737,319692.233059
dried,0.462337864038,1577415.92254
home,0.463676884518,14356.709581
looks,0.466500613636,25031.1311098
lovely,0.467854984289,208830.969817
nails,0.470622187972,258388.931928
was-mean,0.471489443692,68228.3574376
asked,0.471723096133,2779.80867875
swept,0.471740345893,174788.826869
proud,0.473553141882,78521.5722393
loved,0.475650114066,14406.0797878
evening,0.476317938299,489424.450637
was-left,0.476448002787,15946.8799031
sang,0.477467326285,112716.905892
cold,0.479286137886,163011.276713
glance,0.480179553231,215136.251898
handkerchief,0.488842947254,53376.3642031
was-lost,0.48960758702,85307.705652
???,0.490807830512,11732.4605845
well,0.494250223591,326404.818823
blouse,0.497795296615,155369.623376
existence,0.505515064268,187255.576343
much,0.506534678276,55137.2324601
comfort,0.509739356637,535507.635694
daughters,0.510452608301,24037.1443046
look,0.512043781251,15802.8215073
shuddered,0.515167947326,222881.235154
sighed,0.51570704796,21851.0582957
insisted,0.515986274481,21267.556919
ran,0.52085988181,15918.0445509
was-offended,0.522858641471,343403.688251
angry,0.52294376845,230138.354687
fainted,0.524841942748,98264.5664794
answered,0.528070181659,12209.62303
door,0.529903010554,22028.9823634
welcomed,0.529974078578,272529.864129
quiet,0.530951313436,474089.160743
health,0.533735091621,74885.2444861
love,0.53630577216,22799.9412953
reminded,0.536434133669,165017.133311
charms,0.539565302839,178843.637262
sympathy,0.544788647706,715810.991735
table,0.546063659799,57146.7209124
affection,0.546283357334,274399.914682
lowered,0.547717486016,116601.339062
was-visit,0.548181270988,81194.5519075
feared,0.549627731369,90059.6749705
wrists,0.550189715475,322072.711387
young,0.550656175011,64934.9611972
gasped,0.550679782217,101469.247273
moving,0.555204255896,1223862.42752
kiss,0.564381570892,270151.766194
attitude,0.567227201387,310435.156279
screamed,0.568733376054,85503.0159919
grief,0.568827799859,97556.0035286
whispered,0.569010444085,14311.3841926
bonnet,0.570665290577,124823.601261
waist,0.575510541368,78206.2232195
calm,0.57621961267,411296.936763
afraid,0.576349472694,56490.0937692
gone,0.582511987522,12428.2464547
complexion,0.582748846923,247797.820437
clasped,0.584225681898,126031.309543
down,0.58443168637,87026.1000276
robe,0.592125448576,407448.237297
laughed,0.598920853176,9832.27815078
giggled,0.60322115114,80973.847028
sobbed,0.605413546828,133635.966969
that,0.606571282037,728195.387787
baby,0.608138953587,67800.4137502
marriage,0.610043877555,25023.2645132
all,0.613541841319,284572.133663
-rrb-,0.617449833217,124514.371483
cheek,0.621345185913,36924.7198541
lord,0.630233569601,137496.729538
times,0.630683720044,203050.243169
room,0.632730365741,10065.0880689
marry,0.636888003496,118169.634184
morning,0.637209460017,79078.9441485
apron,0.643470082409,73825.1533248
feelings,0.646595204104,46126.3517535
was-marry,0.651266650444,32739.1535892
lap,0.655941853346,100007.241382
heart,0.658509922981,8821.09959602
was-asking,0.659662201614,90536.7564934
lips,0.661620747105,12751.5996447
about,0.663782428656,447304.06798
weeping,0.666190855007,227401.558905
wept,0.668644862779,85209.4548719
smiled,0.670832827391,14912.3165252
niece,0.672260391917,62074.2617523
grandmother,0.675916057882,80985.6578319
again,0.678605626071,195015.80088
hostess,0.679259189599,276882.980391
lip,0.680509531104,81172.7481614
married,0.699166657615,46159.5023361
hips,0.709864488539,454599.361549
better,0.723641125836,232807.247769
there,0.726013236138,221569.627417
form,0.726319797621,194634.3246
was-married,0.726898880385,49372.6125568
wore,0.733402852049,30959.7427206
blushed,0.759174026862,133938.01067
now,0.766676927852,378292.699514
father,0.767186350329,3332.29439285
gown,0.776413354455,203451.634829
bosom,0.778635867831,43874.1907281
up,0.779069637328,157020.043174
aunt,0.832449245141,77839.414653
face,0.837583731007,4798.72092334
tears,0.853071632409,70967.2000492
crying,0.853099958456,155412.381698
sex,0.861313551947,193903.053663
maid,0.891616646388,86749.2886849
beautiful,0.892581389406,148840.439086
was-loved,0.921745708457,62630.2109714
parents,0.923178675098,66336.3734446
more,0.928076175335,199591.648471
skirt,0.930661627164,166988.999698
breasts,1.00197847003,86461.6965958
was-kissed,1.04783411943,104990.113863
cheeks,1.1155349202,59511.6553468
eyes,1.15915016762,4831.85709153
child,1.16009977746,57559.7122197
beauty,1.20113552935,70928.9430935
dress,1.20193689355,72175.9862193
mother,1.3061499937,6002.5622837
lover,1.47543417408,108877.168253
hair,1.66634695676,35390.1391782
