horse,-2.60106370286,-94775.7278577
business,-2.5348221024,-423365.313948
master,-2.45015704232,-32627.0852459
pockets,-2.44752037051,-2196155.72052
pocket,-2.43361886551,-218255.114352
moustache,-2.38354979302,-7237043.69586
pipe,-2.1646516833,-225203.214688
grinned,-2.11279369505,-600215.262132
was-sent,-2.08814200995,-98172.5187566
fellow,-2.08386772415,-323458.184354
shirt,-1.98905178957,-441681.229156
was-get,-1.97426104225,-246660.331383
coat,-1.95646199145,-215700.0526
office,-1.93148588527,-93323.9990538
grasp,-1.90264384199,-2203369.83812
hat,-1.87359608768,-120018.613646
cigar,-1.86786972792,-2063520.83119
was-shouted,-1.76318921085,-637908.996327
men,-1.71449140991,-85351.5583062
sword,-1.70132224231,-1312787.6332
farm,-1.69324146481,-507623.423537
attentions,-1.66353826908,-476548.061682
grandfather,-1.63849967149,-280513.414482
whistled,-1.63209079709,-3822369.27646
passion,-1.63061005789,-281348.290676
shouted,-1.62029086662,-228827.02515
heels,-1.60917446929,-380777.291785
paced,-1.60593616489,-1448030.65988
arm,-1.5967666666,-40251.929864
rode,-1.57379293637,-206547.676487
beard,-1.56749951226,-987807.662278
past,-1.56389719751,-6782938.80601
returned,-1.56046666475,-29707.7520796
was-looked,-1.53684392606,-518986.211509
built,-1.53675766419,-1127884.40028
desired,-1.53530398672,-129023.006319
horses,-1.52954456871,-573770.580445
servant,-1.52592372249,-183110.924615
was-shook,-1.52376831224,-890479.162205
cursed,-1.52319193836,-5660955.54842
honour,-1.51494179605,-232034.03029
walked,-1.49976332181,-43680.8124694
bowed,-1.49138790658,-311911.092917
offered,-1.4907226627,-115917.67646
companions,-1.48101186508,-115132.353435
guide,-1.45159610487,-4604157.00065
growled,-1.45002837045,-1146575.62858
profession,-1.44423438982,-456682.865031
saw,-1.43418740613,-14596.3678134
was-hailed,-1.43410377974,-2083543.49107
working,-1.42854986714,-518562.345222
give,-1.42106676865,-54269.381447
stick,-1.41678308715,-376917.540085
led,-1.40947017922,-110885.520337
got,-1.4037707391,-18140.9732854
tail,-1.37147664365,-245461.914081
fists,-1.34171131997,-7144765.37039
strode,-1.34126280719,-1002553.6808
love,-1.33363515285,-42479.1806934
intention,-1.32084170948,-142837.611846
neglect,-1.3178953811,-10227128.9146
coughed,-1.31595699335,-303279.633652
habits,-1.31268439917,-333081.186352
approach,-1.30963129673,-450605.808582
shoulder,-1.3012335189,-48649.8362335
forget,-1.29751755092,-150507.198617
spent,-1.28833457106,-98486.229031
counted,-1.27966752917,-482567.308827
steps,-1.27842789449,-338867.040204
surveyed,-1.27839695638,-3507386.64212
obtained,-1.27635554836,-276755.42196
way,-1.27417395711,-23272.3083635
family,-1.2694415294,-35449.3506884
picked,-1.26850829947,-156107.428278
was-avoid,-1.26765146251,-1742111.9558
was-made,-1.26498315206,-70717.6958462
was-give,-1.25626821288,-193628.16278
heel,-1.25429004186,-723364.143616
visited,-1.24939288608,-246614.87766
sauntered,-1.24429889374,-14460843.6787
dismounted,-1.24393853532,-1057587.66156
came,-1.2391233351,-7175.62085156
serious,-1.23896089519,-2491523.00699
was-refused,-1.23287926624,-10204352.4727
expecting,-1.22521688022,-1511794.27486
secretary,-1.22497189093,-1235282.05502
was-follow,-1.22383353173,-215002.504281
chuckled,-1.21990343425,-486138.622247
luck,-1.21711786433,-4992047.52948
read,-1.21702397084,-55479.5349496
overcoat,-1.21605041426,-649815.989328
plunged,-1.21519811939,-916815.531843
country,-1.21109484268,-176868.16805
smoked,-1.2110379911,-703170.864537
castle,-1.21063268649,-168758.485184
was-trusted,-1.20769878077,-725981.331196
refrained,-1.20680348222,-3577003.34699
illness,-1.20607927123,-444658.954407
land,-1.19995692253,-327734.803554
uncle,-1.19560611028,-30502.2923679
accused,-1.19201980879,-859854.728271
schemes,-1.19107486765,-775968.436644
collar,-1.19061304263,-842812.581678
mounted,-1.17728170772,-489562.025206
ship,-1.17394309306,-393504.593018
strolled,-1.16977172674,-2094316.30195
arguments,-1.16541215725,-526595.965097
affairs,-1.16522298146,-320416.159345
knife,-1.16352750363,-473124.94031
borrowed,-1.15958598422,-860608.888896
pay,-1.15500405711,-277662.862713
cap,-1.15356655227,-169590.570652
chance,-1.152566501,-648142.255479
encountered,-1.14373674606,-4031179.34979
shared,-1.13869205342,-406906.801229
beloved,-1.1310662484,-1202458.41132
study,-1.13069715161,-52014.1949337
was-visited,-1.12655295173,-456097.72064
travels,-1.12529273012,-1148521.72854
was-killed,-1.11985124334,-275132.093576
faculties,-1.11982758141,-349485.119058
was-greeted,-1.11808409314,-500673.671967
leaving,-1.11538857127,-255927.187283
boots,-1.11536903878,-281830.560743
pondered,-1.11336080688,-2218392.71967
conscious,-1.11078479921,-184980.773487
was-served,-1.10098590772,-331387.933524
eye,-1.09841275908,-41768.1577162
desk,-1.09830050833,-199615.888459
surprise,-1.09770795536,-217908.45825
was-bound,-1.09686397374,-564520.823322
jumped,-1.09478896851,-157174.295091
was-see,-1.09237636032,-12560.6066344
long,-1.09090888431,-2384244.04621
practice,-1.08801923885,-2508263.59659
was-let,-1.08706333237,-139643.918151
staggered,-1.0832423061,-796400.658178
servants,-1.08032468771,-616063.921495
yelled,-1.07936503445,-627078.763561
scrambled,-1.07785170829,-28172383.7855
drop,-1.07526651143,-1019662.23442
repaired,-1.07490659662,-520980.021375
older,-1.07269099101,-360091.72164
winced,-1.06929749092,-1046776.30505
meaning,-1.06506411097,-1243456.98898
proceed,-1.06458660698,-497681.16864
was-thanked,-1.06397660241,-290170.983625
speech,-1.06088538463,-269817.206176
paper,-1.05240231793,-242898.424847
was-liked,-1.04762370726,-170298.751913
was-released,-1.04760797929,-2672468.11538
was-having,-1.04636227614,-1410420.01454
muscles,-1.04158350628,-2219075.7158
associates,-1.03256611688,-391635.777667
was-annoyed,-1.03194891405,-29604944.0135
was-betrayed,-1.03190357963,-670735.858029
becoming,-1.03011761206,-1353343.32635
relieved,-1.029399673,-409888.79007
valued,-1.02623732477,-1145306.51851
landed,-1.02530417969,-850489.459874
books,-1.02286483777,-377575.846891
knows,-1.02170708972,-31061.261284
safety,-1.01836809394,-604406.911194
obeyed,-1.01762677808,-197903.511872
sworn,-1.01304867809,-1503949.63998
character,-1.00908719535,-60890.4486034
name,-1.00404119439,-18613.4426358
advanced,-1.00126090185,-168776.947817
people,-0.998942046215,-139027.788064
visitors,-0.998044711049,-622334.106519
rank,-0.993824790778,-366901.396988
passions,-0.99380590486,-722656.430357
patient,-0.992669789437,-207053.102651
was-marry,-0.992435681593,-41228.4471392
succeed,-0.992189364451,-1188913.33104
was-told,-0.988474967532,-9712.11680277
wrist,-0.987714003408,-325940.197019
proposal,-0.986706547937,-1295339.43195
stood,-0.984034875044,-19933.0894457
slept,-0.983844825087,-89585.4184508
benefactor,-0.982245570031,-518505.161362
integrity,-0.980191868521,-854409.55931
sprung,-0.972882196706,-522730.020134
broke,-0.972748324758,-108849.287475
approved,-0.971824884161,-679048.968482
amused,-0.970619122845,-823732.967494
was-ordered,-0.968963724769,-320860.976941
swore,-0.968170316403,-475061.428652
was-struck,-0.966596009957,-221094.648593
choose,-0.963607726069,-386018.956488
legs,-0.961212748964,-59672.469562
done,-0.961156869687,-30898.7548339
stepped,-0.960668746023,-102127.626435
suspicions,-0.959648013369,-398223.878254
was-convinced,-0.959126202964,-117699.627874
wound,-0.953628742476,-340517.97322
argued,-0.952381812478,-1100116.57537
grasped,-0.951994839635,-533322.167095
was-keeping,-0.950624768025,-1124720.11075
hoped,-0.948880142022,-63799.5403143
reputation,-0.945917286952,-306864.960113
enemy,-0.942468618467,-409402.125029
hailed,-0.941535661879,-1592181.97297
was-involved,-0.939069379937,-290500.166505
sacrifice,-0.937074553135,-5030670.44579
belt,-0.936732168568,-536494.694637
dismissed,-0.930282961072,-437150.458324
surroundings,-0.927274781488,-798425.233358
strong,-0.923023866862,-235102.14217
seek,-0.921302180331,-369976.328557
impatience,-0.916711072884,-425004.684421
was-touched,-0.915130409617,-710140.619755
strength,-0.913624133429,-168354.683213
statement,-0.912796702831,-532917.057361
rushed,-0.910702439992,-87694.6262877
examined,-0.906739481128,-485324.03098
attention,-0.905425349135,-78503.4244876
wheeled,-0.905209832386,-646298.970357
taking,-0.904843849683,-143439.709721
jacket,-0.90421756429,-226820.787716
property,-0.903413415576,-143108.012704
staying,-0.903361204211,-375180.685114
take,-0.901619163944,-25623.5454675
groaned,-0.901379291724,-132759.042842
amazement,-0.901080587975,-7700441.30262
walking,-0.900186670512,-133479.8231
meant,-0.899417544335,-42392.2494576
was-rewarded,-0.898696091113,-360173.381208
loves,-0.898182141232,-58952.5808362
lit,-0.896915979877,-919654.325556
gathered,-0.893892852953,-126291.537206
relation,-0.891901382527,-133049.488634
believe,-0.888779634677,-102973.972086
support,-0.886326945147,-786507.145079
was-exhausted,-0.885565362518,-959471.961978
fool,-0.884305931781,-181897.499063
pass,-0.884011420329,-270478.543679
driving,-0.883898433369,-620915.469673
eyed,-0.881692932994,-941400.911722
was-arrested,-0.880143232603,-547325.7352
claim,-0.878467974281,-882066.720435
shifted,-0.878137132618,-510031.897964
successful,-0.8761050434,-406170.58042
was-accepted,-0.875469962041,-621394.581549
made,-0.874713702031,-8244.79080592
regard,-0.873502430065,-1631529.79972
was-accompanied,-0.872873572389,-165112.915464
startled,-0.869895662987,-2130055.64581
devoted,-0.867247580854,-453636.09802
re,-0.867190493251,-999765.355746
was-assuring,-0.867109955214,-1005338.69532
behaviour,-0.866875540772,-193814.868597
was-watched,-0.865296150354,-190041.734044
was-did,-0.865236627344,-170706.63505
leaned,-0.860185387527,-39082.7501958
paying,-0.860174401073,-1075056.12265
departed,-0.860119664743,-164600.612867
mentioned,-0.859903046503,-66759.5603504
judge,-0.858485245813,-262536.316159
generous,-0.855604877057,-373534.304286
dinner,-0.854642642333,-199919.126004
power,-0.85398617803,-71389.5634655
thanked,-0.853605158539,-285881.630519
weight,-0.852928756073,-388405.203996
perceive,-0.852074660559,-2431731.34157
suspected,-0.849014770231,-293256.708159
choked,-0.848819734464,-820084.716682
protection,-0.846709452518,-248535.000863
was-catch,-0.846586452111,-1213938.08809
induced,-0.844601541538,-1192172.49972
served,-0.84202202619,-316781.916257
demand,-0.841801957744,-918245.482186
follow,-0.841582081246,-192886.223487
was-held,-0.840897675103,-332942.084512
was-met,-0.840554423278,-35990.7023113
chosen,-0.838396077821,-222569.907906
cloak,-0.836996029376,-114084.759576
was-picked,-0.835125982497,-1350339.61143
was-hated,-0.832778177961,-190694.530014
first,-0.832637712894,-144151.358443
was-accompanying,-0.832498627806,-997582.528086
appeal,-0.832378912827,-430208.383453
imagined,-0.832275058036,-144763.26359
force,-0.830047572225,-6359985.56927
leg,-0.829588103477,-48185.3862237
faults,-0.826183470166,-251171.462593
was-shown,-0.824299292191,-784061.108921
stretched,-0.821094764315,-148415.773701
was-concerning,-0.819803976165,-344519.714171
visits,-0.818186488523,-302451.516413
concluded,-0.817394431058,-88549.9871627
awoke,-0.81407302058,-207943.652497
dislike,-0.813754151853,-623681.390793
helped,-0.813028470698,-182364.391455
standing,-0.811450116088,-71458.3171298
was-given,-0.811018300712,-88101.0099055
deemed,-0.810903794774,-401862.776884
taken,-0.808599543421,-27894.6881643
seized,-0.808004411015,-191762.159037
restless,-0.807305921379,-447357.253486
resumed,-0.805804575826,-98176.3938476
joined,-0.805345258648,-19459.7729867
was-had,-0.80266316054,-38654.5578784
was-please,-0.800919937726,-193060.312254
stop,-0.799546848735,-316817.224848
urged,-0.797906521891,-147902.035099
described,-0.797478393045,-122638.722786
departure,-0.797087407631,-71695.9701686
left,-0.796587777559,-9744.09169508
die,-0.796449637371,-73890.0116678
was-inspired,-0.795898618375,-396912.956424
game,-0.794791797855,-1728591.774
deserves,-0.792014226708,-1286200.49984
words,-0.791654627753,-30859.4483462
approached,-0.790695667096,-134035.600955
deny,-0.789579087438,-260787.447867
manner,-0.786460880687,-35950.1010631
was-wish,-0.786195135745,-629817.311079
waited,-0.785455232142,-48675.9248084
path,-0.784006720804,-209782.63033
learn,-0.78373698352,-115003.443671
release,-0.781953346806,-292648.16622
pressed,-0.781884522863,-129939.589436
sipped,-0.781716259648,-2456201.15454
was-loves,-0.780379832161,-282242.149747
enemies,-0.779335914277,-229019.402311
was-expected,-0.778945814597,-256716.610854
was-cut,-0.778547541641,-286036.197268
household,-0.778134361435,-85932.0766287
moments,-0.777537128436,-574748.784009
fist,-0.775556028309,-319456.940811
time,-0.773489789933,-50718.8522136
approbation,-0.773091829351,-1346938.72044
was-preferred,-0.772800009079,-368215.638239
burden,-0.770452585033,-283302.163369
was-recalled,-0.770307739282,-759951.313199
search,-0.769086993788,-443649.153388
estate,-0.765383873906,-343670.568477
end,-0.762078226179,-258949.930546
death,-0.762047610613,-31594.1646412
was-seeing,-0.761819779055,-80078.5435682
thank,-0.760039243004,-291035.796611
explanation,-0.760025780528,-2663961.21767
noted,-0.757542121753,-218288.964479
advantage,-0.756818283474,-2182644.78402
resist,-0.756415752985,-180517.445397
clear,-0.755774858922,-1067948.05289
labours,-0.755632485924,-618013.907767
answers,-0.753318152131,-417975.090665
needed,-0.75202586507,-101857.074424
plan,-0.751276450309,-131730.53588
rival,-0.749431459981,-299925.817248
add,-0.749264828485,-503799.239108
attachment,-0.74921748225,-160940.695023
fortunate,-0.746198925026,-799331.246352
speaks,-0.746157689628,-185142.02888
are,-0.745939933607,-70251.6534102
encounter,-0.745797797942,-903874.161621
prisoner,-0.745750568062,-1301857.87611
lied,-0.74483705276,-256424.153867
sustained,-0.744255904608,-3016046.947
impatient,-0.743740005562,-334623.897249
bread,-0.743662616358,-386647.066662
keep,-0.743396571701,-63202.4420343
gain,-0.743245439142,-399661.336107
was-thought,-0.742569092031,-124211.037858
handed,-0.7375006946,-60943.5627398
forgave,-0.736719039008,-329542.951101
consider,-0.736418601655,-219972.845453
kill,-0.735513830619,-197017.235652
j,-0.735008410413,-849325.132175
was-holding,-0.731274207651,-310861.634648
owned,-0.730728069005,-158580.635051
show,-0.730724072176,-89576.7782972
embrace,-0.72991812632,-1921869.05139
blind,-0.729229436474,-174226.674961
swung,-0.727375787918,-404164.050087
breast,-0.727196773902,-90401.5509746
comes,-0.726951976293,-30266.4300132
commanded,-0.726519902007,-123029.554211
friend,-0.725575966877,-8172.0993724
signed,-0.725050356788,-816905.046766
seem,-0.724213092275,-70311.8839321
thinking,-0.724184746769,-64826.2222406
excused,-0.724171545129,-202069.103671
pushed,-0.723415136758,-85425.7037006
suppose,-0.722434197963,-138630.459875
wrung,-0.720656369534,-587253.927236
agent,-0.720329118535,-306871.843665
generosity,-0.714825170389,-272112.49185
sit,-0.714788302761,-121761.166806
waiting,-0.713687769671,-65517.1021607
drinking,-0.713516598546,-363402.169959
share,-0.712968939334,-143159.996788
was-promised,-0.712762866531,-216878.246112
received,-0.711517773644,-26940.0810573
blinked,-0.710774422091,-805598.443654
blew,-0.708973487361,-643191.254201
free,-0.707988458546,-144752.570881
was-leading,-0.70641624888,-240177.731372
pursue,-0.703919293388,-3436649.45006
report,-0.703802771662,-422029.983455
flung,-0.701771726601,-104350.841962
checked,-0.699200032836,-155909.045054
searched,-0.698999209307,-1042246.43744
was-turned,-0.696373487587,-102664.372116
prospects,-0.695963276296,-394401.976887
aspect,-0.693993323507,-608211.712769
command,-0.693570783655,-265885.989837
perceived,-0.690744055288,-88913.2041367
fought,-0.688177260266,-131918.245732
was-saw,-0.687966757551,-24005.806055
career,-0.687775410708,-225830.104981
was-hit,-0.686378796688,-297939.705649
was-admitted,-0.686319474978,-514629.070081
shrank,-0.685636290477,-265622.799467
kicked,-0.684680448116,-671594.439176
clothes,-0.68389122435,-81077.5518423
demanded,-0.681914072404,-109592.365246
yield,-0.678043329817,-230982.223199
relaxed,-0.677799233231,-2542008.56146
purchased,-0.677537516163,-336892.082958
principles,-0.677473308082,-226092.133976
turned,-0.677383815744,-8524.27953506
filled,-0.675660723895,-144918.735102
height,-0.674618847293,-600637.722215
sold,-0.673504934576,-207685.43481
return,-0.672169837123,-27083.8487508
was-think,-0.669160208907,-567025.949127
was-have,-0.668687407859,-47855.7428586
means,-0.667638752452,-73917.5069424
was-set,-0.665480398181,-203995.155642
was-needed,-0.663244965061,-1054175.5963
knowing,-0.662028506909,-442908.908694
connexions,-0.660063578917,-209192.443206
missed,-0.658601082398,-164833.504904
was-heard,-0.658281376444,-67248.410898
was-save,-0.65750560435,-89412.2375874
abode,-0.655851982277,-314213.06964
ai,-0.655715047092,-92475.2849625
was-detained,-0.65439594129,-606678.789303
view,-0.654072039878,-239671.76897
extended,-0.651673165215,-272117.243878
was-got,-0.651538160858,-68207.0313168
guilt,-0.648139249813,-295704.855184
was-trust,-0.647883752043,-180991.929353
quickened,-0.647283189966,-1642008.2313
world,-0.646200199713,-416531.000707
life,-0.645832231294,-8456.19905006
nothing,-0.645755130105,-270366.944083
escaped,-0.645564943134,-255395.410713
will,-0.644851184052,-168322.842505
died,-0.643885832184,-18931.9385008
desirous,-0.642214709538,-278396.452451
exchanged,-0.641528002623,-307233.09526
was-inform,-0.636623467598,-158211.598105
draw,-0.635408629876,-1009223.53428
orders,-0.635395600658,-217275.840091
undertaken,-0.633629620083,-278191.868718
viewed,-0.632305553059,-532310.187237
dog,-0.631651524238,-227920.169407
lowered,-0.630914252833,-529419.351133
painted,-0.630660807222,-428786.28919
conducted,-0.630214195138,-273494.502229
recognised,-0.627866973896,-111688.157438
studies,-0.627413021177,-129648.790571
interview,-0.62738592196,-238059.226802
willing,-0.627100874266,-116438.55475
recover,-0.626376637325,-386345.971648
fire,-0.625794825765,-445311.414143
notions,-0.625364715013,-208916.642791
was-stopped,-0.622864197874,-219795.850008
be,-0.622800638882,-9693.60471607
fortune,-0.622700644577,-47030.7451102
seen,-0.622287314424,-13397.1590905
frame,-0.621979027435,-193563.580552
firm,-0.619924726333,-955571.319054
prepared,-0.618261827455,-135881.309685
killed,-0.617826704579,-164652.509033
motioned,-0.617511480216,-397652.043999
was-swept,-0.616535000019,-893354.977095
fixed,-0.615569822183,-204116.748211
goes,-0.61392466148,-49039.6516438
was-bore,-0.613668747416,-403958.873391
line,-0.613146461915,-213246.395439
supper,-0.612512682245,-368433.431853
stirred,-0.609503832313,-204711.978736
worth,-0.607939547596,-310288.480512
deserved,-0.606615625977,-609846.661702
dismay,-0.605656336797,-446035.108339
capable,-0.605339142647,-476192.275371
watch,-0.604708245068,-55651.4475228
was-tell,-0.603662628443,-10664.3336093
was-regarding,-0.602233840687,-265418.057654
repeated,-0.599322612947,-53404.9727764
avoided,-0.599280353376,-265994.899763
meal,-0.598778324104,-494092.466976
understood,-0.598108877491,-40061.2646672
won,-0.597558710982,-173168.093008
lighted,-0.597435356334,-584649.346252
was-aroused,-0.596887284768,-121073.150289
was-fit,-0.595585220191,-1201679.69365
beat,-0.592468686914,-341822.160851
was-invited,-0.592357875721,-53804.3020109
walks,-0.591890305323,-143421.026873
studied,-0.589536561797,-225011.647144
improved,-0.589011196828,-421102.584409
house,-0.588641772898,-8479.38090129
failure,-0.588016123798,-329810.753585
believes,-0.587976884033,-217315.478481
was-presented,-0.58540670813,-141662.472014
was-put,-0.583998291514,-25229.2189758
lip,-0.583862766936,-111169.129185
lent,-0.583712794292,-1036348.29222
meditated,-0.583157556396,-673017.868179
grow,-0.582957768957,-326340.61928
married,-0.580137840046,-24020.3807327
liked,-0.573417367112,-25888.7990463
tossed,-0.572295115994,-117781.179216
delivered,-0.572113665615,-141341.254381
appointed,-0.57140278441,-399163.614545
slapped,-0.571282701248,-1362693.18498
was-bored,-0.566331724282,-552133.611977
entering,-0.565991685803,-327967.02146
was-call,-0.565738470417,-39956.3241963
imagine,-0.565178759896,-128489.08752
stands,-0.56485215842,-200032.262021
sell,-0.563764553916,-675497.939234
eaten,-0.562963952017,-288342.172013
envied,-0.561290214776,-1934134.52399
conduct,-0.561275397651,-32094.3197545
play,-0.560773860643,-39376.5915922
letter,-0.560422829117,-32160.468496
drink,-0.559243840969,-212743.447578
enter,-0.557773437936,-110267.671708
express,-0.557462141231,-931430.613304
was-drawing,-0.556955360841,-363004.648098
moving,-0.556143034968,-264263.489611
wandered,-0.554604645962,-213247.863674
mistake,-0.554204696622,-751689.35193
advised,-0.551659499373,-101009.879275
belong,-0.550908707231,-2279318.39086
pursued,-0.550168076779,-142768.848596
advice,-0.549873464949,-74083.0814386
leave,-0.548554446755,-24816.9643801
ears,-0.545154183204,-27081.4266422
was-shut,-0.544106460198,-371152.999785
drive,-0.543914737661,-146461.539055
was-finding,-0.543678244778,-938384.841886
grew,-0.543654220167,-38774.4631357
corner,-0.542990840089,-52158.9287053
works,-0.542944267213,-91100.1471824
was-marrying,-0.542344642538,-195641.793777
mouth,-0.54113588853,-21732.33773
cabin,-0.54100369868,-255177.608964
supplied,-0.539887014263,-409866.684126
carried,-0.539574201424,-40260.0890776
laid,-0.539458322626,-35635.4111165
breathing,-0.538823491433,-160603.097127
answer,-0.537870455683,-48126.6227932
wrong,-0.537599449143,-267993.079858
was-forgive,-0.537595828326,-198485.288755
started,-0.537291480587,-29433.974309
appointment,-0.5368453143,-699186.334849
wealth,-0.536620241436,-110992.632298
straightened,-0.535622464814,-161508.324695
store,-0.533841684103,-82681.3169843
was-summon,-0.532311325707,-638957.329528
was-spare,-0.531656927576,-319392.608307
acquainted,-0.529657636905,-664023.966035
bought,-0.528838520554,-52990.5734998
ability,-0.527367023215,-1621347.13003
angry,-0.526813667511,-72478.9950313
friendship,-0.525927076951,-134909.645688
displeasure,-0.525814690854,-280053.155513
was-faced,-0.525785739107,-262825.231016
drawing,-0.523069736654,-387333.28264
was-urge,-0.521771850562,-2837398.5011
recognise,-0.521741665649,-274455.831919
eat,-0.520486976798,-39363.0035166
require,-0.519966684046,-461842.250468
doubt,-0.519285394679,-484921.212648
sprang,-0.518820918655,-154574.138499
interest,-0.518307071861,-95968.9629505
refused,-0.517289778252,-37968.4554381
was-gratified,-0.517119819929,-386734.239748
observation,-0.51632517734,-494724.278581
brought,-0.515301377235,-10661.7950516
summoned,-0.514201889866,-215184.346346
entered,-0.514190465288,-15262.7600686
shake,-0.513311733721,-685514.253682
was-attend,-0.510970834837,-162681.271742
rights,-0.510120830086,-378891.405737
arrangements,-0.509173739502,-1733042.57565
complied,-0.509039515788,-709012.332726
hesitate,-0.508033023829,-624316.219215
compliments,-0.505703423098,-153742.254498
welfare,-0.505625404438,-450884.550712
respected,-0.503707266885,-543761.121018
was-removed,-0.500062344728,-295357.939982
widow,-0.497498220231,-111494.700942
attempt,-0.496312808344,-130116.393862
written,-0.496083118171,-114181.724017
pace,-0.495673185089,-338085.474628
was-remarked,-0.494556304343,-98731.4165617
adventures,-0.494007795431,-116530.038209
despair,-0.493142808076,-3140121.46979
picture,-0.493084199746,-174224.008215
stopped,-0.491760185868,-14088.1337223
was-blamed,-0.490322735408,-925932.028123
was-forgotten,-0.490147750389,-154427.107118
proved,-0.489374974833,-119522.814046
cause,-0.488184017004,-80790.9760409
settle,-0.487736830111,-162224.754259
dined,-0.486943925387,-1321314.60175
address,-0.485282790656,-65180.6393129
spectacles,-0.484249194247,-391885.781407
directed,-0.482835429617,-136447.443893
existence,-0.481951565314,-106181.733464
began,-0.481810225172,-7820.52010425
was-concerned,-0.481470977044,-142531.024573
sleep,-0.48107349432,-76138.5872323
was-overpowered,-0.480662925521,-585854.253947
twisted,-0.48035107768,-91268.8590457
disposal,-0.47906979844,-356055.773099
solitude,-0.477464040211,-391714.144605
was-received,-0.476827980806,-58207.8306138
was-bring,-0.474086729952,-29268.7573551
sense,-0.472910637001,-79963.8720542
was-alarmed,-0.472592895214,-289966.905276
convinced,-0.47258365365,-282352.743523
was-amused,-0.471720922242,-185241.070967
was-seen,-0.470012805179,-20541.2729664
descended,-0.469722667623,-547748.091704
was-kill,-0.468691017721,-150047.760191
was-stood,-0.468591847195,-97669.996293
was-reach,-0.46805022482,-94412.3191166
showed,-0.467545228239,-30319.8966891
offer,-0.467513395291,-48705.4370717
best,-0.466378327767,-112284.955601
was-satisfied,-0.465256699035,-83906.0532174
saying,-0.46473776745,-27465.3575429
was-rendered,-0.463818790947,-429310.474032
was-recognise,-0.463037584126,-111785.105855
suit,-0.461941135983,-84407.2382935
plate,-0.460255980406,-165261.367498
present,-0.460013349171,-84759.594219
was-receive,-0.459777194465,-104749.103457
paid,-0.458372977138,-37124.6162862
professed,-0.457056706964,-340125.500357
saved,-0.455918690881,-61714.4492104
tremble,-0.455821282395,-250379.562
was-make,-0.455600534363,-79776.2297559
was-explained,-0.454815666044,-1359685.4183
consciousness,-0.454223417539,-817461.561281
confession,-0.452825703766,-145083.249263
sides,-0.451931653239,-1129121.42167
parted,-0.45122814848,-252677.152962
neglected,-0.45007108933,-132629.396212
limbs,-0.449453203927,-127661.590506
was-admit,-0.449389385025,-395888.892936
was-watching,-0.449315247305,-147342.841161
was-wanted,-0.448219270568,-144011.216226
neck,-0.447854939511,-28171.4966696
fail,-0.444418991534,-510722.925137
judged,-0.443637241981,-153420.085833
was-roused,-0.442970164201,-384748.500303
glasses,-0.442497272877,-189868.758978
was-informed,-0.439703889999,-49289.6518976
attacked,-0.438859667203,-316181.31301
remembered,-0.437355507259,-16693.7343364
discourse,-0.436355528513,-174823.393258
tone,-0.436338388854,-40119.5311871
welcomed,-0.435724398025,-816214.441249
distinguish,-0.435717249013,-598312.331752
showing,-0.434889938308,-600760.494085
brain,-0.43474751559,-92755.3542355
disappointment,-0.434204496063,-228116.617908
placed,-0.433913729882,-34268.3324825
was-hold,-0.433633207726,-146628.765649
scanned,-0.432462824849,-577948.573836
rise,-0.432167852502,-199015.117623
indifference,-0.43007626128,-222915.588256
humour,-0.42866377083,-397941.267113
nostrils,-0.427502528443,-237533.782832
stranger,-0.427483268,-226773.26383
get,-0.427479224745,-12354.8639237
discovered,-0.427264864728,-38751.0527137
chose,-0.426322759905,-55314.8666779
papers,-0.425390499699,-191488.602872
born,-0.42447508054,-257492.356198
use,-0.424447009415,-89386.9374215
dispatched,-0.424126787209,-139047.780279
was-destined,-0.422855659738,-1137832.81139
was-serve,-0.42184537272,-160182.384896
job,-0.421824331936,-138498.964926
blood,-0.419438534761,-219762.88616
lives,-0.419308701807,-51850.5126435
fortunes,-0.41926730176,-690877.789493
energy,-0.41819619969,-412079.724158
was-muttered,-0.41754453168,-190967.670786
lying,-0.41663120339,-62936.0866514
card,-0.416162363399,-702416.209077
was-passed,-0.414252973985,-133685.507101
prefer,-0.41343399634,-591784.996346
attend,-0.413116774109,-219303.648735
was-hurried,-0.412885007835,-246967.410388
actions,-0.412526807,-720138.494972
was-beckoned,-0.410873148911,-323124.284983
was-assured,-0.410719332691,-35223.0782547
slid,-0.410097955764,-316990.627249
reached,-0.409930576536,-29447.9735655
speak,-0.40916590354,-26336.2084351
remain,-0.408851347714,-144491.285303
was-suffered,-0.408295754176,-153302.017652
referred,-0.407954399844,-396989.46207
make,-0.407465759345,-15059.3688299
was-convince,-0.407455847271,-367163.108752
glass,-0.407339691496,-106815.050835
hesitated,-0.407116146443,-57721.4022389
escape,-0.40638175904,-154851.904932
revenge,-0.406147849893,-431675.172385
procured,-0.406069737697,-581942.587621
was-prevent,-0.405082629398,-142586.157429
uttered,-0.404319529789,-31412.3131155
was-discovered,-0.403779481959,-362095.524637
admired,-0.402747684712,-125271.733764
go,-0.401878597271,-6175.69114078
was-moved,-0.401648895515,-143228.725597
rubbed,-0.401137797719,-153250.932279
regarded,-0.401062771146,-56432.0415943
concerns,-0.398180718661,-393599.084636
sees,-0.397811519779,-67353.1036936
was-ushered,-0.397493080611,-255652.408794
was-exposed,-0.396942729955,-566482.21023
was-remember,-0.396652118786,-18760.9308732
hear,-0.396333632175,-22736.0637081
bear,-0.396180487182,-42967.5933091
proceeded,-0.395043153976,-39760.179861
pulled,-0.394914878247,-58400.0414248
sleeves,-0.39385767552,-436522.025773
was-meet,-0.393776882584,-26119.9862667
interested,-0.393458411145,-159384.259189
was-accused,-0.393270173471,-285549.450056
loneliness,-0.392834868766,-1075378.95115
genius,-0.392146132464,-58538.0396154
strained,-0.390145828906,-540779.889529
pupil,-0.389789139312,-68264.2980699
soul,-0.388416172445,-14965.4314206
shook,-0.388298488724,-12832.1539559
determined,-0.388195752495,-42843.1420035
mad,-0.388115909117,-101081.356084
stroked,-0.387114626451,-312410.203956
elbows,-0.386143814419,-188973.522237
obtain,-0.385974761862,-102955.476184
do,-0.383760604571,-7193.17875995
abandoned,-0.38331255158,-312945.567547
objected,-0.383227745906,-241295.69302
was-pleased,-0.382777502131,-39869.3581025
was-kept,-0.382480169077,-117229.849765
despised,-0.381392165875,-168891.507616
benefit,-0.380447399361,-258169.443423
was-join,-0.379985835066,-80027.8548696
was-carry,-0.379556731711,-122847.845789
disposition,-0.379218175222,-108296.22424
certain,-0.379079111741,-83348.9077032
happier,-0.378838409561,-311781.20267
prove,-0.378213955404,-128253.136748
pronounced,-0.376608857571,-139856.723387
roused,-0.376407448701,-168779.335264
alive,-0.374227008835,-102542.37882
foot,-0.373102299613,-42062.1521911
stock,-0.37305644775,-166437.276063
removed,-0.372618497619,-58001.4214658
followed,-0.372005669036,-17981.2699717
accompanied,-0.371697451045,-66804.3049765
effort,-0.369613174295,-498024.860572
managed,-0.366940278048,-50971.5749883
planned,-0.366448657841,-139179.803539
was-filled,-0.365645913779,-71369.8820006
reading,-0.364059194019,-80264.7030846
was-understand,-0.363280419791,-1001937.77792
clothing,-0.362244852886,-399557.381258
was-missed,-0.361209017592,-86067.0279182
memory,-0.360658272697,-32595.8433927
fond,-0.360230983133,-39840.1014402
majesty,-0.359641236156,-95516.6124669
choice,-0.359244422576,-88199.8729921
was-drove,-0.358583693382,-123808.671332
touch,-0.358445068266,-173807.374855
comprehend,-0.358035913067,-346228.474059
was-stop,-0.356830602125,-126493.478192
expression,-0.355508925396,-70803.5790633
views,-0.355501241675,-207389.992439
narrative,-0.355494096106,-143145.475426
eager,-0.355381071047,-451423.224725
manners,-0.352514550329,-76287.8669871
sought,-0.351350105261,-44557.7597573
reproached,-0.351269598314,-266632.977841
authority,-0.350820931415,-767453.358563
used,-0.347888502253,-8717.22376334
companion,-0.347626544538,-22181.5244934
neighbours,-0.346370439593,-51500.1242612
calls,-0.346247757843,-23532.722973
loved,-0.346019896947,-8161.54502821
caught,-0.344674955226,-18189.3053545
refrain,-0.343177670199,-234589.438448
dream,-0.342152197824,-84806.4678724
leaves,-0.340667403658,-448094.206113
preferred,-0.340467895717,-67428.0344551
is,-0.340066674019,-1882.26301929
fight,-0.339299750763,-2153223.7439
features,-0.33790327419,-49191.7893588
writing,-0.337573935678,-100205.591107
was-raised,-0.337225391841,-131355.843126
expectations,-0.333845394193,-656614.054776
addressed,-0.333737735745,-35452.0233945
parents,-0.33347766169,-14651.7521438
rejoiced,-0.33212921387,-115953.762834
rested,-0.331468222129,-179229.500674
faced,-0.32925089296,-188059.877271
stooped,-0.328700370013,-56910.1079456
astonishment,-0.326607005531,-419476.926364
goodness,-0.32617694549,-107038.242145
assured,-0.325908411664,-46558.997569
was-determined,-0.324673850794,-59464.2520269
buried,-0.324520811819,-349205.963569
hid,-0.32230912167,-253383.710695
decided,-0.322067139907,-22853.8473084
wise,-0.320470708676,-182523.181173
was-facing,-0.320465777871,-70268.8027831
lift,-0.32038388021,-324838.877637
beckoned,-0.320229534823,-191847.467333
owed,-0.319949716516,-151369.052204
was-dragged,-0.319368988401,-115312.676169
favourite,-0.318835491868,-49323.2044435
called,-0.318829845947,-5361.63352079
claimed,-0.318782195059,-272426.910619
dreamed,-0.315991832534,-227231.928419
informed,-0.315224762451,-30507.2185481
touched,-0.314995510537,-58457.024689
plans,-0.314500255281,-97195.1461237
was-induced,-0.314276366789,-61005.0258981
enthusiasm,-0.313904126178,-292908.198244
was-acquainted,-0.313106850358,-73074.7125704
defence,-0.312559782869,-183135.434256
expressed,-0.311885997377,-34859.6042154
hastened,-0.310534133844,-33161.5027869
was-vexed,-0.310019438877,-105836.146615
sentiments,-0.308812243124,-93902.4822505
raised,-0.308558848237,-17966.4386292
frowned,-0.308542247681,-137462.24288
coffee,-0.308144107204,-173510.638282
talk,-0.308099185453,-29871.4337219
presented,-0.30726596032,-54893.2824353
was-expect,-0.306098798292,-251680.537567
trying,-0.306028007386,-60550.002478
watching,-0.304873210911,-60898.6768829
find,-0.303538556223,-15468.9878364
knocked,-0.302131603599,-194469.980539
bade,-0.301372040105,-56639.1523571
become,-0.301182087059,-259979.9444
took,-0.301157624531,-2682.32451121
bow,-0.300221157536,-261530.75964
party,-0.2998221242,-46787.8131121
robe,-0.299767662868,-95979.4696773
position,-0.299180214673,-31000.2098996
does,-0.299158071547,-18217.3099016
intentions,-0.299101678105,-85629.3478715
gripped,-0.298092984926,-211468.297151
temper,-0.297705608976,-32526.0134941
thrust,-0.296961775002,-114406.542932
stand,-0.295585516492,-48684.8035103
was-covered,-0.295062013821,-310743.375843
assistance,-0.292410576398,-48283.694623
puts,-0.292237600814,-65719.9506961
was-led,-0.291440920306,-26592.1084996
cleared,-0.291392319329,-122936.019836
gained,-0.291364113203,-64070.9808527
locks,-0.290183567461,-149294.964619
wonder,-0.289153514172,-114770.513984
shrunk,-0.288771858955,-254260.804389
was-conducted,-0.288594556026,-299007.838321
persuade,-0.288229118548,-200801.320282
exerted,-0.286986278184,-510819.424358
acted,-0.286679065386,-36749.4084642
was-worried,-0.28615966632,-572578.115979
talking,-0.284837205711,-22562.3098103
marched,-0.28414966539,-246821.060807
fallen,-0.283204232968,-37417.7336569
was-face,-0.282986648345,-69136.1174461
promises,-0.282870616814,-78755.0350114
hugged,-0.281727544171,-152104.860647
thumb,-0.281657001233,-143003.636463
dare,-0.280960451105,-110408.132466
chest,-0.280560427783,-65301.3874857
attained,-0.280521947111,-1348514.83414
point,-0.279825780111,-33253.8489005
told,-0.27937637416,-2866.86937271
brow,-0.279141454885,-24881.8381785
uneasiness,-0.278048907614,-134564.166389
secured,-0.277370886818,-51429.1885834
exertions,-0.275214600958,-421773.693642
swallowed,-0.274269360017,-62935.2535364
meet,-0.274140728414,-45677.2822055
was-sat,-0.273637250479,-46133.5178017
forehead,-0.2723816002,-23484.4431815
risen,-0.271221147675,-282985.528967
retreat,-0.270935034687,-45102.0280655
treated,-0.270574742237,-85837.2172479
playing,-0.267078711328,-83578.9414553
drove,-0.26705570541,-34206.7040408
attached,-0.266450489385,-97331.806141
gazed,-0.266177347098,-50816.5455406
was-hear,-0.265439646896,-28589.5872641
was-reached,-0.26448341726,-32790.4753129
pictured,-0.26422880487,-146723.399754
tell,-0.261576142967,-7531.22294708
was-deprived,-0.260659119416,-92103.7203319
recoiled,-0.260260043998,-303105.975191
was-assailed,-0.259397638943,-2269344.28142
was-gave,-0.25815522189,-42547.2689547
was-addressed,-0.258148924424,-75146.6986694
accustomed,-0.257439023482,-99431.5238092
hotel,-0.256158269472,-101448.158729
was-accompany,-0.255576987833,-39951.4093671
appreciated,-0.254448626306,-276935.630846
was-persuaded,-0.254257323255,-31248.0028108
handwriting,-0.254249569283,-157958.669357
replied,-0.253775674222,-3425.75000458
glared,-0.253531075301,-119263.129254
absorbed,-0.252966341788,-1282149.54497
was-begged,-0.252427353558,-40767.1027333
rest,-0.252273419775,-47721.2054523
was-regarded,-0.251960191147,-69541.8085959
feels,-0.251857777358,-38937.6172591
lose,-0.251592314157,-64613.5396858
sleeping,-0.250564591386,-111433.909544
introduced,-0.249523439109,-73890.9197948
habit,-0.248558926655,-119270.006187
hold,-0.247325547948,-44542.1441645
start,-0.246785807308,-60922.6407841
example,-0.246758091188,-57467.8038044
was-gone,-0.246616958542,-10284.1423591
was-failed,-0.24490761342,-242946.61905
unable,-0.244281216715,-90121.7284709
roof,-0.242114246639,-55401.1030835
betrayed,-0.241326162143,-64924.9430722
hatred,-0.240598186364,-148421.082567
clenched,-0.240285675437,-1656742.55649
was-responded,-0.238460258624,-136034.985773
was-urging,-0.238111432357,-1191628.85713
carrying,-0.235525584083,-165531.212504
asking,-0.235043081023,-393177.359721
sake,-0.234980443133,-6395.43940853
following,-0.234665442142,-1217331.84755
rich,-0.233538635528,-168664.360336
happened,-0.233003121573,-85616.4620028
formed,-0.231529960325,-103119.060958
completed,-0.231434041697,-102094.070787
arrival,-0.229545072958,-30791.454127
carry,-0.229317298962,-56911.535441
news,-0.226711464793,-100725.141808
control,-0.224275801526,-589995.361906
was-suspected,-0.223923582808,-95245.8122375
likely,-0.2237655198,-78403.4171733
favour,-0.222774537675,-30547.3793427
apt,-0.22274472091,-93915.2443589
was-attracted,-0.222590899742,-148791.665184
was-welcomed,-0.221870399426,-204338.923444
side,-0.221723159817,-12345.4476495
conversed,-0.221333407465,-83651.9249145
muttered,-0.221007714523,-38833.2753232
was-caused,-0.220904262282,-1632138.56827
heir,-0.21898343421,-489938.280127
required,-0.218867019672,-232390.07243
rage,-0.217794040668,-47273.02352
was-read,-0.215200690953,-116686.44985
proposed,-0.215098239998,-25633.1412654
failed,-0.214645719335,-34629.4486924
embarrassment,-0.214192238197,-718396.304529
returning,-0.214134112599,-115235.785395
interposed,-0.213043821517,-68723.0743789
planning,-0.212006070041,-350677.559697
come,-0.211062279057,-2404.95392897
travelling,-0.210414139661,-551786.082046
was-was,-0.209362847212,-117640.851892
was-allowed,-0.20886962323,-56615.4094447
dreams,-0.20722648639,-193079.928107
triumph,-0.205311692194,-149094.481514
belonged,-0.204655578792,-44672.8197906
host,-0.203163293129,-119331.499715
veins,-0.203037204729,-109366.278006
inherited,-0.201585605616,-660788.580604
footsteps,-0.20055551933,-194648.1146
suspect,-0.199601505235,-105982.909086
continued,-0.199477969361,-3834.72365786
crossed,-0.19903021201,-53305.3830858
speed,-0.198198282489,-1272414.74688
mistaken,-0.19715301341,-139921.056237
doubted,-0.197013763054,-237460.575509
going,-0.196450691619,-2838.59926853
interrupted,-0.195536099138,-60282.8572817
seat,-0.195115775305,-16535.6772764
did,-0.193961465617,-2205.18853489
place,-0.193764970213,-5845.28032898
ear,-0.19372921556,-16033.9512644
performed,-0.192317142682,-46380.4584905
was-continued,-0.191164858404,-12000.9335396
struck,-0.19098767369,-25114.2923545
step,-0.190803064498,-40315.5193778
brows,-0.190672712673,-166102.178027
engaged,-0.190130453678,-51297.66386
pen,-0.18975516912,-66376.732993
was-found,-0.18963830784,-12854.1346468
embraced,-0.187985166188,-137788.652026
known,-0.186256641527,-15368.0338833
throat,-0.185646173243,-15061.2066277
services,-0.183423607382,-35737.6846961
was-knew,-0.182748374757,-16327.0922187
allow,-0.182455702967,-36843.7718282
worried,-0.182217814645,-1142793.13833
selected,-0.182065805059,-33741.463958
tea,-0.181030526451,-60716.006148
hears,-0.179907748912,-109996.726959
supported,-0.179228059437,-173713.764777
practised,-0.177566509019,-176242.430092
was-raise,-0.17724541375,-526728.883759
fell,-0.176987522504,-9192.59911365
was-disturb,-0.176772721531,-107138.372924
dreaming,-0.175478593816,-122928.354067
was-affected,-0.175305517934,-41472.9889002
was-reduced,-0.175055093092,-46505.1495638
observations,-0.174684402055,-269970.608669
excitement,-0.174364346395,-131425.339117
acquired,-0.174224471008,-44401.4151157
respect,-0.172873845516,-209928.772553
was-come,-0.172731155346,-20150.6683706
course,-0.172038084509,-86704.3861251
was-thank,-0.172018724091,-25562.5536295
was-support,-0.171200281059,-437790.500422
vowed,-0.169254684481,-117596.879128
was-forgot,-0.168944855105,-182304.676026
kneeling,-0.168840102589,-60684.6668753
jerked,-0.167851346663,-214268.718345
nose,-0.167452129403,-14946.7248278
ashamed,-0.166747053428,-84984.4320446
was-pulled,-0.165822204129,-76735.7257236
walk,-0.165657004291,-30269.9145102
found,-0.164926889205,-2011.22390781
opinions,-0.161894209869,-44648.0846071
entrance,-0.161892325146,-53965.7930208
thrown,-0.160970333328,-26595.3933193
drew,-0.160279064156,-5336.45852402
seems,-0.159498575414,-21739.5037109
lost,-0.159443038168,-11529.4909471
jaw,-0.158814065295,-340573.877342
was-forget,-0.15821179453,-21408.3176283
pointed,-0.157836721895,-14625.632869
was-notice,-0.157509282999,-221959.908792
was-offered,-0.1557886663,-60446.0954862
threw,-0.154282202083,-6845.3165556
was-employed,-0.15308758516,-56688.2331351
waved,-0.152775560983,-23976.5866213
was-returned,-0.152295083834,-12173.132265
ground,-0.152236279787,-65807.3273976
identity,-0.152235217778,-359086.578529
confess,-0.15200878068,-41756.0239134
enjoy,-0.151742990391,-72524.0302137
confusion,-0.151247477511,-90887.6255312
teeth,-0.150828172879,-10205.1412222
conceived,-0.150554691988,-35717.2007581
pray,-0.149965425137,-105019.500737
nephew,-0.148882332233,-11595.4687058
tongue,-0.148262448122,-20963.0254068
incapable,-0.148210402382,-71822.0850792
doubts,-0.147896349485,-53324.9770458
feared,-0.146209076495,-16706.3825068
excuse,-0.145033177932,-96855.8445266
was-love,-0.145001791355,-8498.00876891
reserve,-0.143655221522,-188515.407547
explain,-0.143266578193,-20369.9665827
was-fixed,-0.142713817466,-76362.9972067
explained,-0.141590435415,-10142.371577
pencil,-0.141398320988,-287487.083739
occupied,-0.140208613089,-48032.0732166
attitude,-0.138674008482,-36621.0411713
fate,-0.138435721402,-16923.8874641
was-find,-0.137908270753,-5492.91822987
was-leave,-0.135873431663,-11306.7360429
eating,-0.134229803737,-53973.2918301
knowledge,-0.134205247343,-46635.0911335
studying,-0.133952120735,-340034.353649
detected,-0.133313784019,-212736.114135
lay,-0.13204637699,-8172.66910639
was-like,-0.130499756723,-17524.9389546
dead,-0.130479587998,-6754.81312959
hung,-0.130302346308,-28666.698795
was-shot,-0.129738893291,-58138.5464384
worked,-0.129675808073,-16069.2978694
was-lost,-0.129223421706,-24328.8205636
cared,-0.12504036108,-15657.6369384
peered,-0.124911259093,-61577.6696575
lessons,-0.124792624232,-154286.280765
was-surrounded,-0.12466253315,-52006.0029414
listened,-0.124381915688,-8146.04166959
was-upset,-0.124232980895,-211664.278553
afford,-0.123684037638,-42166.9660482
ease,-0.123417263008,-37889.0366469
agree,-0.122896702069,-35480.5265103
stay,-0.122859281087,-10675.693866
audience,-0.122392238095,-45251.9601515
greeted,-0.122128662517,-34878.8110416
was-demanded,-0.120292020229,-18671.3503269
wit,-0.120093769742,-49626.6850403
lot,-0.120019340775,-68752.9774663
whip,-0.119640337583,-792673.367709
word,-0.11930474923,-8759.75826242
careful,-0.118956100737,-84620.4533282
employed,-0.118525756284,-42840.6062081
innocent,-0.116120335754,-114217.463869
glance,-0.115041703284,-37382.7557726
enjoyment,-0.114966194428,-141206.303534
drawn,-0.11403435848,-74242.9881315
resigned,-0.11310063454,-117467.062504
vanity,-0.112290370713,-27990.8787065
was-believed,-0.112263236853,-46583.962558
was-losing,-0.112068025796,-325237.809328
youth,-0.111882336383,-12673.0690402
thought,-0.110877242351,-610.584371549
was-considered,-0.110746214542,-44947.8056187
was-answered,-0.110497196322,-19544.4470885
charged,-0.109987668587,-93438.1267826
attempts,-0.109917267063,-66736.38101
shut,-0.108783014937,-32753.5293065
lingered,-0.10837290037,-35055.8312676
was-draw,-0.107961994874,-92158.791019
tale,-0.107064281274,-57447.7524162
brave,-0.106641728952,-77253.1899416
was-deceived,-0.106364095128,-84756.5305943
laboured,-0.106272177575,-56689.013378
was-dismissed,-0.105721587474,-26025.3722487
believed,-0.105591519795,-4198.88678252
years,-0.105248094886,-14169.4254313
letters,-0.105208988864,-14267.9533786
attack,-0.104172075412,-68494.7557948
reflections,-0.103896064905,-69731.703854
emerged,-0.103781964244,-42089.3750241
was-approached,-0.103532524368,-40481.8772657
was-ejaculated,-0.103132231274,-30317.2657482
knee,-0.101954273768,-32286.060633
knelt,-0.101793496863,-35430.1653652
arrived,-0.100981002889,-4982.17525987
was-addressing,-0.0992576686603,-28496.7919781
returns,-0.0989099105321,-57672.6922726
couch,-0.0984192544963,-29005.0473022
intended,-0.0937386941935,-11987.6659289
darted,-0.0934463935567,-26532.1878468
recollected,-0.093054188438,-15626.8590641
promise,-0.0929926670969,-11286.379363
visit,-0.0925108449539,-5344.20326901
wits,-0.0924788796304,-145355.744458
brother-in-law,-0.0917105732127,-36867.9751839
was-keep,-0.0910822018028,-11000.4884928
uneasy,-0.0910128855342,-53148.717271
disliked,-0.0895422701274,-41005.8242946
continue,-0.0894467926548,-46902.5132375
was-send,-0.0892114465297,-9527.80961076
was-tempted,-0.0873922921031,-55870.1796027
endured,-0.0866189967662,-52554.8983309
marked,-0.0861624395236,-277706.752781
was-introduce,-0.0860929898831,-112206.123989
climbed,-0.0860333820387,-23719.4458054
awaited,-0.0856316823728,-80617.9978928
was-checked,-0.083842786998,-41612.3045954
provided,-0.0834775476725,-22531.272039
was-rejoined,-0.083326591465,-7517.97019683
observed,-0.0831615280152,-5818.17914516
presence,-0.0818745418799,-4626.99460662
staring,-0.0812252640869,-31354.4875201
was-forced,-0.0804449693255,-35442.5478861
occupation,-0.080248042253,-57735.5747712
sorry,-0.080188398577,-7610.26573364
car,-0.0793682929819,-10873.8493974
withdrew,-0.0789283961854,-16718.3456161
subject,-0.0784737449551,-50780.3486149
was-laughed,-0.077755066774,-26735.4234535
was-resumed,-0.0777221994688,-35578.0556981
bringing,-0.0765453234972,-37735.1458038
open,-0.0765325115823,-19484.974279
marry,-0.0747383612696,-11973.8582653
was-loved,-0.0740078638666,-3062.40950235
forgot,-0.0727036733823,-11244.723438
released,-0.0726017178505,-38077.3464911
was-enabled,-0.0725467981878,-19780.0514703
was-accustomed,-0.0700767959556,-14857.9518479
established,-0.0690977513961,-84855.1366552
assume,-0.0686451201336,-183951.648235
doing,-0.0685947983853,-3851.23365519
belief,-0.067781676626,-39993.9367645
shrugged,-0.0677677837164,-16042.940456
cold,-0.0663870974425,-15592.7138989
warned,-0.0661217022518,-21340.8361864
was-charmed,-0.0656703486253,-20953.3036774
permitted,-0.0655575369809,-87280.4058187
leading,-0.0642884288493,-258259.23828
direction,-0.0631161929261,-47485.0193504
adopted,-0.0611059470965,-22045.6198269
appeared,-0.0584153035015,-2423.22524919
was-introduced,-0.058284339579,-8384.38764381
was-mistaken,-0.0576070775325,-134483.042929
was-followed,-0.0572148130116,-3228.56510234
given,-0.0544404556067,-2839.53351123
comfort,-0.0520737423971,-20380.7221443
speaking,-0.0508945915682,-9186.71009252
hit,-0.0508276029929,-13304.3512758
were,-0.0493341809438,-1253.81785142
leapt,-0.0489537759968,-31108.1906125
stumbled,-0.0489056233178,-12646.048326
was-buried,-0.0476741237853,-12664.6214737
was-recognised,-0.0466647717258,-14682.8755081
was-seek,-0.0464959068352,-21486.7917987
was-changed,-0.0456397261508,-13529.7664634
telling,-0.0442640376636,-7955.14780895
was-wished,-0.044231346187,-14553.5179261
was-repeated,-0.043833603316,-16724.6335243
nature,-0.0438301786043,-4897.53424832
weak,-0.0408699935679,-16377.420795
tells,-0.0402839971282,-2857.18858051
wont,-0.0388459296415,-14593.1320465
clapped,-0.0388136653035,-14308.975146
welcome,-0.0386279208972,-13826.8578577
was-pursued,-0.0383654814169,-10458.2608794
journey,-0.0372750565208,-6706.89964056
attended,-0.0368509194433,-5141.00677355
's,-0.0365928648308,-1366.29112145
stammered,-0.0364882384581,-10928.3927258
was-bringing,-0.0338096025931,-12837.559538
was-show,-0.0333427085289,-12279.2736054
say,-0.0322822052242,-524.110153413
race,-0.0285500381559,-13120.0184687
fashion,-0.0260610814205,-14067.8808125
retorted,-0.0258566721696,-26140.4334282
mine,-0.025501164309,-8695.23466461
gotten,-0.0253575655763,-31028.5233396
aware,-0.0252278689908,-3604.39927407
was-attacked,-0.0248519231463,-16172.0066592
admit,-0.0241730300157,-20220.6309945
ambition,-0.0220861658354,-7167.4528665
was-urged,-0.0218208923211,-5825.29411153
foresaw,-0.0211029597179,-40767.1973927
post,-0.0206729419681,-9254.59370621
ignorance,-0.0206185386385,-3670.17693171
joy,-0.0159601423099,-4455.23225602
sounded,-0.0158282328613,-6907.92874136
was-compelled,-0.013236771484,-4423.70003615
employer,-0.01313547432,-4162.21761228
sincerity,-0.0110843322986,-9600.72300011
was-betray,-0.009659108753,-27258.626999
was-attached,-0.0092917116822,-7480.66100604
asked,-0.00857739093178,-75.0599815873
was-inclined,-0.00832949165413,-10287.6736956
was-noticed,-0.00768017843089,-18561.745566
conscience,-0.00620217750105,-1187.99618794
lead,-0.00592426869844,-5587.80460916
lungs,-0.005210416441,-6295.23870284
was-laid,-0.00445899690679,-1217.67647532
income,-0.00409667914279,-941.046426759
good,-0.00370204714421,-360.762474379
arms,-0.00313735146604,-64.3356495667
gazing,-0.00286039019951,-1912.68765087
knew,-0.00272111293789,-25.2140866713
was-haunted,-0.00259626887064,-4892.08880993
met,-0.00146390133372,-65.42864719
absent,-0.00103280747185,-274.758768588
was-respecting,-0.000732133894652,-265.980409972
was-seized,-0.00040819531328,-61.0484214535
astonished,0.00121354314893,3613.96061904
assisted,0.00155820879224,606.900111104
was-do,0.00161520821924,316.703544546
fine,0.00229959192202,1187.85607623
sight,0.00251789352969,662.85166321
spoke,0.00307702796944,53.3289679498
wandering,0.00310396880394,5317.11536501
design,0.00322902983977,1731.34149033
amusement,0.00344261947038,10596.2959707
sleeve,0.00491385964654,2074.06189786
exclaimed,0.00590618574692,186.81392781
driven,0.00643945189636,7648.07948222
quiet,0.00712104762576,2091.27169519
ordered,0.00732763126249,843.762323783
anxiety,0.00738973568716,1351.41333706
inquired,0.00774599251359,574.181956097
slave,0.00780973179899,13361.4056143
part,0.00841386993376,536.811311547
looks,0.00855867874403,364.479677068
different,0.00896273933763,54854.14229
possession,0.00937100302518,1911.57671057
was-watch,0.0108753413369,4068.9153966
blurted,0.012870033304,72132.8023758
was-driven,0.0136253742807,6685.08802342
thanks,0.0139511903225,10232.7803479
reappeared,0.014231748456,6721.0932986
duty,0.0148752721937,1309.80562207
message,0.0158435667869,9807.440547
was-lead,0.0173250675528,4885.96339789
notes,0.0173265316087,17362.605589
was-assist,0.0187700800896,10338.7675243
was-pitied,0.020104995438,31744.4747781
sent,0.0208887991136,623.183611079
calling,0.0210352143743,8933.8400187
was-felt,0.0212051045532,12705.3033782
watched,0.0212812232279,1614.83970905
endure,0.0224349759397,15034.8663784
was-inquired,0.0226895853841,2047.22664651
appears,0.0231182905892,7693.26629346
spirit,0.023207260838,3884.84312366
late,0.0241845458848,26636.2210836
was-requested,0.0246433512214,10817.8424835
was-awaiting,0.0251251846111,17124.0636338
held,0.0252014553907,935.399462573
snapped,0.0253166926622,14777.1463822
true,0.0256914293563,90002.6469314
success,0.0263629757012,3081.12719837
worse,0.0264405324837,12282.8762782
beginning,0.0275915918624,14370.2443459
was-embracing,0.0278315780532,29590.1786967
was-surprised,0.0282392992207,5087.87746691
vanished,0.0283380991804,35073.6608704
ascended,0.028669344674,183948.375108
deal,0.0291124821294,20057.5390804
was-claimed,0.0292201218126,52213.4877583
'll,0.0297004998616,4664.61709524
opinion,0.0307517316373,3314.56243761
emotions,0.0309058190364,16991.5596009
able,0.0314676521822,1652.51914408
jealous,0.0316544612764,21625.2895859
kind,0.0319897962997,5101.23323226
obliged,0.0327256578933,77556.0055741
brightened,0.0328193644824,34312.0662433
drifted,0.034290411629,58379.1457917
coming,0.0344379595255,1080.84493359
cherished,0.0350445961221,40533.0028863
look,0.0362270215747,1242.81557944
unhappy,0.0370378933325,31049.4462708
was-answer,0.0371562875756,69382.463568
want,0.0376683593644,1519.24543343
reaction,0.0391872001823,27047.9728305
played,0.0393743142805,4994.08856305
spoken,0.0394564742679,5282.109533
having,0.0400311874527,3817.51141932
struggling,0.0406338900878,35744.7682168
was-echoed,0.0406684154209,30367.3358683
riding,0.0410030595509,20514.8339698
grace,0.0410655104812,5157.85291635
was-escaped,0.0416866644573,85175.8359398
bestowed,0.0443017221847,46094.5366802
tapped,0.0463194069235,56975.6261343
frightened,0.0483341932675,12093.4186304
displayed,0.0507485420361,102370.596043
indulged,0.0512932526749,41106.5824927
maintained,0.0530941860621,19723.9951507
have,0.0532633250804,562.567251217
self,0.0538510996791,12036.0076974
dared,0.0561892462539,8059.41122938
offended,0.0572745226496,25484.4757622
mood,0.0577638638088,18784.1033269
lamented,0.0581292604704,23544.2733048
succeeded,0.0581339084577,7676.23944078
admiration,0.0582225686044,33946.4399779
was-prevented,0.0594861068542,8541.57375727
cup,0.0608732628771,45393.2476656
station,0.0619960447715,16678.0271338
beg,0.0625972269096,52419.9631076
was-relieved,0.0629517513998,34735.0083554
was-resolved,0.0641939237239,16772.924022
duties,0.0645568814708,10481.4022142
eagerness,0.0651462751811,40860.4975057
denied,0.0655282491294,33928.7426061
questioned,0.0658920689544,27979.869289
appear,0.0667458568578,21021.201138
understand,0.0675065966906,5212.17757221
move,0.0680037407894,17897.267764
blamed,0.0686928992955,50479.8210775
seeing,0.0687963089984,45762.3300606
commenced,0.0689985208241,12867.1800041
discover,0.0695853889367,19260.05564
nurse,0.070060104153,16224.1328143
was-restore,0.0702853038961,156692.61048
recovery,0.071448213226,23370.0103727
begin,0.0722404341611,34263.4605585
pretend,0.07331544963,83320.1544669
turn,0.0756255541189,4847.15239311
garden,0.0756655280871,10714.5138067
skin,0.0757930311295,9978.34744982
realise,0.0757943510201,25774.6887335
leaning,0.0766911968635,23550.773804
hopes,0.0768495605676,8012.1887663
excited,0.0769001041632,16008.5454753
cry,0.0771200629894,21645.7446035
was-puzzled,0.0796307811708,17095.6199593
preparations,0.0798587375452,40004.544909
motive,0.0821278227654,52491.9127421
'm,0.0823856207312,32378.338013
wrath,0.0826856640706,34944.1865349
appearance,0.0827553022289,5971.74067542
suffering,0.0830652428464,72771.7068446
was-believe,0.0840818222594,361864.168116
curiosity,0.08413223887,54008.1321795
let,0.0843072788568,2661.11232204
applied,0.0844684401617,54625.8220525
affection,0.0845402526397,19364.9454501
was-confused,0.0864355106896,141077.230819
seemed,0.0873648978546,2657.62804664
was-suggested,0.0881597516502,73188.9904582
eyebrows,0.0889722438804,42191.1441601
lodgings,0.0893311246709,115618.359678
behaved,0.0901139935491,109681.004999
recollect,0.0906083138572,81901.7292521
distress,0.0909777025569,14188.9335055
taught,0.0919020354119,8753.26886218
shot,0.092419442824,6671.90376881
devotion,0.0924310216602,54923.1991505
papa,0.0925424216077,9117.84782089
opponent,0.0926189175817,397041.940857
was-welcome,0.0928059743195,72363.2616374
looking,0.0933943046412,6595.35628187
volunteered,0.09524253623,177937.363316
interests,0.0969853088637,22544.7318592
depart,0.09740388019,106367.745654
wait,0.0979784353673,14979.8650282
try,0.098471080968,11692.624061
finds,0.0985160273225,10173.948529
emotion,0.0996027270918,63118.3758167
was-interrupted,0.0996359290819,32787.2291959
old,0.100588119489,8199.80864829
break,0.100679060183,85796.43159
custom,0.104572571567,175212.36786
was-thrown,0.106695851241,42791.6297932
was-round,0.107358644356,264069.368259
cigarette,0.108540095196,50632.2936583
order,0.109197915706,39455.0746528
throw,0.10973852361,134936.417203
prevent,0.109813626913,86967.9244726
was-agitated,0.11031905845,87630.3401488
trouble,0.111265290777,30332.2304523
writes,0.112109579256,21777.2402487
wished,0.1124718468,3965.86421962
needs,0.113601243088,34038.4799795
bore,0.114261336495,19776.1351072
'd,0.11574700514,19324.8394909
was-walked,0.115820745328,452773.638738
poor,0.116050727704,402897.137351
visitor,0.116059949948,25230.59447
promised,0.116425083276,6724.25169834
quitted,0.116942463477,20729.4106599
hard,0.117021331523,76778.6583502
sing,0.117988532807,68846.7565004
was-need,0.118014560957,41943.8426643
short,0.118709833375,203984.151548
consulted,0.119344703851,237711.081176
accept,0.120039179756,52131.0603019
ignorant,0.120492861596,37549.3881728
getting,0.120787017674,11429.5502279
was-taught,0.121393942521,15992.9758236
cottage,0.12174670052,12072.1386139
manage,0.122314902489,45122.3000824
changed,0.122421227507,27047.4578998
grabbed,0.122516464776,17430.7390828
money,0.122546507627,12918.9272448
bounded,0.122631970071,62296.1885195
recalled,0.122910263678,42543.8966111
talents,0.123048741638,38279.9358187
times,0.123630908456,55220.916474
sang,0.123758064021,52614.1303106
meditations,0.123834274574,399251.697562
qualities,0.124386880418,450931.566085
god,0.124448015473,54080.8810991
was-remembered,0.124714062461,26437.8214848
class,0.125044653454,108900.959534
was-saved,0.125303302103,79795.0490387
spared,0.126056102648,63941.183693
was-born,0.12615773996,12942.9091302
poured,0.126205324566,32759.0024524
was-restored,0.126662642685,221334.502489
service,0.128160476298,19279.9153895
was-summoned,0.12915997594,38887.4538687
affected,0.129269758542,40035.305296
progress,0.129907263968,65953.1581269
cousin,0.130443121879,3918.64107983
elbow,0.130584917283,23290.7189841
apologised,0.131297357929,140345.079554
cries,0.131434357626,20665.0132323
divined,0.132818858999,117331.391823
expect,0.132914797355,30914.2734923
shoes,0.132920916267,14653.0734284
was-chosen,0.133214119261,81562.91302
danger,0.134818268553,146815.368371
fear,0.135137961983,23126.9255141
trembled,0.136393624509,51468.8166601
persuaded,0.136907155832,31778.5352196
meeting,0.13855481368,180826.216213
ancestors,0.140385106301,390789.414451
was-mean,0.140729990894,42366.706969
accompany,0.141429028045,63739.5074409
passing,0.141435002557,117513.20745
sensible,0.142749922373,84837.0576805
trusted,0.142838083951,47108.165341
anxious,0.143802406151,14469.8192036
was-say,0.144181435983,125153.640662
was-taken,0.144531803044,10682.6554416
garments,0.144642043426,136336.154823
reflected,0.146976773428,59702.539733
seeking,0.146993753299,259330.23084
counsel,0.14702921674,189684.688542
was-greet,0.147845965878,129169.834071
partner,0.148056235839,19415.8027765
tones,0.149758504123,54896.0085226
ate,0.149858042072,46203.4739605
was-assure,0.149991697476,36706.8692546
sped,0.150880727433,219928.102237
last,0.15220376973,41490.6399018
was-observed,0.153049603286,20621.4724027
situation,0.153325595989,14189.9924108
arrive,0.153716853781,86886.0475137
was-overcome,0.153817840142,50727.5947608
was-adored,0.153873211996,55700.1931832
moved,0.154392561553,8762.41860108
impulse,0.154439997776,152092.015279
was-giving,0.154614564508,242671.865402
tenderness,0.15500988841,399844.285937
was-know,0.155117010785,5573.65631557
exhibited,0.155208806698,63922.2251638
was-remind,0.155609215167,99818.0691068
was-hate,0.155709748584,45370.1628014
change,0.156480839611,50103.6219167
shy,0.156826362287,134284.853344
gives,0.156856112888,44728.0050602
interference,0.158167171323,71483.7809305
was-helping,0.158655694059,97686.3486292
reverie,0.159665524182,75553.8448657
surprised,0.159704831538,33595.6542367
concealed,0.160404003676,79751.1615072
settled,0.164436556994,42027.4709818
was-disappointed,0.165773544735,35606.0225771
spread,0.166014364672,54500.3788131
company,0.166552402991,34505.4059271
reason,0.166754969714,62527.6084008
dwelling,0.167251071099,63017.8387055
was-placed,0.168091270717,15444.4789631
absence,0.168406727423,16264.9550513
estimation,0.169392475622,168001.626602
shaking,0.169659200556,78795.3122648
whole,0.169926180451,271737.949576
bid,0.170321517533,125044.240728
repeat,0.170572449341,357004.015257
preparing,0.170628496845,85729.5965565
refuse,0.171409627029,113450.848857
was-asking,0.172265935659,41145.3459093
travelled,0.174717609548,89952.8358543
disappeared,0.174779421857,20629.4346109
bound,0.175158176868,98340.6455904
was-brought,0.1753206864,8893.45959557
repented,0.176016498641,268504.890605
living,0.176327450417,29413.6436434
confessed,0.177505253151,47151.4113307
yawned,0.177889373685,29848.3188067
keeping,0.179468428881,58745.6359328
kept,0.180977443433,7010.94191683
slipped,0.181130798804,15649.8869369
was-ask,0.182841179795,6435.2362358
inclination,0.183103212418,258890.839599
write,0.185238163385,25954.7863726
was-warned,0.185957220726,45176.8456872
mean,0.187707422721,32640.6431882
resolved,0.188887068447,22759.9786085
was-question,0.189893986768,376625.12226
making,0.190525051146,16968.0299543
silence,0.190783192928,134938.85636
guard,0.192060013729,51309.3870871
hurt,0.192772227474,101420.177854
action,0.193112942301,1327715.50846
friends,0.194674685347,4183.84512848
produced,0.196827084053,61124.6204575
intent,0.197076591629,165851.455831
was-affect,0.197433832261,4586836.93708
heard,0.199508271053,3176.09747874
collected,0.203783460651,73582.4559401
pretended,0.20538603131,201128.280083
cut,0.207245491768,21187.6950272
bending,0.207405137275,194727.805216
suggestion,0.207520031102,227081.71834
^,0.207757076793,136488.852189
trust,0.208335281535,65564.936483
protested,0.209737897771,65547.3468027
call,0.209769212504,20221.054449
wake,0.210544240694,92002.25206
stuck,0.211020887298,770782.63588
virtues,0.211339757484,62943.0096521
ring,0.211949329786,59193.4445768
ride,0.213386425879,69131.7294509
confidence,0.213939152731,68683.625212
appealed,0.214034124458,137216.458609
requested,0.214947410952,43836.2033457
satisfaction,0.215744199731,95952.8468892
gloves,0.218315092376,296543.697337
breakfast,0.2188246248,60597.3396348
content,0.218909328592,126986.694029
was-troubled,0.219485543476,184087.844578
attendance,0.220902536423,122920.950632
bones,0.221508246804,270664.54708
palm,0.221837314174,149373.048065
stomach,0.222215454352,69396.2701963
appetite,0.222582776569,226385.046994
was-encouraged,0.222833879207,517526.611609
commented,0.226003069565,63554.25062
agitation,0.227474727419,118626.949349
shadow,0.227856367214,479810.729199
was-suspect,0.22860567846,105185.653823
regret,0.229648313907,119312.025879
was-gasped,0.22985216322,155240.051245
toes,0.232061128219,611460.152266
passed,0.232085183684,10066.9980078
health,0.234814294214,16202.3815142
sat,0.234870529559,3719.64095156
was-admired,0.234927924588,138724.792619
rooms,0.235130198694,106995.216815
attire,0.235463139336,235792.395841
live,0.236036002782,19144.8112418
was-teach,0.237023495612,236060.364317
sons,0.238910885109,30353.6813572
treasure,0.239566183387,254488.617014
instructions,0.240515440501,270880.537974
broken,0.242013263273,157378.838219
bearing,0.24296647398,1086027.45543
observe,0.243814026027,173766.473594
esteem,0.244233742385,138811.34338
termed,0.246056320821,132289.992183
replaced,0.247974853561,7243336.50083
fly,0.249449734638,349506.088535
inquiries,0.249801977441,46680.721599
lie,0.250741885897,95254.7501971
added,0.251070346405,4456.35863358
food,0.251416658487,243707.461962
was-implored,0.252526930166,279400.407527
resources,0.254237914327,634874.57274
sentence,0.258140009623,96190.9458121
misery,0.259176465445,146097.509541
was-carrying,0.259353413605,744031.457024
giving,0.25940879369,111639.308998
knees,0.259652745877,22690.010776
complained,0.260125968279,51752.0739958
circumstances,0.260363183942,277079.60809
suggested,0.261378628981,21711.9385275
smiling,0.261835822912,53082.6208023
work,0.262318662448,9889.001514
entertained,0.263669716287,114770.955291
was-advised,0.264296397975,35450.2877033
was-left,0.266927579102,8129.88975312
paused,0.26719623245,12318.2007902
went,0.268255931343,1801.34866086
reply,0.268707255499,42659.02689
was-conveyed,0.268900636746,1509887.05867
shone,0.269227628316,124035.027104
intend,0.270328477967,333759.537339
tastes,0.271000242553,503816.052103
charge,0.271334696842,34869.4910486
sufferings,0.271935803841,225278.455268
comment,0.272274862693,932495.132311
receive,0.272396132208,75971.8544218
round,0.272883840841,48946.0539847
embarrassed,0.275043422741,357216.278648
guilty,0.276411873168,249088.016961
inclined,0.276413126722,2131736.75954
guest,0.277313110347,35547.5915746
finding,0.278182785111,137687.729588
bent,0.278746155944,113637.260556
was-offended,0.280035682668,60517.2879002
palms,0.280600029552,259265.073746
was-helped,0.281000502378,62159.9709873
fall,0.281092606594,54861.0526469
wanted,0.281752566541,5102.69496937
future,0.281966166373,126291.416902
laugh,0.282294998103,54013.3263213
wants,0.283645302977,9668.15933286
encouraged,0.28647051695,103700.876294
was-getting,0.287866371479,557957.185801
misfortunes,0.288621025776,140074.386629
charm,0.288625871636,411114.264082
taste,0.288700102076,51563.8390419
was-suited,0.289454436085,74005.651516
temples,0.289465041769,136932.219863
holds,0.290044745826,81227.1193769
was-prepared,0.290739162281,62973.3831938
hearing,0.292360738826,105770.65168
was-oppressed,0.293097073882,719096.08199
was-awakened,0.29318844557,213862.772608
was-frightened,0.294501185023,103256.327449
hurried,0.294886295156,44232.1179302
hope,0.295554551272,48841.7697098
gratitude,0.296942684946,100587.723499
was-reminded,0.298540990662,58440.1333712
glanced,0.299020608499,17353.5037825
chooses,0.300482652722,134470.087951
considered,0.30217368174,24140.3188282
teach,0.302786085088,1741388.91405
reminded,0.303408728084,108972.499763
crouched,0.303762908683,156901.66336
behalf,0.303854651397,422254.097938
smoothed,0.306034753896,1113377.39571
approve,0.30606710548,411188.386618
join,0.307171525877,188379.589183
book,0.3077223893,22932.2453964
art,0.307782945579,348313.625748
ways,0.308925473868,92526.5810884
pulses,0.309082938795,728972.577292
sensations,0.309923714409,752866.291183
insist,0.310033311479,1224350.40676
grown,0.310105556068,88139.7046881
was-help,0.311435595234,36798.4397295
thankful,0.313228987592,230614.921932
hate,0.31704973021,666800.805217
pulse,0.317340353598,307845.114684
engagement,0.318653212556,87401.6571648
afraid,0.321327909803,22281.0092376
body,0.32244757148,11773.243979
was-satisfy,0.322809460051,385855.98133
influence,0.323563068984,53995.5546226
was-protect,0.3238293755,535475.379072
refusal,0.32555167887,146485.647785
was-engaged,0.32633716718,41170.7117581
blame,0.326777230932,684998.222555
wiped,0.327236731891,98218.856123
was-spared,0.328616748783,255024.877715
ridden,0.328915486831,621869.222472
indignation,0.329615160412,198976.298648
tasted,0.32991764592,440438.390735
act,0.33155348246,65908.2006354
notice,0.332510042298,94072.1901297
was,0.332511830793,1150.42988011
run,0.332799052474,33818.0648682
alarmed,0.333631267583,1561264.74627
stated,0.334175026032,122145.510649
horror,0.33514055024,547530.745
apartments,0.336773783106,76751.7892891
listen,0.337116758174,135453.150845
demeanour,0.337356219082,184432.729805
scorn,0.33775036264,168206.031398
was-console,0.337790825767,286001.15855
member,0.337873972926,849927.644394
prevented,0.338083775582,105315.704082
was-visit,0.338938965772,22501.7628795
gave,0.339661845569,5067.79396663
was-afforded,0.340250468105,192216.90568
hinted,0.341176373387,97001.0644305
forced,0.341280286214,283904.903367
beheld,0.344513198814,52278.2490885
was-pressed,0.344896957928,113338.067588
shuddered,0.346132660221,139750.900493
acceptance,0.346780838892,915966.320283
says,0.348136216343,1029.81862245
story,0.349568012788,25907.5802995
stared,0.349596551456,37224.4515755
confided,0.350120649178,436704.29026
loss,0.351952621622,99152.8304951
pillow,0.352211224962,133935.542152
was-threw,0.352611869997,489558.162715
makes,0.3527965055,60147.1574945
remember,0.353061214151,29048.4886315
wishes,0.353309320609,41515.4958103
woke,0.353802411143,202865.971788
slip,0.354132645968,300176.738536
was-obliged,0.354574945189,37449.9145761
close,0.355064577183,89104.627407
learning,0.355417545778,816705.772938
ceased,0.355956687725,48158.1509572
was-provoked,0.35768027858,2001101.33844
was-permitted,0.357709875138,115584.915784
cross,0.361210634984,258987.628359
was-astonished,0.362529106156,221040.726059
thinks,0.362618328612,16675.6070735
was-wrapped,0.363732867483,569278.825912
cast,0.365422656191,72559.5780956
disappointed,0.365647537321,170429.133131
birth,0.366105839463,107281.011476
dragged,0.366291890876,116550.984381
mention,0.366692483173,122136.949281
slow,0.367356434991,337867.400326
relative,0.36897295533,2677339.5888
efforts,0.370702949104,93383.488997
scheme,0.371185038096,125168.795219
was-strike,0.371717686078,348249.853838
stole,0.371866358705,78976.378735
anger,0.372519784047,142911.612642
exposed,0.373103583595,197176.016462
yielded,0.373993860046,186213.690257
sensed,0.374209313166,413317.956561
was-seated,0.374403799948,79235.4039755
box,0.374945372999,80940.1742339
smile,0.375029487069,36306.5475742
was-tired,0.375601513602,185092.980023
chanced,0.375796406835,392304.428107
was-blinded,0.37628787825,274667.674329
swayed,0.376432306021,1884946.82379
shown,0.376931838886,82783.0011687
lifted,0.377629622591,33235.8364396
aid,0.378002991533,214783.253282
ended,0.378358249909,230066.858885
evinced,0.378606439762,1456434.84407
was-written,0.380346221599,629581.776806
information,0.381222651183,397774.165809
save,0.382316768595,122409.544907
was-possessed,0.382346114383,174848.319541
panted,0.382638774536,1262675.69335
task,0.383022672822,218935.100205
project,0.383693209307,117338.770443
was-occupied,0.383744794059,158816.867595
folly,0.38490317641,111068.43637
tore,0.385778275128,269720.188155
tired,0.386137726866,259874.127123
dressed,0.388056274654,73315.1048015
set,0.38838865921,17040.1189374
rang,0.390788938512,148515.20325
caresses,0.392673087284,468996.080991
gone,0.392917821594,8720.15005907
better,0.394201028082,87386.1523567
declared,0.394909578421,27723.4633099
pause,0.395364678939,841752.82229
was-induce,0.395455479484,141450.395637
had,0.395609128986,937.638374439
holding,0.397059300699,76235.38783
freedom,0.397065202774,82045.1585906
marriage,0.397985366508,20337.6009629
was-known,0.398754615329,40381.2302443
was-admire,0.39974514845,159203.12548
talked,0.399844763257,24968.2952959
conceal,0.399912008732,279825.222926
senses,0.400373066531,82827.1775458
please,0.402088844749,76464.3430632
secret,0.402131535151,148442.208009
fault,0.402365948758,92790.3633956
easy,0.402461204645,181838.780843
considering,0.402992000691,319666.233958
ideas,0.406894437506,63486.7690841
due,0.407716203728,509957.839845
snatched,0.409467924981,305704.269161
was-won,0.410519164629,766319.573595
was-blame,0.41065211982,260506.333489
air,0.410707341601,157158.011208
was-murmured,0.411337728924,226802.232983
cares,0.41199918493,297281.734042
ones,0.416135208409,194556.216457
attempted,0.416723664425,117450.693002
table,0.417548802003,80413.366385
permission,0.417848158719,370647.970406
unconscious,0.41924660978,614580.948135
begged,0.423514098713,31569.3266461
consent,0.425573000474,64991.6274494
was-assisted,0.426835153671,201657.925131
was-been,0.427423842056,1988477.66975
put,0.427693890553,7572.35900925
questions,0.428380451385,233057.587895
corrected,0.42860228946,426726.950673
inspired,0.428951461717,182946.378819
fancied,0.429219459391,93925.8215866
keeps,0.43036550482,158249.942409
spoiled,0.431123976927,491762.948815
retreated,0.431229647361,124304.295836
was-deserted,0.433650138531,248598.341463
was-lose,0.434531103278,180168.006665
request,0.43469781593,105869.617329
was-understood,0.439944596409,273798.353846
question,0.440912939217,50523.7640196
enjoyed,0.442464576238,44040.5815056
was-perceived,0.443054172647,546888.928689
complexion,0.443706310206,232382.292587
agony,0.445533060742,688832.446638
buy,0.446786214747,192529.470516
neighbour,0.447240018931,71468.8865708
venture,0.447281006723,142997.461369
was-named,0.447619683045,152279.358146
was-regard,0.447868416692,2372703.45349
mourned,0.447873138962,482358.30263
purpose,0.448485736893,292688.813844
countenance,0.451716108842,32146.3636206
resolution,0.451921455999,253847.674441
longing,0.452067006755,3144701.20017
was-lifted,0.452346911104,286004.604021
days,0.453682524073,64046.0428808
witnessed,0.455107903901,280053.849331
alluded,0.456245445999,3890990.75029
treasures,0.457081782755,184771.284025
bad,0.458133650255,164026.033989
dignity,0.460125488246,257874.03148
was-absorbed,0.460288979867,245769.431728
dying,0.462092514761,114468.591384
invitation,0.464176104398,289541.49062
was-persuade,0.464836714869,163615.693337
was-amazed,0.465453989346,662641.5336
hungry,0.465745919276,145071.022744
deceived,0.467058849758,277735.042666
enough,0.467252607155,523290.803218
victim,0.4688596219,167750.453121
remonstrated,0.470509574035,823424.934748
acting,0.470792235302,272814.515291
chin,0.470865002257,51524.1041395
fled,0.47143340456,152923.306199
struggled,0.471526568826,233759.363641
was-take,0.471570553486,20334.1756623
was-approaching,0.472191307628,596783.030488
condition,0.474681699212,91985.5818833
was-paid,0.475119155308,268913.238265
sign,0.476606838579,795845.131568
delight,0.478318870839,158265.268698
miserable,0.478440266286,1822146.01556
judgement,0.479588781488,178812.797468
hated,0.480193423567,47824.4519566
innocence,0.480803482479,325638.900914
relations,0.484430489627,100664.146396
persisted,0.484751405684,131751.734661
running,0.486592762094,273642.962277
enjoying,0.48693323218,670673.66043
mission,0.487774546118,366463.373881
system,0.490629378,335899.294487
crept,0.492143403089,418232.391044
sink,0.492433960263,294004.466372
adored,0.492448834171,170047.605998
laughter,0.495503680041,192322.53198
figure,0.49563736957,50552.7239228
lord,0.497326431846,30513.3381398
expressions,0.497965104513,4359288.44961
turning,0.498850474013,155251.728391
fit,0.500241765916,20895.302089
miss,0.501308313013,109817.135258
grateful,0.502540689081,314026.486724
suffered,0.502695661036,82172.0565425
help,0.503405736308,23760.8054801
prayed,0.506034873503,136821.17242
was-beheld,0.506570655128,353256.343082
ask,0.5091340368,65755.3738362
language,0.510093603095,165482.183142
arose,0.510832081195,62843.3738822
possess,0.512813066614,87150.9553401
laughing,0.515226873179,180340.487667
kiss,0.516209535309,867938.723794
cease,0.519306064513,305370.934649
know,0.51939040228,10471.8243261
bed,0.521269063032,23416.4462743
was-carried,0.52180404602,98300.3829921
desire,0.523267152806,82396.5517256
nails,0.526070700231,1024804.03979
clever,0.526187646727,99991.6867271
annoyed,0.526686218873,340055.242741
skill,0.526714841936,213780.059064
was-startled,0.527104377292,187425.206254
was-'m,0.529353984311,212768.454176
was-amuse,0.530026228796,213240.039705
profile,0.530621204711,233961.29499
declined,0.532555408534,118687.983325
gets,0.532944634202,61770.3900006
was-grieved,0.534304990464,827854.654324
possessions,0.534755225864,549503.815207
committed,0.536232171209,152520.127279
dreaded,0.538330219153,197429.724222
admitted,0.539768155449,90230.6209515
pupils,0.539835981285,131346.488813
drank,0.54670706168,103269.797623
listening,0.546828194104,243846.028516
vision,0.547960359877,739338.966079
entreated,0.554609453701,267921.254458
was-questioned,0.555786942485,496413.41188
was-soothed,0.555804987334,1031213.21538
was-touch,0.556020799297,2023694.19652
dance,0.556344340593,283758.524855
fancy,0.556532838196,179494.640396
related,0.557692279478,148872.973872
gaze,0.560525078898,151169.72682
takes,0.562193537245,50834.4865858
sisters,0.563845716382,68472.0789795
rising,0.565396455256,364979.303019
was-warn,0.565935388641,758893.775889
flattered,0.566076819167,525191.013385
was-mentioned,0.566710776764,301542.236898
agreed,0.566888384727,57615.792011
was-sending,0.568385924264,199983.420118
powers,0.568787599164,104026.04887
partiality,0.569296772635,1122447.7957
indifferent,0.573183543538,805795.261623
was-announced,0.575132898271,192895.914735
dashed,0.576938087742,396051.850374
sort,0.580554296919,150893.70653
was-leaving,0.581991412379,77352.6891096
was-exclaimed,0.583596355909,19007.4971204
chair,0.584570592458,25960.0751526
was-showed,0.584759855691,269404.237782
pleases,0.585438907878,494079.733404
was-treat,0.586395440195,607903.214167
answered,0.586743129928,13666.6975675
was-address,0.587880544621,297280.365651
hours,0.588570145807,451101.236396
regretted,0.590420698499,218621.487277
was-whispered,0.590585606438,85758.6594445
intellect,0.590750640448,1811966.02879
breathed,0.591042304618,107641.24077
preference,0.59116146177,1422299.97044
bible,0.594493791039,107742.389646
asserted,0.597326228729,108695.350118
was-telling,0.60145675265,89219.6524339
evening,0.602186167738,128540.613762
train,0.602735593897,361027.761454
sank,0.603670590283,130605.685233
learned,0.605197148742,39241.4883652
strove,0.606486133503,340978.390104
indicated,0.606638969898,300779.895271
s,0.607494381401,19741.993049
bedside,0.608779527849,130944.226726
laughed,0.611279907198,18120.2493693
bit,0.612646781956,126815.787382
was-supported,0.614684983441,623683.492829
glad,0.614763373405,38616.3710221
window,0.616326848867,77453.647491
caused,0.61868156947,414043.423678
was-disturbed,0.620167556005,386944.768377
idea,0.621237608828,280459.754651
mused,0.621554175174,838072.124828
destination,0.627542069549,1308642.07813
anticipated,0.629195001082,176498.315966
remarked,0.633455926085,29671.5201406
avoid,0.634091117616,771615.892216
age,0.637174586611,77976.3235721
bring,0.638587794695,34995.4276667
contemplated,0.639021865701,502616.407282
was-caught,0.639273512312,46217.4095715
assented,0.639725592457,613051.859368
catch,0.640127710714,262212.098193
vol,0.641687912646,1469236.40921
submitted,0.643256960626,723742.674413
was-called,0.644241843874,18020.8903949
breath,0.645982402812,82295.4902934
image,0.647011491244,836951.200728
face,0.64805127723,3326.41112735
flushed,0.648073276376,382391.586127
acquaintances,0.649365092871,157987.368584
prayers,0.651080871574,240346.80619
was-reassured,0.652831487363,686546.051482
motives,0.653264316067,740002.634974
coloured,0.653603641071,462748.354432
acknowledged,0.654049366371,252456.40175
brothers,0.654083329786,69171.8366965
faith,0.655025374173,147738.525454
worn,0.658942333841,317124.164167
indulge,0.659089311318,2002414.60373
history,0.659479755705,93138.2427549
clasped,0.659664337998,182059.774271
grief,0.660161426136,146306.435629
pain,0.660861482779,323533.556754
regained,0.661306990929,2607067.32532
was-detain,0.661851922804,2133704.84902
gentle,0.663096113692,524385.345612
longed,0.664665446398,99605.6198244
felt,0.665614411652,5073.28426156
disappearance,0.665772242712,2571346.01691
waist,0.666269759961,98745.6670997
resentment,0.667102203972,440050.299812
accepted,0.667808597537,85448.7776846
remark,0.669265031445,152326.878163
trial,0.67027495444,625405.950186
pleased,0.670564710153,67789.8065602
feelings,0.670912968015,31288.4698595
quit,0.671561700655,578618.933443
satisfied,0.671702222169,356449.868637
note,0.672929616371,334786.814402
was-meeting,0.673454309879,467537.332928
was-pushed,0.675352152367,492119.29018
was-joined,0.675759369426,147876.109059
was-dressed,0.676154294055,108118.706005
movement,0.676614082854,2578588.93924
aim,0.67788556347,1485004.27856
proud,0.678976406194,159938.481044
was-fascinated,0.679317500068,435751.742942
wrapped,0.682228873073,2785609.09017
opened,0.682514681038,18298.4148225
murmured,0.683831470524,81929.6285603
object,0.684637444792,125981.122937
retained,0.686262653511,285509.815637
was-added,0.687983384099,36937.1818505
intelligence,0.688905208372,360066.319813
realised,0.689854341547,241967.076097
hide,0.690761368785,300483.221182
education,0.694031251737,114594.467864
grave,0.69459125479,97753.8490931
half,0.695133934611,158244.848147
reflection,0.69561431149,2242246.86249
finish,0.695895620739,639457.615583
was-reassure,0.698000561996,3793389.46754
looked,0.6983763996,4944.08114288
was-interrupting,0.699335827222,416179.907063
remembrance,0.700521997969,687003.08514
was-hurt,0.700800371644,103295.965485
darling,0.701515523597,130585.321577
flesh,0.702697504463,119275.970645
stir,0.703610921806,320718.285938
weary,0.704570412472,192813.904162
developed,0.70514248601,202554.269284
echoed,0.70781429173,1208807.03957
deep,0.707920614545,324640.848915
bedroom,0.708625464267,211974.831626
displeased,0.710204201013,404579.424718
acquaintance,0.710220264353,84920.9314088
toilet,0.710859426711,5090659.50582
rolled,0.713186700379,384887.37729
contempt,0.715861976034,719153.281183
suffer,0.716828861727,116542.711781
see,0.717752208182,14393.9763901
jealousy,0.719255102006,224526.258637
was-excited,0.719392682,622430.162828
safe,0.719587702202,180968.302098
turns,0.719725274413,143121.924963
was-done,0.720058838411,102164.218901
tied,0.720727787021,854460.882953
preserved,0.722150858954,402553.876063
pull,0.725777483243,494710.467599
haste,0.725865472961,1800979.00621
fastened,0.728237987034,1329664.31346
hour,0.730050392188,239196.830877
tall,0.730917093329,284299.61507
peace,0.733112655528,528317.91268
eyelids,0.734851769218,290881.610758
sure,0.740258425384,32837.4899938
conviction,0.740289668481,508015.548239
was-drew,0.74111915812,126614.418094
sick,0.744615415098,412064.980024
locked,0.745722782596,2058478.21713
asks,0.748102066752,87487.1064696
forgive,0.751070658116,312846.046647
recovered,0.751135612937,107988.195907
silent,0.752347135294,108801.572133
guests,0.752832638161,58570.9456904
whisper,0.753136942263,997613.276373
was-eyed,0.755499407734,611741.706412
candle,0.756175399818,1098443.82206
weakness,0.756782198558,370520.249193
disposed,0.756868542899,1369292.96676
forgotten,0.756881521689,70419.0169473
feel,0.757641245191,30382.1707307
retired,0.759920314441,101208.94648
music,0.760450387803,517414.05019
was-desired,0.761717578739,403100.790649
pride,0.762461183154,107415.782551
endeavoured,0.763847829675,138054.182854
own,0.764041195365,15974.0128846
was-began,0.76501560365,257336.231659
praise,0.766417871584,493625.597459
state,0.76712583904,127230.077045
was-supposed,0.767684679988,341840.341623
stories,0.767983401403,267077.04507
spend,0.768101810039,206922.500261
was-beat,0.768714481447,378503.178242
alarm,0.770071783811,385265.752264
kindness,0.770218141202,167806.810775
right,0.770762368302,79734.524866
was-sighed,0.771070756011,281637.877167
experienced,0.771770706516,244621.578948
young,0.773860283451,52495.157533
ventured,0.77405508931,184361.773324
wrote,0.782344039549,27986.679301
was-persisted,0.787507045623,465534.065966
need,0.789450119764,135877.93988
destiny,0.792216414352,771064.349456
was-took,0.792911627861,44777.8387481
trembling,0.795055875365,683401.253651
overheard,0.796722887913,818992.711047
unwilling,0.796854286624,522036.865741
little,0.79872632897,299645.976412
noticed,0.799184912786,96999.6625212
was-reconciled,0.800860331628,1223742.04243
washed,0.804559330344,655610.669642
handsome,0.804996295271,230167.393186
recall,0.805240143779,768665.00941
shrink,0.805688281658,313429.456813
gift,0.805814174575,1087105.06642
angel,0.807111415589,736666.977514
decide,0.807317047397,299288.754792
breathe,0.808073836259,520713.270962
patience,0.808873688234,339979.996138
was-has,0.81024597706,258672.249082
skirts,0.811406287663,400096.123097
hates,0.811463554513,290153.921529
resolve,0.811956680977,7411425.30213
rallied,0.812330082181,870386.454322
was-comfort,0.815671184212,600075.910497
sorrows,0.815701736748,828806.267983
arranged,0.816305861498,248015.859908
undertook,0.819189122475,1388501.54531
credit,0.819993149105,247293.108551
all,0.820030986171,221290.654128
treat,0.822673078428,820994.696527
conversation,0.825278835252,126720.871484
pleaded,0.830275025257,596555.686895
blushed,0.830862896747,134410.50978
endeavours,0.831435778754,153225.807981
sniffed,0.831756542831,239094.005127
tried,0.831936772684,26856.7610152
was-drawn,0.833061589715,504463.536225
lonely,0.835955199729,186407.237134
awakened,0.836028995038,541020.040304
spare,0.837715163838,415239.842425
possessed,0.837954365807,79169.153528
school,0.838294616005,13223.9849099
was-recovered,0.83933665368,714924.364054
likes,0.843508013344,64350.8662583
less,0.844036518163,2161101.06183
was-look,0.84699652745,922783.013611
understanding,0.848055919919,930154.005746
reach,0.848268207269,246558.196081
resented,0.853949764796,1120593.78954
case,0.854405401058,211184.683994
claims,0.856104789931,885829.338166
being,0.8599767292,354607.7397
shoulders,0.861809525472,60071.6503973
day,0.862210087733,94188.1513555
busy,0.862851865841,114562.759009
feet,0.864145908157,23215.3273945
comprehended,0.86461049848,1939951.95102
pleasure,0.866278365075,304296.978427
ready,0.867617724715,100638.323694
rejoined,0.868225317149,281428.314872
attendants,0.868935706151,515980.622282
was-handed,0.870088502099,520236.800924
secure,0.872702761702,418249.169774
rose,0.874767235472,47695.3057718
wondered,0.875932554203,114513.63343
stayed,0.877027809075,152423.342162
accomplished,0.87781436128,728027.382317
was-overwhelmed,0.878301287174,776467.225529
sympathy,0.879849019064,371787.946123
discussed,0.879875233829,4490410.04129
shed,0.880213653188,751734.122558
was-fetch,0.880544940571,397240.694379
permit,0.881926205488,404889.120013
full,0.883104656766,564412.679028
was-kissing,0.889291993922,591797.671005
admirer,0.890510175433,399367.008585
been,0.892340471407,22751.5428473
nerves,0.895525453288,56750.1769334
swept,0.898656252258,1550551.12725
door,0.901532281372,76599.3824585
remarks,0.90335436111,398697.383367
calm,0.903958230668,189280.447912
pale,0.904940353299,236847.650813
movements,0.907053869658,192443.351048
was-comforted,0.907307164516,349076.117685
sitting,0.911285750157,76248.2848938
brushed,0.911354812748,1035308.91033
tonight,0.911902586288,313051.826194
flew,0.913852654385,151382.49296
responded,0.917158991735,279663.651545
was-retorted,0.917252445205,301220.959469
was-want,0.917362565399,317434.41051
gifts,0.919838922041,467438.197211
folded,0.920763764518,275954.050402
composure,0.921639009799,1379145.98161
patted,0.92673415726,527431.066528
kissed,0.929254537194,183635.666302
lack,0.929512394256,452033.269072
was-attended,0.930713280934,460714.056698
screamed,0.938071017097,355287.041327
was-calling,0.938078248006,263528.913414
dried,0.938681452633,2290456.36013
guardian,0.939932451731,68146.7449106
guess,0.94132192888,758441.285199
mamma,0.941608745444,250880.166239
growing,0.941720934284,278864.417892
reasons,0.943920627386,1496643.30443
anguish,0.943979206847,1034903.02459
was-terrified,0.944371294869,496896.203785
that,0.947101447777,465999.760942
was-embraced,0.949377205003,931186.267776
was-shocked,0.949885830022,291663.299081
insisted,0.951179184032,54963.1644948
cousins,0.952647059249,305565.77391
opportunity,0.953521806746,410216.334608
feeling,0.954574892818,441096.960307
talks,0.960039662357,660236.499428
finished,0.960199294082,104474.452338
care,0.962471836133,61106.9925049
burst,0.962724415695,118253.984766
sunk,0.96311693811,239786.970209
equal,0.963218318121,1382353.30514
light,0.963742967354,429304.290362
invited,0.964053444541,150166.259075
raise,0.965264593534,1781298.66089
father,0.968233805797,4014.09835294
determination,0.969416187413,428193.160083
dwelled,0.970187622051,315022.518097
imagination,0.972581939768,103149.767084
delicacy,0.97489035012,829396.42034
beautiful,0.975368314108,278533.165551
was-replied,0.976757173134,14400.7603604
dressing-room,0.979738661457,1684134.42479
farewell,0.981391405767,419689.021468
allowed,0.982884091021,129360.349598
moods,0.993121746314,920216.040132
home,0.994151211371,27338.8785157
decision,0.998555091243,876073.501162
courage,1.00237480006,581931.189833
was-is,1.00440201041,154639.752613
same,1.00462596874,456616.410138
ill,1.00553869805,684019.790354
crying,1.01399866232,80083.202698
happiness,1.01429802176,203635.106611
consented,1.01608557168,252561.230381
was-silenced,1.01845238094,3011051.65484
hand,1.02007264319,6073.26830618
errand,1.02344067352,571163.726766
begun,1.02752289439,171267.418464
was-said,1.0282654371,372682.679081
ignored,1.02923503158,490021.803505
resisted,1.03022732372,2064979.88768
mind,1.03179228005,13824.8229518
rejected,1.03295639599,1232604.8206
handkerchief,1.0364281382,253998.077167
affections,1.03745100316,263293.215586
truth,1.04110162262,1054798.46229
sad,1.04224419694,956172.478622
announced,1.04590214398,79038.0701971
quoted,1.04925636393,1117431.25117
was-disposed,1.04926965848,1711138.40794
was-invite,1.04964621482,428835.13628
supposed,1.05144816918,165260.08324
blush,1.05360236847,1405079.55942
chamber,1.06279456058,128060.951253
sister-in-law,1.06731729127,257252.77873
one,1.06892599232,132349.612985
recollection,1.06906136697,1098130.79633
sits,1.07023653738,195005.595541
fingers,1.07244383003,48056.8517017
colour,1.08000996793,387942.803325
faltered,1.08735524585,908035.36109
send,1.09183661677,239649.747487
lips,1.09571654864,29608.7702307
was-kissed,1.0967422804,153718.458025
packed,1.10537558622,484006.8608
relief,1.11118330696,926934.311586
assumed,1.11135359178,250972.267327
remained,1.11394210556,124327.465384
was-sought,1.1192730396,508282.488818
night,1.12165147275,361528.560169
reception,1.12996004416,838109.91167
concern,1.13230466311,559917.976547
society,1.13769033369,235698.033894
dropped,1.13792528034,103436.358786
sorrow,1.1510727142,125496.438849
vexation,1.15138141001,7378591.78546
danced,1.15324572921,361959.942977
was-cried,1.1630245139,11542.4837609
wish,1.16429539819,91796.6307525
veil,1.16665918589,789789.771748
quick,1.16743349009,444423.887997
was-treated,1.16748098115,229379.890273
pity,1.16815728563,1493208.18368
was-taking,1.16989041709,270806.919773
has,1.17100269233,11755.7265641
named,1.17163483177,660225.485528
terror,1.17410252316,895308.28473
implored,1.17620364877,592440.511705
was-torn,1.17627872921,5063881.93867
lived,1.17812321459,36964.4947138
gasped,1.17830513957,272295.056275
things,1.17922690942,223566.848818
troubles,1.18381150231,468339.747473
hostess,1.18861183477,421504.022127
parlour,1.19259373193,439831.507724
expected,1.19657640589,88421.8680931
parent,1.19999739098,529220.370864
back,1.20084830021,34516.5714398
grandmother,1.20086869737,129264.929534
was-used,1.202449842,147045.039477
was-drive,1.20411510931,4566123.79525
clung,1.20610956285,202697.661169
voice,1.20849267537,14402.1031275
was-entreated,1.2144435322,1810974.92546
more,1.21751376472,148990.862408
upstairs,1.22172579836,329951.446866
guessed,1.22530781306,533920.20023
nervous,1.2368355999,567106.195836
putting,1.23696661662,645053.827704
thoughts,1.24877085226,44387.4609928
seated,1.25103743128,381829.077095
closed,1.2534253593,121271.398233
fears,1.25568052057,265051.891214
clutched,1.25722557651,2490857.56291
was-awaited,1.25870908696,2273750.92549
niece,1.26047307407,56165.8779022
form,1.26064491121,348279.964843
cried,1.26754379294,19128.570205
finger,1.27380814492,164287.904065
said,1.28280671281,410.558041649
baby,1.28357903324,102612.192843
year,1.28593677173,326991.566559
endeavouring,1.28945001259,1239959.56896
personality,1.29733956998,748279.20931
religion,1.30248320322,1272080.54161
purse,1.30363066717,218366.423711
sobs,1.31735583133,628482.669871
stare,1.32256461379,3807762.47791
wardrobe,1.32512380784,449882.465115
wear,1.32730884712,282545.449088
nodded,1.33504064366,75235.1434984
infant,1.33787388129,379761.545446
think,1.33976768825,37508.5061581
apartment,1.34097786556,52092.9537985
delighted,1.35345489235,247628.069247
was-place,1.35627772556,1086005.49147
account,1.36462155332,118788.94619
ran,1.364741983,44667.6649235
wore,1.37205754898,74788.4652332
head,1.37376098149,9826.91227671
bag,1.37578284052,324793.622326
teacher,1.38559151684,451996.16271
birthday,1.38776185892,273678.985862
creature,1.39452023989,160243.509086
experience,1.39875458676,219557.682569
was-asked,1.41039136325,8848.24080066
carriage,1.43663093052,107914.41531
shrieked,1.43910652328,2123500.6493
style,1.44576605742,554029.551957
wondering,1.44879065588,532986.220575
bosom,1.46019589208,144450.060214
cheek,1.46225673919,107864.753301
smiled,1.46277004945,34833.2092329
morning,1.46373532058,826838.307487
lashes,1.46378080492,1468003.07148
residence,1.46506123136,250607.592858
away,1.46978315554,627205.457778
over,1.47067333368,794814.920265
fainted,1.47151413059,502237.760159
moment,1.4769477366,555943.045393
like,1.47786821794,55322.1413465
smiles,1.48098442599,567952.974202
attendant,1.48669346244,541222.230235
much,1.50683621105,105246.516842
childhood,1.51713857351,379342.074982
again,1.51961289613,685284.599833
person,1.52041946419,73953.274724
something,1.52213701782,877341.103426
around,1.52623555578,649507.927729
-rrb-,1.53236790364,990415.620644
well,1.54045625201,1400097.20935
anything,1.55401877798,1197197.58874
basket,1.57944297566,1052523.69853
so,1.58942081305,384661.285768
was-married,1.59256631393,96160.6584239
covered,1.60021266131,629198.600522
was-miss,1.60415717914,24216.699611
about,1.62383158235,711543.679379
wept,1.62713829494,324265.021971
moaned,1.62819715335,861593.235331
curls,1.65023910407,454060.467199
sobbed,1.65196087558,645647.999432
hands,1.65592689476,21775.242097
thing,1.67038467227,472300.175389
flight,1.67398666684,530187.115213
singing,1.68504012946,733059.687
charms,1.75123228918,681482.916972
off,1.75747936335,826438.041687
whispered,1.7605317889,89472.2130498
sighed,1.76774274918,140674.74386
shivered,1.78344534944,1498927.98562
weeping,1.82844633109,2072449.6734
aunt,1.82871932727,29237.3277031
skirt,1.86599407822,607126.750913
happy,1.87360289736,142306.615598
???,1.93459406555,75230.1974357
up,1.95621643593,716256.799388
spirits,1.99812780338,187765.778856
shawl,2.00007466701,727797.56463
apron,2.07697449406,259811.056984
wearing,2.09923052629,555657.712185
children,2.11224126482,54607.7355487
heart,2.14459410212,20387.3434258
sex,2.14993298515,902889.289117
tears,2.20445073924,285172.84855
lap,2.22261747734,295113.105232
eyes,2.23036154592,10305.4108747
cheeks,2.29395632868,129215.59031
there,2.30196082579,673828.072058
bonnet,2.42364096997,400746.184421
mother,2.44481968328,8956.21557783
now,2.46046390436,1255714.08167
child,2.4824192832,81158.4326725
room,2.49587089099,53585.0449477
down,2.56536744557,11615267.8452
gown,2.61357129715,635981.754462
daughters,2.7553356932,225197.79624
maid,2.78374672981,384225.612696
lover,3.05859864544,230473.107985
hair,3.15397563134,50592.631705
beauty,3.29323135565,276107.229085
dress,3.89820307956,222281.165906
