pocket,-3.76942633698,-200232.71298
horse,-2.97487709881,-100711.174714
sword,-2.71784540482,-608112.200145
beard,-2.3948627067,-349121.039937
gun,-2.26837656749,-532823.417888
was-liked,-2.25987014092,-153208.776326
men,-2.25300595135,-55395.1756311
office,-2.24454781373,-120002.457462
ordered,-2.21941313036,-184791.005959
master,-2.21539314544,-56551.2242271
fellow,-2.07305667382,-313320.475089
shirt,-2.06314667605,-277038.443257
trousers,-2.02492458763,-977613.393501
chest,-1.92521259587,-302350.942777
profession,-1.90843703744,-412941.429052
host,-1.89873470278,-574309.020018
watch,-1.86794472787,-179451.797878
coat,-1.86361872487,-105743.172584
pipe,-1.84380093806,-240439.591995
walked,-1.82652214482,-42813.0683112
won,-1.77284726031,-621776.758059
found,-1.77192597003,-20204.233404
grunted,-1.75646413,-545848.928671
muttered,-1.75513140075,-190071.310496
moustache,-1.75075007683,-1123455.2668
cigar,-1.74876283688,-1950175.39742
wounds,-1.73485211094,-4045467.03608
jacket,-1.73057103394,-560316.168965
growled,-1.72708381252,-402497.30607
heel,-1.66813061664,-10103472.5399
sleeve,-1.65355256211,-459831.118164
boots,-1.64093247754,-181964.035586
thinking,-1.6364891774,-155421.094238
rode,-1.62637446444,-228132.859058
brains,-1.62178636807,-18721099.837
was-pushed,-1.61315459,-314233.709918
was-continued,-1.60357901144,-67455.5520299
shrugged,-1.59558953496,-319869.808753
suit,-1.59438631176,-338257.570439
strode,-1.58519459711,-387761.273495
stock,-1.5803581024,-4419840.05899
riding,-1.57501529554,-473880.755436
quarters,-1.57063677435,-918981.972513
requested,-1.56844514962,-536761.20374
built,-1.56509960043,-1080996.54944
roared,-1.55598064446,-560370.115047
rifle,-1.55163464668,-1568634.73825
hat,-1.54296114823,-62356.6034733
patron,-1.53894211885,-633584.16455
tie,-1.52960049649,-902486.913603
desk,-1.48269763528,-63422.3668721
pay,-1.4721424227,-212703.424103
proceeded,-1.47191340562,-175211.070272
leapt,-1.46056699554,-326313.917504
comrade,-1.46025475423,-364525.455032
pockets,-1.46007152377,-215188.449936
followers,-1.45413714555,-294529.744934
power,-1.44947593659,-190026.563346
fists,-1.44664437663,-596204.476126
skull,-1.44516815928,-2141391.63574
officer,-1.44284859014,-837140.170087
threatened,-1.42586862064,-503337.79911
jaws,-1.40923567712,-6164698.39548
nose,-1.40775658479,-43344.302701
worked,-1.40318362901,-107896.23543
sold,-1.3898603478,-251051.558056
course,-1.38224722185,-497489.955139
pace,-1.37805337554,-790984.967555
claimed,-1.36842676915,-705855.119875
waistcoat,-1.36635285658,-828216.680373
was-ordered,-1.35254352965,-675399.912161
ideas,-1.35242810945,-414737.129133
temper,-1.35105306214,-260684.898737
property,-1.34654709729,-212659.681117
appointment,-1.34632176593,-2245105.89452
took,-1.3387063438,-11015.4729432
secretary,-1.33722850715,-195637.487179
muscles,-1.33632695833,-1733800.51296
scratched,-1.33367423554,-1403687.72374
whistled,-1.33306954906,-2706603.88453
saddle,-1.32733442423,-967554.41672
throat,-1.3263043534,-82164.4512228
partner,-1.31602348266,-355602.476097
adversary,-1.31375702423,-977439.234776
was-invited,-1.31145634786,-212905.32206
whole,-1.3113306792,-1572799.38157
shot,-1.30240114488,-182894.959509
antagonist,-1.29676832357,-1828560.98077
demanded,-1.29503370222,-183327.64604
arrived,-1.28565771861,-53701.6088407
slammed,-1.28408768324,-2520466.37022
order,-1.28012745866,-436983.946732
vowed,-1.27914740521,-314549.315346
carried,-1.27298096994,-74267.818174
hailed,-1.26885137678,-769300.040383
ears,-1.26775432393,-120961.83866
audience,-1.26732369042,-683251.774201
travelled,-1.26441521219,-406702.424639
jerked,-1.26104648964,-729666.77901
scanned,-1.25495406837,-507463.313697
orders,-1.2540077735,-195123.128812
hit,-1.25217599799,-302278.349853
shifted,-1.2482764648,-1225038.13327
drinking,-1.24790595244,-443506.145773
was-called,-1.24665226162,-38026.2315261
was-turn,-1.24660060322,-1183683.15719
brain,-1.24333349273,-131107.762245
was-struck,-1.2431136225,-220391.824841
legs,-1.23678377574,-74706.2457678
rage,-1.23325887865,-1409671.15059
produced,-1.23136473008,-153382.020631
rubbed,-1.23043325539,-438930.092482
absence,-1.22401156439,-207795.548015
was-dismissed,-1.22092571583,-440452.056766
pistol,-1.21947503799,-578654.475703
speaks,-1.21653653494,-375637.955135
was-worried,-1.20993703884,-503429.965329
smoked,-1.20610372985,-601551.154934
was-picked,-1.20429862328,-233213.810672
dog,-1.20425921008,-299856.954667
dined,-1.20271942377,-970356.3405
opponent,-1.20101576988,-1128572.92378
custom,-1.19986946884,-711157.334169
way,-1.1979599297,-20084.0860566
employer,-1.19234788993,-445927.710424
obtained,-1.1877808721,-372049.09521
friend,-1.18773525398,-12021.6708814
dived,-1.18773470809,-19810107.3511
was-put,-1.18762144589,-69557.9141658
was-paid,-1.18239759898,-925916.759935
grinned,-1.17972288745,-115989.64692
undertaken,-1.17853108176,-1939993.97215
devoted,-1.17751045313,-1555054.98556
was-obliged,-1.17454467052,-190084.802775
views,-1.17361709072,-306039.906437
judge,-1.16916034172,-526899.695816
reached,-1.16903916987,-51075.3970936
sought,-1.16746999378,-63448.0612623
comrades,-1.16720662385,-143921.129639
tent,-1.1612375054,-278859.576325
ridden,-1.15891669434,-854261.270049
was-threatened,-1.15366641078,-716420.017487
was-exposed,-1.15110161053,-3031883.42623
reverie,-1.14652245008,-870118.05176
drink,-1.1407292277,-172459.461116
bow,-1.13872104526,-266155.371897
gift,-1.13712138024,-381963.559598
take,-1.13578683691,-27429.1046562
was-resumed,-1.13406798111,-718558.388407
jaw,-1.12854137341,-554440.274918
was-served,-1.1281116726,-429585.422584
troops,-1.12491519166,-198745.24352
fired,-1.12168149521,-379744.588099
report,-1.12013845109,-514584.644271
breakfast,-1.11921169328,-1878921.14214
grabbed,-1.11676893044,-298180.927652
mentioned,-1.11631326531,-101433.745889
claim,-1.11523047478,-352532.019361
soul,-1.11284892779,-42869.2860725
statement,-1.11252927758,-1270624.8098
awoke,-1.1123778764,-318983.197486
licked,-1.11176176704,-1361799.82583
was-arrested,-1.10910458111,-1966478.87417
was-joined,-1.10794092778,-176176.442475
was-looking,-1.09801214595,-1780732.43127
halted,-1.09716273862,-726189.239186
concluded,-1.09593858592,-198375.199794
was-knocked,-1.09560016069,-356094.505444
stepped,-1.09465844493,-70969.2247752
tail,-1.08947550532,-333030.397966
crawled,-1.08124415629,-812820.058367
glasses,-1.08113554458,-314651.813524
thumb,-1.0771655848,-584166.366093
commanded,-1.07608370176,-201396.15246
family,-1.07061247854,-31092.170092
was-drove,-1.06921016822,-400619.207659
pulled,-1.06911867592,-75795.0202963
thanked,-1.06631999419,-434021.843157
overcoat,-1.06254357739,-1352948.26134
was-keep,-1.05804849102,-122785.337911
bowed,-1.0577860514,-138951.835711
pursued,-1.05370269899,-246902.455809
victory,-1.05240443683,-3932735.23626
assisted,-1.05136933577,-334052.095152
cabin,-1.04942127788,-103474.196917
was-help,-1.04661966408,-94488.6722347
pretend,-1.04647030775,-2381087.92788
was-thanked,-1.04581598228,-261891.050488
adventures,-1.04551928425,-646370.388332
steed,-1.04434664659,-1392489.58948
design,-1.04268660259,-588357.363286
carry,-1.04056872032,-297426.097323
estate,-1.03896731339,-362925.58227
was-get,-1.03600601161,-69971.2917367
offered,-1.03563146155,-38845.3811539
was-cut,-1.03449966871,-281334.235375
luck,-1.0308328665,-832690.116432
nephew,-1.03011928237,-88578.5758183
use,-1.02665815409,-226448.293424
papers,-1.02625072693,-1760536.7144
seat,-1.02420512186,-51304.5467957
spend,-1.02307994121,-588405.883753
drawn,-1.0190621768,-333325.848625
think,-1.01892492114,-34795.7979457
calculated,-1.01671105655,-1085523.29628
eaten,-1.01515220589,-1843834.95072
instructed,-1.01398658321,-924183.961264
was-beat,-1.01205373343,-698291.290585
horses,-1.01197904571,-138851.442355
remembered,-1.00785373101,-50085.0973444
determined,-1.00658108588,-104450.253938
talent,-1.00140906495,-651332.531262
thrust,-0.996767383863,-188777.585861
reckoned,-0.996003330965,-749335.36346
arrest,-0.9930371916,-551921.527622
receive,-0.992413645774,-248768.897119
suppose,-0.991586394461,-439223.804549
was-stop,-0.991505640054,-134429.746027
avoided,-0.989859624732,-401673.69296
make,-0.988262070626,-34321.0053689
distinguish,-0.987787397005,-1654621.78996
regret,-0.987717023381,-1419504.78859
was-filled,-0.982123418027,-733827.730916
entered,-0.980030512719,-36672.1083742
saw,-0.979198875288,-8701.37687905
safety,-0.978911672998,-506440.781139
prisoner,-0.978892531218,-901192.595666
was-do,-0.97882696327,-98125.4590527
followed,-0.977254182789,-41480.2186282
stand,-0.976566482218,-127739.072105
pen,-0.976539891709,-376746.843902
ribs,-0.973228895385,-438994.17846
was-wounded,-0.973109655638,-398304.899168
picked,-0.969835166181,-70238.2956492
remarks,-0.969488570688,-420437.071436
cell,-0.968829804734,-327920.379142
opportunity,-0.967276404755,-972524.616961
art,-0.966425281739,-500980.747196
spun,-0.965770925003,-3144148.43808
eyelids,-0.964920165246,-269869.241966
was-sat,-0.964876710112,-208248.876195
ducked,-0.961030957513,-464964.365086
reflections,-0.953933989469,-2994274.44636
was-awakened,-0.953672641428,-1330087.07297
embarrassed,-0.949807503636,-368720.715985
disposition,-0.948794499764,-285327.881592
was-released,-0.948416528585,-1544262.19152
impressed,-0.94561543903,-866008.214705
follow,-0.945421242896,-166252.635286
courage,-0.94513319681,-282409.834926
description,-0.943993959159,-555552.833474
services,-0.942731095885,-427582.453121
likely,-0.941949746246,-493287.941964
enemies,-0.941413874095,-339529.250679
was-nudged,-0.939417526523,-1664742.98659
was-hear,-0.936276946369,-81179.4595376
word,-0.935722528742,-94161.0251627
paced,-0.935542588841,-1057231.79715
paper,-0.935222364472,-251860.702461
tracks,-0.932065768378,-1869781.67892
instinct,-0.929999607798,-1160762.42606
clenched,-0.929691502647,-17272173.6141
explained,-0.929381679188,-42048.3275589
language,-0.929001228341,-166144.652197
eating,-0.928207880804,-1535772.04685
was-laughed,-0.923088945021,-974778.728771
food,-0.92211689653,-600308.667837
knife,-0.921874113719,-96014.4180403
waited,-0.917885530282,-73013.1505146
energies,-0.915914214247,-1231432.39635
was-muttered,-0.912477467928,-181622.530552
steps,-0.910927441818,-172889.735436
affairs,-0.910415703298,-262089.67876
killed,-0.908562746891,-133242.059373
passion,-0.908488695226,-241891.610357
steered,-0.90720029929,-1211410.12808
reach,-0.907135990023,-294246.352908
collar,-0.906951514939,-380324.391841
was-known,-0.906495827174,-92514.081174
kill,-0.902940390644,-718856.932115
people,-0.902854770652,-86095.8127529
fire,-0.902369830129,-504515.131206
was-take,-0.895517519995,-24467.1863587
glared,-0.894939046309,-483451.062957
was-run,-0.894644001494,-2292150.78604
belt,-0.890667846757,-360563.052923
need,-0.888658804947,-144587.196894
sucked,-0.885357347998,-1085889.62828
needed,-0.885099025279,-70673.8021346
class,-0.880641143296,-137053.471418
regained,-0.879301636105,-1399622.34268
collected,-0.878442563806,-330814.010504
aim,-0.876915416211,-396905.537362
adjusted,-0.876392051853,-682081.317599
headed,-0.874547442691,-428041.686791
emerged,-0.873298823037,-793370.722336
was-kept,-0.872205130833,-200425.198471
death,-0.870314481521,-27315.6701654
was-hugged,-0.86938008196,-3259364.41106
neck,-0.867718510069,-37477.0224632
was-hate,-0.866639454348,-338302.536882
failure,-0.861260312002,-528165.17946
marvelled,-0.860145157358,-4297597.10502
attack,-0.860125604394,-2205442.63814
teeth,-0.859428517239,-58013.0791021
tone,-0.857494509223,-78910.4028003
was-sent,-0.856657146583,-59879.3036197
accustomed,-0.855912439719,-531987.918899
leg,-0.853614008663,-203050.947144
paused,-0.853241351266,-43285.1823781
advanced,-0.852531130858,-165018.679707
finished,-0.850983742006,-49170.4708819
surveyed,-0.847966149116,-760491.244767
noted,-0.845723035257,-490316.122963
attacked,-0.845046546284,-668222.632566
approached,-0.844002359239,-88439.0271645
'm,-0.843896140228,-188953.161179
desirous,-0.843885149245,-323729.406936
was-detained,-0.843763103086,-323445.277315
bed,-0.843605645376,-35374.9549116
position,-0.843011159944,-112828.891204
weight,-0.842044273718,-637617.937423
authority,-0.840736250271,-421502.292004
embraced,-0.839903224973,-297768.634621
remarked,-0.837198475194,-84393.3459198
cocked,-0.836008835368,-610229.148973
performed,-0.835860969111,-348978.549324
boat,-0.835164102976,-187434.220881
action,-0.833914404129,-779027.149066
faced,-0.833720668204,-322225.884642
member,-0.833677289485,-316212.917512
chief,-0.833660047404,-1527731.67243
stirred,-0.833621219896,-548967.124549
tell,-0.832964630102,-25463.7831788
sent,-0.831182194162,-26770.9870071
ai,-0.828600554244,-232436.931968
state,-0.828236251955,-159209.17993
yelled,-0.827910222848,-208966.593306
service,-0.827493462376,-187409.098606
touch,-0.827311312698,-412156.99032
was-shaking,-0.825697033305,-802063.977293
studying,-0.825206117489,-5442779.85558
disappointment,-0.825046852903,-271545.256527
palm,-0.824987841905,-504091.844815
was-shot,-0.818414889303,-42085.5410907
success,-0.817925946269,-127638.801521
meal,-0.816637516841,-729893.501677
written,-0.815434394224,-83547.6365718
stool,-0.811466042184,-583340.53243
explain,-0.808718680123,-409122.290676
acquired,-0.808527295717,-260735.8608
shouted,-0.804971367581,-34360.3074141
study,-0.803584020016,-608640.011267
generosity,-0.803336135924,-3760386.33712
keeping,-0.799769677061,-288939.135744
motioned,-0.797615408062,-470078.792562
acquainted,-0.796903050662,-614228.662261
was-hit,-0.795844531265,-107202.347021
crossed,-0.792922064176,-96446.2744232
was-informed,-0.791012411171,-101528.304432
wake,-0.790525203739,-893063.709675
bones,-0.787259310681,-498242.557787
adventure,-0.786519922018,-565184.207077
recognised,-0.786030913838,-88517.8063883
cards,-0.785258596834,-484257.616971
seized,-0.781703977228,-84172.4199965
waved,-0.780653459216,-115567.588795
features,-0.779156893647,-62716.5462064
commenced,-0.778197610818,-217520.169885
obeyed,-0.777465421732,-115186.784063
narrative,-0.77645442831,-467225.14448
was-aid,-0.773588288618,-518492.067316
career,-0.773389550613,-112774.838441
notebook,-0.769819329157,-1521069.12018
exhibited,-0.766994653101,-339194.822461
pick,-0.766936014908,-506704.921717
genius,-0.766392383272,-145882.111704
experienced,-0.765841240035,-374081.358202
resigned,-0.765382053523,-497457.871334
committed,-0.762758786067,-149588.577495
cane,-0.760294468944,-256192.249292
drive,-0.759874882201,-262931.951802
ventured,-0.759089730546,-165752.409075
return,-0.758579057647,-48277.7827577
was-bored,-0.75763922281,-1860684.88816
died,-0.753941025615,-23680.8097099
protection,-0.753794816303,-608652.026382
stomach,-0.753520036081,-112851.611964
palms,-0.753468117331,-507938.5745
possessed,-0.753250791502,-80565.191422
wanted,-0.75289992114,-11331.3657614
glass,-0.75191615035,-88936.2092514
showing,-0.75166289023,-1570342.8506
conduct,-0.749214974814,-75972.8262421
character,-0.747447712791,-41066.0296236
blew,-0.747378368922,-114180.47787
was-received,-0.746043616544,-238633.407222
welcomed,-0.745380859021,-275557.747821
age,-0.744652449849,-64633.0721367
plate,-0.744151780721,-199339.823434
purposes,-0.743608767674,-1226328.35935
books,-0.741167718717,-119509.657826
sentence,-0.740836089596,-935253.444645
pushed,-0.740758214211,-83401.2484521
was-shown,-0.739495297354,-644891.679916
grip,-0.739455248477,-1589519.71931
named,-0.738273571954,-250226.727994
dinner,-0.736490800167,-293218.485613
scrambled,-0.734298765049,-746143.596088
drove,-0.733686505185,-67260.7610602
friends,-0.733591620967,-19782.4588407
wallet,-0.733497163707,-619633.485842
trunk,-0.730942142511,-219248.45842
searched,-0.727472470448,-651423.511277
elbows,-0.727070604432,-269448.288962
intention,-0.726507863929,-108022.23603
encounter,-0.721075026507,-465819.732902
station,-0.720598633544,-156202.163713
endure,-0.720123162184,-328312.028777
fine,-0.715881486738,-168812.176574
ask,-0.71547367882,-59904.0492282
deemed,-0.713227378391,-456834.106087
laboured,-0.712238753894,-352895.999578
act,-0.712005507874,-83466.4378961
was-did,-0.711238582153,-153033.189116
unable,-0.709571860385,-152037.684291
countenance,-0.708415367072,-58397.3436627
was-overtook,-0.70772606217,-554018.406641
successful,-0.707517041536,-334484.98346
enjoy,-0.706714823423,-270821.632331
problems,-0.706244596791,-801802.497265
lawyer,-0.706181003435,-126940.358122
country,-0.705162300887,-83459.8798684
memory,-0.704991457661,-163981.785459
winced,-0.699786227039,-1428741.67354
deceived,-0.699469538622,-402086.612987
was-deceived,-0.699268601005,-116563.830319
lad,-0.699229119435,-192023.948275
help,-0.698525659933,-49136.1786369
gained,-0.694945609116,-226468.285891
recalled,-0.694610393067,-129906.446946
hired,-0.692776863152,-770923.212638
honour,-0.691594980085,-169476.0013
was-knew,-0.69144656326,-74885.1741009
was-killed,-0.690317739215,-38397.6317234
force,-0.689268747878,-362811.431169
repaired,-0.685983234062,-4128037.8296
fight,-0.685494891027,-212040.268032
flashed,-0.685394410078,-379757.835393
line,-0.685361987305,-79048.1833224
notice,-0.683864227681,-320907.574886
shake,-0.682770980768,-324386.806271
quitted,-0.682434732485,-76608.1644562
rest,-0.681212815586,-241856.209406
ashamed,-0.681068608656,-397553.164142
was-ushered,-0.680210657078,-374362.042415
excused,-0.67976323666,-410873.603006
brave,-0.678908946062,-1750730.59263
sees,-0.677141087823,-116636.454724
tired,-0.6765595953,-282871.039871
business,-0.675899870465,-108991.262121
guide,-0.675247007548,-219571.555081
meet,-0.673833796742,-84145.1193283
bound,-0.673017963937,-1137386.58414
respect,-0.671954942233,-249774.148828
companion,-0.670906922921,-22847.2066082
was-accosted,-0.670829897071,-429934.914647
intentions,-0.670175154136,-354304.727211
fortunes,-0.668374552528,-785359.647695
was-beaten,-0.665939786017,-656617.406605
was-cast,-0.665478621453,-541930.565415
prospects,-0.664702715508,-501416.527605
stamped,-0.663964083734,-1159424.52663
slow,-0.663286226278,-440924.764191
was-trusted,-0.662113384755,-230024.800953
was-leading,-0.660782254255,-291410.665504
compelled,-0.659151455436,-459504.005309
blinked,-0.658921082737,-499788.406022
height,-0.658242569698,-540756.402867
was-given,-0.65799459757,-53140.6375334
was-demanded,-0.655885620588,-118598.50199
switched,-0.653198812644,-268193.813141
was-amazed,-0.653085275658,-970807.11285
addressed,-0.652667717867,-124100.816874
mumbled,-0.651591477284,-232362.819245
possessions,-0.651356480676,-628137.656801
worth,-0.651333945535,-174593.81431
drunk,-0.651333141012,-106636.187242
responded,-0.647196669773,-111387.485013
cap,-0.647122164876,-150574.41561
self-possession,-0.64661433048,-995015.298853
labours,-0.646305785851,-207628.917703
struck,-0.64587937629,-169937.912729
was-absorbed,-0.645653838225,-843757.200818
was-entitled,-0.642026923711,-1603283.19457
studied,-0.641023715535,-139408.88365
was-pay,-0.638321931748,-352001.807977
absorbed,-0.638074781613,-788526.048754
removed,-0.636578716662,-141400.975565
lead,-0.635495112507,-415729.640842
find,-0.634251092856,-31588.4247951
attitude,-0.633935583164,-175762.943652
old,-0.633131397087,-121578.461082
supper,-0.632308331365,-771440.010992
mounted,-0.632034441895,-146765.242204
swallowed,-0.631902023266,-193052.231183
has,-0.62993275984,-7905.95752546
borrowed,-0.629270753859,-284608.473049
half,-0.628747566529,-450051.504276
rank,-0.626557889277,-321233.040835
afford,-0.626420347307,-225279.576285
speech,-0.626170859653,-112625.784419
presented,-0.621841489883,-81185.2557252
pronounced,-0.621416867629,-125275.234156
was-waved,-0.62085694617,-945680.860197
strength,-0.620617582823,-106402.271732
passed,-0.62015399693,-14805.1715262
was-charged,-0.619740818167,-214690.186293
accomplished,-0.619657457224,-1023873.02542
was-kill,-0.619450328095,-49028.7480307
heels,-0.618941820862,-119487.694225
was-move,-0.618458558891,-1462118.08169
was-reminding,-0.616190495774,-426893.792002
arrive,-0.615574576134,-619345.595811
years,-0.615227981187,-42256.5305744
stands,-0.614410393219,-172411.045922
grasp,-0.614272511105,-228256.921358
was-need,-0.613415969365,-269485.663808
expense,-0.609766342396,-831329.146661
standing,-0.609263294251,-46433.4246706
pondered,-0.609060133961,-3312683.67984
forced,-0.608684776031,-184617.4581
was-admitted,-0.608362535634,-279697.348644
was-driven,-0.60757527791,-317421.110458
wits,-0.606791309787,-254337.789675
dragged,-0.606750037038,-414131.665785
release,-0.605610094257,-347145.978963
introduced,-0.605033089512,-227919.92479
shoved,-0.603231341812,-439075.244988
was-reassured,-0.602997033631,-204105.649702
was-tired,-0.602570929503,-584851.668054
depart,-0.602095947131,-272018.738297
conscience,-0.601959904338,-175902.488054
allowed,-0.601428718576,-70773.5040679
come,-0.599704180457,-6205.28636595
title,-0.599306211256,-234436.852686
was-has,-0.599222378498,-177725.339401
commands,-0.5968496133,-871152.881533
slid,-0.596119409193,-362803.820967
command,-0.594163788158,-119175.680533
was-gone,-0.5935927949,-33350.94787
luggage,-0.592468121547,-217823.457586
succeeded,-0.59140351038,-89868.0429673
opinion,-0.590985469589,-90402.5941268
interested,-0.590855774632,-67313.4558409
released,-0.590259820981,-499079.917255
relieved,-0.590213084416,-267914.655443
identity,-0.588043184333,-199980.808334
painted,-0.587484367549,-545777.545146
appreciated,-0.583532002547,-520877.355865
turn,-0.583064113389,-36760.0133968
was-fixed,-0.581290749502,-381917.92927
formed,-0.578520861246,-171091.177187
snarled,-0.577518576624,-1024942.31568
practice,-0.575800581941,-1299087.9075
means,-0.574233959532,-53373.3897347
counsel,-0.574193127211,-383164.512501
reassured,-0.573728066736,-3264444.32076
wondered,-0.573315903186,-58538.9947319
footsteps,-0.573231295406,-617977.062532
whirled,-0.572736537355,-569297.152379
account,-0.570619013588,-89149.7326529
head,-0.569732890763,-3055.10459206
stated,-0.569159489786,-75416.3421287
was-offered,-0.568762550671,-224921.74291
noticed,-0.568641145051,-54579.0534276
playing,-0.568605355291,-17522.9104611
hung,-0.568397073592,-87726.3557295
was-hated,-0.56608395551,-289714.366727
questioned,-0.564665799659,-308894.03282
traced,-0.564167719206,-593444.789272
derived,-0.562494955358,-1003874.61257
knuckles,-0.56120822735,-413763.52123
succeed,-0.560026382756,-1333285.73269
appearance,-0.559904676584,-35033.740722
alive,-0.55944944736,-65645.5550349
was-written,-0.558948316435,-308247.837903
weapon,-0.558731441047,-603976.098869
visits,-0.558648425672,-299841.290273
life,-0.558336231261,-9837.24291247
pants,-0.556682553799,-782952.673143
eased,-0.556219384676,-1662454.98167
was-fetch,-0.555423221276,-279761.649284
was-catch,-0.551751458692,-205390.366322
arm,-0.551132009741,-14210.597604
ascended,-0.550215803343,-132349.95031
show,-0.549804276672,-91548.5274112
drop,-0.549359996332,-169336.754781
driving,-0.549068465689,-282683.9397
dipped,-0.548613605626,-3891140.83638
talks,-0.548423008372,-494068.060988
balance,-0.547779207305,-386070.292964
was-pursued,-0.546699228336,-320999.530119
venture,-0.544920943537,-810971.301327
bounded,-0.544556770418,-190455.322303
benefit,-0.543606993158,-536479.160883
day,-0.543260017973,-36672.8982969
witnessed,-0.542370952286,-224286.407921
stranger,-0.541557820595,-1888161.13652
job,-0.540671314016,-111580.425196
unaware,-0.539774946594,-395734.374312
want,-0.538388943524,-15555.0669759
end,-0.537960320034,-138701.71517
suspect,-0.537310888889,-196427.118328
was-advised,-0.536708083528,-257446.724782
clothes,-0.535500019131,-14581.9010505
fought,-0.531892835806,-169262.746413
lies,-0.53022786717,-712089.310691
works,-0.529835974685,-129342.792749
assistant,-0.529709305086,-735099.051797
was-gasped,-0.529380657134,-752545.54555
departure,-0.524529924491,-49646.0188483
was-haunted,-0.524348330521,-259374.137898
strove,-0.52430296818,-97470.0542901
was-set,-0.523843769151,-206271.328523
brows,-0.523563625571,-623158.490532
spat,-0.522979439253,-479002.266697
paid,-0.522660681044,-40491.9593128
reasons,-0.520671726016,-453895.312048
brow,-0.516889747295,-67802.1818313
hugged,-0.516072412715,-860786.990873
was-suffered,-0.515818908925,-275564.273347
was-interrupting,-0.514972226917,-638874.899533
apologised,-0.51406037045,-404409.549937
leave,-0.514053636292,-29289.8318525
becoming,-0.513466706177,-183506.351251
accent,-0.511203026867,-193768.496665
known,-0.511096586482,-36047.5400652
was-stood,-0.510266379489,-197517.457717
dead,-0.509436504674,-19748.1650646
-rrb-,-0.509032053246,-1827.33243148
making,-0.508499019909,-69746.715254
store,-0.507808041733,-20704.7814384
was-reach,-0.507041266621,-227078.494298
endured,-0.506381207412,-811830.416042
was-questioned,-0.506118864666,-203150.757394
guilty,-0.505644495243,-281568.87366
achieved,-0.502225248721,-618262.928132
sound,-0.50121043648,-401693.229069
was-make,-0.501011908836,-80424.5606643
realised,-0.50043810533,-34887.111146
proposed,-0.499644354099,-51718.186698
was-heard,-0.499196465885,-59268.66001
was-following,-0.497748727308,-572094.368274
argued,-0.497649134735,-275541.093155
kindness,-0.49744770164,-118520.654342
sworn,-0.497430700336,-646734.30782
procured,-0.497110325264,-284586.926214
smell,-0.496542855936,-989830.169382
check,-0.496492648612,-310917.863209
devotion,-0.495997374004,-196352.545403
opinions,-0.495693979601,-443211.239776
deny,-0.495446732032,-547551.165486
passage,-0.491894846095,-744947.306442
willing,-0.491301930393,-221191.39549
stick,-0.490170929296,-231932.518422
ride,-0.490084534841,-178214.067457
done,-0.489103230637,-12420.677392
majesty,-0.487773418255,-69990.3398978
figured,-0.487610626466,-327523.099144
guessed,-0.487440209489,-125424.356343
thigh,-0.487236684377,-805443.578838
was-excited,-0.486757533171,-138912.551027
was-stopped,-0.48629035905,-158173.089031
chair,-0.486039636018,-17497.5971161
superior,-0.485215800131,-198720.87781
busy,-0.485153200445,-56932.21107
enemy,-0.484496371695,-91872.3045497
elbow,-0.483762748372,-186202.956417
recollected,-0.483737308515,-292514.73753
full,-0.482103549526,-123520.602207
choked,-0.480683675098,-441517.041005
risen,-0.480409651001,-178150.603455
was-serve,-0.478214994722,-303397.112003
cut,-0.47806095534,-65263.8997847
plans,-0.478059002427,-136333.922485
arrival,-0.47805900092,-102878.498474
backed,-0.477903633603,-329699.001802
land,-0.476735725094,-160749.16223
pull,-0.476093626273,-154546.899302
was-bringing,-0.475883967997,-159649.563788
forgot,-0.474110257363,-52024.2587233
was-embarrassed,-0.474061540128,-965726.162842
music,-0.473888817861,-75860.7497622
purchased,-0.472929013493,-465326.765512
was-forget,-0.472825994132,-87674.1131939
associates,-0.47145941434,-135759.978088
was-join,-0.470917469586,-172490.561338
lowered,-0.469657632517,-163946.184953
was-missed,-0.469459219779,-223905.715411
story,-0.46899381046,-33430.3216625
edged,-0.466729451689,-401360.686158
was-calling,-0.466597769083,-185148.443898
got,-0.466318107061,-5607.97508663
confused,-0.465870140603,-999506.396651
dance,-0.465462608973,-242862.34647
slapped,-0.46504748815,-83171.5941178
travels,-0.463947798536,-118036.721873
assume,-0.460080894701,-832457.474099
wishes,-0.460016067778,-64521.0256215
faculties,-0.459974681911,-229089.681901
kneeling,-0.45867831015,-190760.406625
forehead,-0.457902746045,-27881.1930323
leaves,-0.457810056469,-489048.51
dismounted,-0.457546374875,-354463.113959
grasped,-0.456943969343,-427917.143958
errand,-0.455815611687,-178351.223796
inspected,-0.455800750761,-800734.333989
ceased,-0.454677931231,-89361.5933288
add,-0.453647303256,-254833.407497
cloak,-0.451652020043,-166893.887696
climbed,-0.450011080991,-137019.461105
fighting,-0.449688984365,-155267.909716
was-employed,-0.44836708799,-229881.516651
was-asking,-0.448268676172,-117867.995278
serious,-0.447895239253,-304530.360863
judgement,-0.446129184724,-191646.959631
persuaded,-0.446034748263,-255077.03031
pursue,-0.445391193078,-413407.585563
example,-0.445385771366,-200147.783529
was-have,-0.44535436136,-29629.6795724
was-remind,-0.44476100004,-1697992.60282
interview,-0.441337721454,-109694.72828
was-summoned,-0.440312936693,-60565.6301103
was-telling,-0.43701554719,-70039.4769318
given,-0.43621066242,-17848.4764937
game,-0.435950049396,-2035012.43514
coloured,-0.435824789958,-752300.665434
ear,-0.435642443312,-23102.5394012
excitement,-0.435590146156,-410050.447821
was-drive,-0.434538661032,-148043.394038
trip,-0.433637992882,-192843.660384
descended,-0.433522173106,-124066.484004
stumbled,-0.432130486175,-101214.57457
spread,-0.431113299341,-142918.343491
detected,-0.43068425964,-398896.238943
was-surprised,-0.429262811948,-89259.5915462
understanding,-0.4292463848,-1116884.25259
seek,-0.428764202905,-498311.691384
invitation,-0.427326288861,-112507.850075
been,-0.426966287289,-7544.8691722
discovered,-0.426268220916,-43555.8551328
wrote,-0.425720184921,-18781.1357427
was-caused,-0.420997639465,-220964.473857
grace,-0.420653674457,-85726.3528001
called,-0.41964402257,-7242.66160735
pressed,-0.419253839418,-35685.2644676
post,-0.418351845397,-271889.868229
pupil,-0.417678329576,-190336.41394
preserved,-0.416594221608,-289511.100257
friendship,-0.416026664617,-101612.878737
squatted,-0.414987456315,-228120.062402
plan,-0.414225356129,-147074.082281
blood,-0.413536236184,-64508.6301825
habit,-0.413140578359,-135846.701523
marked,-0.411289173296,-421746.517116
taught,-0.410353024729,-86438.2064669
believes,-0.41025569668,-112624.267572
appetite,-0.408067239718,-604730.359523
was-ask,-0.408003532065,-18699.2452592
endeavoured,-0.40751001598,-89838.8693544
decided,-0.406080891516,-24452.4621117
slowed,-0.405660486644,-18984636.209
stay,-0.404853602235,-44185.0315987
instructions,-0.403233026956,-260963.314695
direction,-0.402101402879,-177962.24167
shoulder,-0.402063834787,-26704.9670603
capacity,-0.401806851786,-97707.8497892
dismissed,-0.401796438382,-305957.134208
fist,-0.401014488369,-62474.0687865
professed,-0.399576461177,-232394.640804
was-raised,-0.399159665907,-447217.261531
wound,-0.398453341081,-69137.3642777
car,-0.397289772253,-30099.426259
planted,-0.395698691219,-183158.354508
submitted,-0.39550386085,-226129.540084
caught,-0.394780924218,-23459.5629959
caused,-0.392321549737,-61006.3065305
surprised,-0.392139991107,-51160.893644
system,-0.391444519324,-140418.893058
invited,-0.39131117135,-89179.1800716
buy,-0.391152433233,-165436.269265
was-shook,-0.390700229961,-297419.296401
awakened,-0.389711521154,-124538.833329
hotel,-0.387667340541,-83525.0610196
was-recognise,-0.387229769147,-94768.7802927
dying,-0.386359920221,-96340.8953251
hurt,-0.385856229611,-177911.20591
guest,-0.384655102361,-37485.1828843
was-troubled,-0.384521725552,-264530.995158
belonged,-0.382054411546,-66942.250373
journey,-0.379994117186,-51517.7251283
ease,-0.378982977094,-491657.128955
faults,-0.374885451989,-157213.275208
was-receive,-0.373800354353,-121044.641983
staggered,-0.373142841374,-146430.099437
was-relieved,-0.37276244363,-212772.068524
startled,-0.37171066235,-252648.210344
see,-0.370847738778,-7369.96242491
temples,-0.369241322065,-250657.996221
refused,-0.369117960692,-28751.9247155
considering,-0.367962001512,-773111.921101
approaching,-0.367424921965,-696779.812773
stop,-0.365215812273,-46094.6729508
heaved,-0.365210047815,-2448657.85103
frame,-0.364830880551,-90347.3302964
was-got,-0.364114854755,-13112.056411
throw,-0.363008497991,-111658.301431
accept,-0.362795951149,-107261.528054
reported,-0.361556518248,-81816.7141212
accompanied,-0.361464673289,-35849.1900491
guard,-0.360082464876,-100631.637051
get,-0.359703398393,-9276.64370649
frowned,-0.35929967317,-61795.3025663
triumph,-0.358863857257,-544558.910166
was-question,-0.358756027279,-358564.395097
was-done,-0.358423710097,-34607.7204714
needs,-0.356985351217,-86945.7363921
was-carried,-0.355865879686,-28177.1892355
bag,-0.355291620246,-73786.5496984
connexion,-0.35513336457,-370672.39431
mission,-0.355115482522,-89835.5223116
drank,-0.355019635805,-112455.108209
turning,-0.35407532578,-72760.4237844
piece,-0.353855154027,-211165.110216
neighbour,-0.353345691005,-119426.574852
suffering,-0.352938961366,-270335.346147
was-conducted,-0.351765423863,-131619.003743
folded,-0.348583980403,-189376.477769
admired,-0.347213855238,-121679.386764
cleared,-0.34526926804,-55247.0868679
was-tempted,-0.34448228118,-207792.797141
was-desired,-0.342461922385,-91798.0009755
sneered,-0.341873268874,-714846.066982
was-followed,-0.341140282791,-21772.98793
meant,-0.340628734993,-19929.5263473
inquired,-0.339985440477,-27404.9632008
convinced,-0.339889150129,-165866.806553
spared,-0.338793505085,-150788.23838
did,-0.338422539738,-3586.4828995
hope,-0.338182376178,-24964.3131447
comes,-0.337818440952,-21355.5893499
struggling,-0.336410319246,-138001.594806
tasted,-0.33505424566,-174799.089226
attachment,-0.335029619485,-165919.843469
knee,-0.334713436225,-33604.0644465
perceive,-0.334576212197,-430496.440751
telling,-0.333428757334,-66028.9974709
talents,-0.332883915973,-134299.52099
mastered,-0.332654035773,-175983.255637
speaking,-0.330450574779,-72269.5961453
rise,-0.330289959251,-122709.303314
paying,-0.327860647658,-319382.967448
scalp,-0.326547880633,-420088.341167
gripped,-0.325701331029,-109636.823546
raised,-0.32513674542,-20555.1070375
concern,-0.324482415751,-515045.294708
do,-0.324386018039,-6544.0624449
laid,-0.324004158785,-16653.9845257
toes,-0.322623767563,-164866.668776
was-use,-0.322610001079,-268061.190814
walk,-0.32217052604,-127379.371351
dashed,-0.321090930146,-148298.723669
taking,-0.32073165452,-30959.3713487
couch,-0.320420740573,-410275.339841
extended,-0.320001899877,-121114.081957
irritated,-0.319642860661,-2807093.86213
expected,-0.317712682113,-24649.9328474
recommended,-0.316684365007,-79892.9170903
kicked,-0.316411319899,-120512.735694
late,-0.31568061558,-352033.260392
selected,-0.3148390007,-253815.565502
stockings,-0.314710633874,-381116.745721
inquiries,-0.313896424133,-276175.98309
grave,-0.313859353156,-121755.198727
concentrated,-0.312115810141,-137032.823013
fool,-0.311327405509,-66552.1810951
bother,-0.311016820957,-129201.057025
looking,-0.310301285337,-14945.0194176
was-amused,-0.310221807651,-74583.012769
lift,-0.309794424553,-298241.875768
informed,-0.308387582818,-42959.4667094
practised,-0.307642456809,-286888.824307
meeting,-0.306824238545,-258686.810411
was-warn,-0.306688786298,-111254.481327
accompany,-0.305369584052,-162622.736777
seen,-0.304723575112,-6299.06417772
visit,-0.303481820064,-29639.3873142
was-discovered,-0.303219032084,-176652.265702
listening,-0.302377018133,-379060.205035
was-changed,-0.301758097553,-219640.854547
sobs,-0.301360734957,-359145.281599
was-answer,-0.298593153324,-196310.733534
observe,-0.297858699816,-655555.201831
was-confronted,-0.294418457002,-169957.006376
was-prevent,-0.293872969857,-36267.5521363
preparing,-0.290113751903,-202987.223742
breathe,-0.289729510053,-243878.171284
teacher,-0.289520906846,-451458.761601
covered,-0.28903617226,-192009.830781
birth,-0.288911603766,-102897.00265
cursed,-0.288224245483,-550270.166741
was-wanted,-0.287993339397,-85876.0505456
ate,-0.287933350906,-146740.090856
reflected,-0.285831910707,-232212.070588
song,-0.285046483574,-41759.0712184
fail,-0.283495671298,-74557.6435178
was-induced,-0.283489898479,-95355.6721728
feeling,-0.282198680418,-53906.5505242
running,-0.279524115915,-38705.6897178
catch,-0.276898010062,-181718.72511
walking,-0.276080303152,-75248.7500996
become,-0.273842235266,-2199364.41518
passing,-0.273142112314,-101210.944833
wealth,-0.273111797509,-267893.606016
pointing,-0.272908193904,-85838.8520571
regretted,-0.272814831078,-99194.4817392
winked,-0.271271524234,-157911.949895
experiences,-0.270958841475,-170344.865338
spirit,-0.270396682063,-29974.5513307
nodded,-0.27019532518,-8609.28275473
talk,-0.269661989756,-35287.7924531
vision,-0.269224113255,-130696.650599
permitted,-0.268941847475,-74020.0751929
worried,-0.268413039002,-176122.639694
gazing,-0.267744356968,-59385.9014078
was-examined,-0.267556703161,-304547.739036
was-moved,-0.267500594305,-177711.728839
reason,-0.267170644442,-160290.909387
was-lead,-0.266044945184,-66902.871677
uncle,-0.26535662283,-6226.90070403
picture,-0.265294122025,-64211.9030558
tried,-0.26352752241,-7960.02724769
objected,-0.261483769714,-86540.9358929
fast,-0.260048461989,-135435.834081
was-recognised,-0.259612456743,-46219.1963959
was-blame,-0.259494648023,-166194.511024
hear,-0.259446632358,-9537.57287397
was-whispered,-0.258600596705,-28483.4765181
viewed,-0.257703209102,-994749.010581
swung,-0.25389814245,-36670.8704528
repeat,-0.253521279148,-204968.586056
keep,-0.251029986672,-28142.2432041
interposed,-0.250286683106,-173658.87376
beat,-0.249657658454,-131316.713973
shop,-0.248466175125,-52612.5731703
efforts,-0.248189581472,-74274.4422772
run,-0.247938394262,-30701.5136018
decide,-0.247751807942,-208816.507947
recovery,-0.247228514053,-242886.554026
volunteered,-0.247200065779,-106937.067048
excuse,-0.246943458084,-204105.366312
assumed,-0.245686691127,-40693.7854043
was-offended,-0.244548404704,-234085.680525
was-covered,-0.244109520602,-124903.959841
know,-0.244058215576,-3415.46041242
was-startled,-0.243985740583,-69851.3494743
was-protect,-0.243145461884,-81204.9527358
owned,-0.242683364232,-67909.3259323
lip,-0.242103130698,-51825.8481307
dared,-0.241549237733,-66246.5961012
exchanged,-0.241153208459,-106545.202124
tells,-0.240900348469,-14498.6987393
destination,-0.240625450326,-151069.059516
give,-0.238536797908,-6559.7595489
response,-0.237933923301,-261931.639529
rejected,-0.236772437923,-1403631.25386
continue,-0.236484573973,-103307.344131
drew,-0.236026649614,-8143.62868222
plunged,-0.235075587759,-39986.8606942
fixed,-0.23495578443,-51153.8930366
finish,-0.232118393647,-173778.885212
danger,-0.230608720876,-203968.073832
rival,-0.230167281484,-76201.186789
servant,-0.224585162125,-24715.5909952
affected,-0.223842004378,-113891.105864
was-prompted,-0.2236067061,-675559.558068
discourse,-0.222235246861,-162885.984146
was-had,-0.220073039579,-12249.4530792
was-eyed,-0.219900506882,-215910.201919
was-introduce,-0.218898110203,-379517.615952
blurted,-0.218221394534,-156751.154623
sick,-0.217664291654,-80555.7619129
was-instructed,-0.217199105343,-124878.173977
habits,-0.216333535912,-56826.1441319
angel,-0.216142183373,-97897.3587636
imagined,-0.21524676522,-37832.2477453
was-wake,-0.215123280441,-152008.651998
lay,-0.214920215941,-7506.84332854
thought,-0.212373890088,-1579.27642139
gaze,-0.212127095585,-39322.5158209
crept,-0.211282108859,-253507.952244
loneliness,-0.211094117757,-1186713.12408
tossed,-0.210463703283,-72986.0478306
handled,-0.208771074464,-92093.8426144
purpose,-0.208746029553,-46046.9070367
sorry,-0.208105945941,-32301.9325936
offended,-0.207746658203,-88361.4109944
snapped,-0.207257906658,-31991.0635609
sons,-0.206653913527,-24474.1966109
will,-0.206369114665,-29378.255329
hid,-0.206200041053,-256940.314665
was-presented,-0.206080329826,-48395.2020383
part,-0.205661015449,-13988.1819953
close,-0.205620022929,-33351.9947305
led,-0.205378943144,-10942.1428569
was-shaken,-0.203378576078,-1198856.67637
turns,-0.203305300782,-66820.7343384
tall,-0.202525507694,-70411.0663876
planned,-0.202425934698,-115536.883486
was-dragged,-0.201770489644,-50760.7418092
familiar,-0.201632112157,-114230.224436
bring,-0.200888867223,-24445.4651331
returned,-0.200521336331,-3359.61182694
lacked,-0.199451940444,-268679.407012
bought,-0.199170837741,-25082.0590643
coffee,-0.199140345194,-120809.029649
was-replied,-0.199098592968,-2339.81585613
taste,-0.196305837402,-46631.2761603
was-expected,-0.195601877234,-45347.7069203
offer,-0.195108774305,-29997.8080618
whisper,-0.194246415182,-130851.070265
sides,-0.190698779484,-56448.8491539
was-aroused,-0.189220508881,-1123445.98554
was-turned,-0.189100378927,-43222.9384543
departed,-0.188154855706,-29331.5053718
was-hurried,-0.187818429647,-55877.6423329
acted,-0.185507053106,-23912.5269045
abode,-0.184119805686,-139315.714688
wrung,-0.183648104841,-539365.032636
guilt,-0.18362580123,-86983.935251
knowing,-0.183440949123,-618615.414605
was-annoyed,-0.182399542961,-187345.582945
spotted,-0.182128764521,-253801.079799
going,-0.181864532769,-2610.07103874
groped,-0.181475465108,-136329.259975
was-understood,-0.178201067896,-297819.944457
was-flattered,-0.177038488023,-294720.655629
resentment,-0.176778070203,-120398.348052
start,-0.176093311615,-78547.1689713
case,-0.175852018042,-24512.441337
breath,-0.174812593724,-13445.8203313
planning,-0.173644400706,-55461.0758655
stuck,-0.173281469769,-41171.3051725
pillow,-0.173124862766,-29314.7733665
was-say,-0.17301842451,-43578.5215047
was-laid,-0.170668926748,-59428.4366133
was-puzzled,-0.170287215938,-69212.501515
temperament,-0.170078609293,-435818.389185
lungs,-0.169671895004,-101171.857977
was-throw,-0.169540620635,-386049.952748
was-touched,-0.167831094667,-43270.7716007
was-buried,-0.167318040238,-49849.9237471
was-accompanied,-0.16649166479,-39023.0925868
eyebrows,-0.166403666214,-41866.3252458
promise,-0.165027568546,-26747.9986788
dropped,-0.164537058699,-13146.8351163
was-accustomed,-0.164525875785,-38096.2396684
was-accepted,-0.163170322176,-579261.002067
promised,-0.162027313739,-10194.3897834
was-involved,-0.161969725677,-109971.616158
imagine,-0.161780130852,-53001.0177358
counted,-0.159034972594,-76886.9419942
argument,-0.158204140123,-91443.8950605
stayed,-0.157874532234,-14254.145192
residence,-0.156544945375,-29446.7937128
set,-0.155177063997,-5916.16415693
ambition,-0.155118568289,-64750.99687
handed,-0.155070677297,-22673.2052773
observed,-0.154431960222,-10478.7893592
studies,-0.154134919255,-226503.319237
replaced,-0.154037749792,-584523.230222
was-supposed,-0.153729685858,-56570.8376167
adopted,-0.153555521067,-351541.638217
delight,-0.152617022978,-42133.3595304
seeing,-0.152241282372,-133395.172031
was-convince,-0.152072122661,-171727.146396
anxiety,-0.151878111933,-92423.3242746
approved,-0.150195120958,-128119.318676
pointed,-0.148771251882,-8029.02254415
suggested,-0.148200498612,-13910.1044903
lain,-0.148088046182,-72994.9243776
listened,-0.1470150565,-9798.92447846
saved,-0.145401625614,-20798.8954178
crushed,-0.145337326945,-172339.55934
mouth,-0.144572102792,-4003.82960094
was-fascinated,-0.144034802216,-100495.873177
retreated,-0.141066405152,-159435.367291
was-look,-0.140077527576,-38694.4535972
missed,-0.136876510662,-22788.5627669
words,-0.136855779509,-5433.64900456
was-removed,-0.136702714394,-108715.837948
nails,-0.136421920011,-422730.74256
young,-0.135583184492,-18308.4813825
brothers,-0.135291837396,-9275.98324041
lodgings,-0.135037711472,-51546.4274486
knocked,-0.132373398622,-23953.1369959
chose,-0.1316366895,-38043.4108403
confession,-0.130584768497,-109702.350495
disliked,-0.128977807593,-88804.8017957
impatient,-0.127273882375,-59453.6001713
veins,-0.127100536622,-49127.1348185
shown,-0.126207090898,-43392.4952105
pride,-0.125943614192,-32319.3589316
seems,-0.125887387895,-22748.2310411
flight,-0.124841663153,-50604.964552
glanced,-0.122884533486,-5694.49841618
qualities,-0.121955974817,-40589.0582524
overcome,-0.121448031864,-151408.047813
fly,-0.121216198658,-106177.491379
chance,-0.121022811969,-19696.5104165
forefinger,-0.120902501714,-75383.1320571
toilet,-0.119767369102,-195368.824384
inclined,-0.119471940086,-132492.802687
was-betrayed,-0.118699392659,-150727.041668
wiped,-0.117803945074,-24430.8705227
proposal,-0.113473230238,-64754.0646069
much,-0.112823064839,-9397.64334618
prove,-0.112552247451,-71456.9018341
trusted,-0.112140095044,-25245.5717132
thanks,-0.111995202392,-103255.552036
was-brought,-0.111500200285,-5497.92326612
hatred,-0.110793369114,-314497.188557
aimed,-0.109589427892,-76503.4538196
was-escorted,-0.108756605088,-73913.6874734
escaped,-0.108524874721,-24733.8570631
refrained,-0.107630818701,-137773.701152
whip,-0.106788310255,-20472.0278994
meaning,-0.106262744511,-48827.6613031
relationship,-0.106032028113,-63962.9947381
using,-0.104507684062,-43751.5344386
was-find,-0.103644803127,-5552.04292627
braced,-0.103373401493,-785068.780964
inherited,-0.102601708998,-40310.6858418
swayed,-0.100916309486,-122526.666592
was-love,-0.100208086617,-6957.09023583
mood,-0.0989451707179,-104826.607466
glided,-0.0976373884074,-51193.7307794
hoped,-0.0967582338942,-12535.8564317
living,-0.0965326742601,-11475.4434392
was-meet,-0.0948769429227,-2793.88339171
was-studied,-0.0937927986915,-304261.147084
gathered,-0.0923557469796,-20272.8198741
entering,-0.0918652034588,-124250.777934
history,-0.0917606602205,-31974.3747514
strike,-0.0884032870371,-57163.5331031
was-mentioned,-0.0856444712273,-35072.2836808
change,-0.0844727011629,-77571.9168226
knew,-0.0829229912192,-590.891504678
falling,-0.0824489592832,-46142.7909267
appreciation,-0.082366305304,-71256.9415499
was-lose,-0.0800533069378,-53893.8158829
excited,-0.0795643091784,-80199.9880025
hurled,-0.0777737580553,-39029.6092986
fury,-0.0765284627603,-230728.076351
was-placed,-0.0739810566528,-16316.8677947
hostess,-0.0737390369286,-63629.1669544
coughed,-0.0709769958792,-179357.01689
hearing,-0.0702662626525,-48498.8519209
ground,-0.0698017571917,-35784.0468327
content,-0.0694519150402,-25347.97189
was-keeping,-0.0671926045674,-94807.1360263
shoes,-0.0671215958182,-6057.69984223
interrupted,-0.0670328307979,-12066.967138
used,-0.0661134415751,-1990.19640506
directed,-0.0657959454241,-22081.1318527
humour,-0.0651990494262,-66296.0673504
urged,-0.0649986716244,-13513.2401472
realise,-0.0647537684164,-26050.2844005
placed,-0.0645714709118,-7259.74947746
sits,-0.0644708656049,-16982.8273739
was-drawing,-0.0636448244234,-111557.647464
was-believe,-0.0630179087235,-31547.6271604
knock,-0.0621519584893,-61426.5814105
showed,-0.0621089213629,-3605.53158395
deal,-0.0621007048485,-65805.8515359
enthusiasm,-0.0616401956275,-33179.4054
energy,-0.0611406498222,-148493.550038
wrong,-0.0609549458785,-22694.4957638
money,-0.0592114294491,-3032.61517124
locked,-0.0575896169254,-15380.7958838
dug,-0.0571229400005,-22111.5692279
moments,-0.0565289333641,-91792.1001988
repeated,-0.0556608066254,-2708.63122333
birthday,-0.0556500485385,-9924.64179045
staring,-0.0545959635086,-19642.7914913
crew,-0.0545891540129,-6069.0515002
limbs,-0.0545258456629,-16675.6486805
was-caught,-0.0540374097887,-6631.23859639
possession,-0.0539337674339,-29339.8212603
cast,-0.0535284795161,-8147.80363216
uneasiness,-0.0533279523931,-36872.7832579
light,-0.0530297891078,-42096.5121082
knows,-0.0528071523501,-1554.63634522
advice,-0.0525043277254,-10778.2025748
was-addressing,-0.0523425440323,-14409.4280462
astonishment,-0.0523372655513,-26028.3650836
shy,-0.050978359632,-142984.360603
cause,-0.0500175316326,-10768.9879207
exertions,-0.0493727751317,-51336.8499949
curiosity,-0.0463322278483,-10726.1083007
entrance,-0.0460309698648,-14104.7915059
feet,-0.0453301878269,-1208.7546537
quick,-0.0452992632699,-47228.127117
gets,-0.0449896891462,-4863.13986972
judged,-0.044924446068,-66598.185316
supposed,-0.0448152918845,-6971.56102436
finding,-0.0443682888856,-65416.3596067
view,-0.0424407122539,-20317.0597747
met,-0.042156234261,-1941.85521093
win,-0.0412550761252,-24186.0949633
jumped,-0.0412300284487,-2427.95185237
youth,-0.0411677987844,-5509.49753581
wish,-0.0407658718981,-3126.32836594
fled,-0.0405450220708,-7064.9909653
was-come,-0.0404103961194,-7653.87604758
delivered,-0.0401700777842,-10976.9286076
companions,-0.0382077626808,-2048.81521096
plucked,-0.0378261134367,-27229.9122619
mused,-0.0371590148811,-11753.660392
pause,-0.0348290360378,-42119.5428505
was-reminded,-0.0343428656219,-5258.51725003
was-swept,-0.0342600268623,-22920.0340546
proud,-0.0340923712824,-8785.76952085
was-guided,-0.0339185088935,-93703.547462
wants,-0.0328723250273,-1900.41117868
escape,-0.0324556743593,-7803.40965659
clutched,-0.0316927204466,-9491.43586784
mistaken,-0.0312678281146,-62519.2676394
calling,-0.0308264560335,-5318.34248467
emotions,-0.0299229939867,-41145.1540346
was-exhausted,-0.0293814302797,-8074.7665334
revealed,-0.0293441719358,-6766.78264841
was-affected,-0.0285955482614,-7901.65443956
was-watched,-0.0284458298064,-3458.53124938
scheme,-0.0273887504964,-25911.7136017
hold,-0.0257011491566,-2286.29962946
suppressed,-0.0253848992757,-40636.7352415
stretched,-0.0253704806954,-9330.56216041
tore,-0.02335293776,-4778.71536132
straightened,-0.0227650141841,-7445.42423888
was-accompany,-0.0220404662998,-4761.08123696
impatience,-0.0215339401995,-22143.061332
was-threw,-0.0212000082175,-7857.27132371
desired,-0.0206081193603,-2540.21879316
secret,-0.0202834505189,-2873.04053513
ran,-0.019008283919,-710.381755031
panted,-0.0170754790996,-7063.31877074
indicated,-0.0166796798778,-7486.91523812
skin,-0.0157251013154,-3573.25111593
information,-0.0142563905973,-3305.85833582
kind,-0.0138691708537,-1132.76138225
was-permitted,-0.0130908928196,-10359.2025944
stammered,-0.0116315073481,-4676.93246621
was-wished,-0.0113145915741,-193506.786055
carrying,-0.0110650066058,-4160.52553555
was-ejaculated,-0.0107667813516,-5555.39396723
was-told,-0.0093939995028,-69.088318735
discover,-0.00933054869705,-4258.33981251
style,-0.00904717089143,-2857.58280187
amazement,-0.0089078106734,-6871.14679669
was-considered,-0.00866102142222,-4532.09978746
quit,-0.0085390669692,-3755.22222397
was-seeing,-0.00778468043781,-1064.11321684
nostrils,-0.00769321832,-2425.91663645
resolved,-0.00691534145152,-691.324953941
intend,-0.00666419277129,-7397.09910089
stole,-0.00628524241566,-1140.81314342
swore,-0.00563164515682,-1549.11367511
chin,-0.0053563598908,-602.851341823
continued,-0.00470624932826,-89.9355029034
discussed,-0.00463830538545,-3334.73575753
jealous,-0.00323672229933,-2272.18550097
was-interrupted,-0.00176904435675,-411.38807269
darted,-0.000982168165348,-547.402770691
recover,-0.000233305150799,-53.362157812
thoughts,0.000879778449027,46.4691230506
gave,0.000929353161218,13.9754184824
related,0.00227521966415,686.160875397
education,0.00240041813393,623.802162284
innocence,0.00258217363045,3027.3404758
attempt,0.00311801546945,1700.08379316
admiration,0.00312591121673,1272.85640909
mention,0.00317223407639,853.937529537
recoiled,0.00405655325944,38465.8256171
grew,0.00406966776229,573.648477694
was-attracted,0.00424788569928,6587.94120224
undressed,0.00470883855745,25472.6881202
present,0.00712932983669,1053.24528401
hour,0.00738858059974,4638.10508474
started,0.00750949541436,419.160391332
box,0.00753514186628,1654.6358084
came,0.00912205829493,48.654812591
address,0.00925573067975,2378.23122759
senses,0.0114885760991,2155.05032458
embarrassment,0.014091210246,58537.4546757
lost,0.014113003276,831.830275613
eagerness,0.0142124708317,18847.7159507
thank,0.0143812127103,22157.6789422
eager,0.0149154406914,9031.05771934
lying,0.0152788424403,2405.74727694
mirror,0.0167848137247,27284.1988402
bearing,0.0172906087646,20608.8551131
learn,0.0177705488069,4196.54526
crime,0.0181372767904,26859.1557384
stood,0.0200380463378,299.566056573
checked,0.0210448244088,7715.64868967
parted,0.0213923813726,8769.20361673
pleased,0.0214702826635,6205.35526679
resist,0.0215978365188,8493.08096071
beg,0.0218275750192,11296.7839307
puts,0.0228866190813,5401.90004539
laughed,0.0232026476808,594.727331156
world,0.0247667484277,12397.6806375
uniform,0.0258522537346,12271.9640034
was-lost,0.0267135215489,4951.30553712
quiet,0.0273063423092,18264.8427736
was-carry,0.0280659560166,4424.50769798
emptied,0.028653629885,81616.705919
fumbled,0.0297598512651,15093.7648763
nothing,0.030019860452,161155.31494
left,0.0330378301102,476.270532255
was-finding,0.0333974022558,120025.572651
mind,0.0335368366367,442.453928798
crouched,0.0336303044046,109402.426336
was-believed,0.0336426954045,40592.3365739
estimation,0.0341486149876,19373.2712258
denied,0.0341902494849,28596.1643174
reputation,0.0342289119512,15210.214234
mistake,0.0347746078076,50181.6917169
progress,0.0353392718048,14258.9684591
was-hold,0.0359748079184,28321.2765576
defence,0.0378569422499,19810.9511252
was-enabled,0.0392539631175,11192.3139012
advised,0.0393438524017,9836.48538664
applied,0.0395673109995,11059.5257662
misfortunes,0.0400979145447,35605.8590209
house,0.0422481891469,366.30536116
wished,0.0429936206969,1825.13110731
attempted,0.0434615911124,9113.89350299
was-invite,0.0451680322056,11028.6089003
joined,0.0452320857375,3876.35174337
company,0.0454689260605,4751.99681466
train,0.0458049408848,6645.07750971
number,0.0458150996663,67603.5418084
retreat,0.0463075412447,28480.9947768
powers,0.0464063646735,7615.71108399
was-save,0.0476343491389,8944.8335111
was-slapped,0.0477676189919,29916.9170656
eye,0.0477761566816,1216.54920229
saluted,0.0479818446599,20189.8212142
short,0.0511033719831,46601.99331
agree,0.0517795806449,12964.8331764
duty,0.0531139303245,7139.92541614
proved,0.053466381978,23067.471189
losing,0.0534992105812,46766.6970178
determination,0.0575373364621,26999.3768908
victim,0.0577503573626,17470.3608521
certain,0.0582355057292,22178.3278463
unhappy,0.0585333005907,24176.6544948
was-looked,0.0606264890809,31270.090273
answers,0.0619500330209,16938.7927992
was-disposed,0.0622639021265,32630.5630098
ones,0.0623188090166,29621.4040535
book,0.0625965183672,4587.28879355
withdrew,0.0631407284886,13293.6980605
was-accused,0.0632461801822,18099.1973716
first,0.0632528370533,11965.0507223
was-want,0.0640866577312,12960.1716028
bade,0.0641868052769,10703.2310907
horror,0.0645306218167,30159.1292421
surroundings,0.0645768357185,75654.1315786
described,0.0652644162185,16059.3470615
assented,0.0653737846353,97183.4431034
handwriting,0.0658400767433,37371.3963935
work,0.0661634697057,2070.5531196
was-wrote,0.0661827758901,15840.0532976
complained,0.0667707775216,14950.60791
gives,0.0672366702943,7101.02903681
was-gave,0.0678719764203,26145.8532332
indulged,0.0684830076415,43306.4491917
older,0.0689526748818,23437.3618552
doubts,0.0693611938058,53265.740249
ignorant,0.0696833016403,107731.832557
returns,0.0701633452295,23371.0391646
conceived,0.0706721325052,29390.5265875
upset,0.0716112389948,81145.9329684
wont,0.0725835341718,22327.5588569
perceived,0.0727748576495,7017.59890577
longed,0.0738209016873,47168.1518927
smelled,0.0740560230616,20997.7850644
hungry,0.0745632517412,69479.2370552
was-marry,0.0752952425405,3384.22861742
sorrow,0.0758881458808,20560.7860269
responsible,0.0764955851072,74208.3388943
grandfather,0.0779637479553,14609.4223475
prayed,0.0782989991267,27147.6028837
reaction,0.0801021625774,165414.683685
confess,0.081238663995,132347.744184
stare,0.0824013622132,157497.90543
obtain,0.0826560412502,49532.377452
was-concerned,0.0837744926789,18069.2323502
was-acquainted,0.0839833523282,24136.4094718
was-commanded,0.0842222838453,31221.4598931
cared,0.0842986295211,12818.0462043
knees,0.0846006240438,4051.77562411
groaned,0.0851288680742,43507.7945355
was-recalled,0.0869777615507,57725.7158831
remember,0.0887457083942,10844.8997499
considered,0.0888621389617,8714.70142571
was-born,0.0892951183083,9632.91719291
loves,0.0900272055939,12648.2921788
rejoiced,0.0914408802208,30682.3308096
expect,0.0923898691508,51656.1515734
confidence,0.0930228727149,29079.169847
was-sending,0.0931354339202,81705.5214482
was-taking,0.0949438302262,26231.0988921
answer,0.096885977817,5586.51136474
was-watch,0.0970731647246,36945.0279031
approach,0.0974561238663,95915.9268547
peace,0.0977993266126,24738.5518825
was-follow,0.097890447215,7662.89192045
was-trust,0.0981621631539,47227.3934756
was-shouted,0.0987187647725,29035.059734
spent,0.101544301089,24679.8792137
growing,0.101709825759,149732.620613
brought,0.103170691755,2100.26690018
expression,0.104114842593,16549.9067931
cross,0.105262509553,61776.6288187
ability,0.105603179716,127046.716026
resources,0.106102722151,143968.084178
retired,0.108568299188,12615.3542683
served,0.110272201194,34685.7638577
shook,0.111242695321,3523.15984405
reception,0.113089843202,58252.1642885
effort,0.113093876184,124451.310213
blame,0.113225943781,173717.809858
was-introduced,0.113338884014,24207.0672952
flung,0.114835022306,33447.8441808
undertook,0.115164446173,114488.175236
fell,0.11539701913,4093.54486271
ready,0.116265657407,12181.9094249
acting,0.116837958874,60344.9656709
personality,0.117052509023,67160.8826119
was-pleased,0.11712867938,17717.0852549
glance,0.117974781333,16038.5433879
fetched,0.118351377847,121207.28405
was-attended,0.119268979853,36515.8547253
poured,0.119919858513,11043.9512142
having,0.120252562416,9166.6605429
moved,0.120409497866,4529.14069648
was-vexed,0.120866056539,89706.0744368
embrace,0.121900675401,436694.228514
charged,0.12202590189,65425.297085
arose,0.122050203634,15234.7135989
well,0.123655126317,77573.7124806
s,0.123733222835,6165.90569482
notes,0.123828533188,53165.6850781
was-returned,0.125167249273,24469.9835369
fate,0.125967337297,15697.8213129
had,0.126033330405,284.807382382
conviction,0.127646722552,44778.9083594
confessed,0.127823437289,31790.2734769
heard,0.129332584108,1634.10342078
sailed,0.129573224211,45698.6682416
reminded,0.130277978085,32670.4374463
mean,0.132140205812,14070.8054741
remain,0.133484486658,73080.7328653
was-forced,0.133878518372,33592.6855604
swam,0.135259327684,955215.66732
hang,0.135910695537,184541.159469
occupied,0.139100380166,30833.5524679
peered,0.139487100488,43947.7212764
friendly,0.140304105355,46385.5677921
interests,0.144042482861,132638.169663
was-taught,0.144083892025,51212.3064867
scowled,0.144320070825,103945.220522
was-forgive,0.147047182065,369335.835998
was-bring,0.147552353914,11781.9266606
capable,0.147601206429,146607.464757
driven,0.147625125774,199506.933397
parent,0.148337917256,70730.7983243
was-rejoined,0.149855274299,23622.8721255
was-addressed,0.151780074029,31931.745223
summoned,0.152434206663,76420.5009627
actions,0.153092574899,69119.1329886
shut,0.153252775397,20639.4202577
keeps,0.15330605979,35685.8561066
place,0.15334756659,7366.27771782
learning,0.153990558241,35649.44123
good,0.154194771184,9753.52487732
shadow,0.154916680607,79410.8599252
refusal,0.155183080648,114032.049285
was-satisfied,0.155567970589,160275.090081
idea,0.155840476078,19332.0768991
was-visit,0.156822432417,21002.1375257
reading,0.157413114613,20715.150035
match,0.157829556967,161254.831593
was-reduced,0.15787580711,123028.263242
was-sought,0.158704238526,132554.339252
anticipated,0.159656400777,79555.4089842
breathing,0.160722176579,112144.69072
moving,0.161869571813,39203.5664274
control,0.163301139737,38761.5605882
awaited,0.163754024274,128209.675375
was-repeated,0.164606110332,57317.2893154
landed,0.165072903743,59347.4131463
consciousness,0.166642603749,161216.043574
was-resolved,0.167346792482,114931.374683
settled,0.167827652542,53358.4556738
avoid,0.168809690251,115003.241425
was-meeting,0.16888330452,86978.5375499
skill,0.16964016242,52564.0826819
regarded,0.169848214799,24429.4290551
welcome,0.169915770965,200889.751334
makes,0.171472489156,15635.9292429
able,0.171714355922,8994.84390386
nervous,0.172412706186,42487.1838603
watched,0.174792586705,10063.8826987
try,0.176487971298,21927.2084574
was-thank,0.177185261724,14629.8325777
was-remarked,0.178492228208,20958.8855989
stripped,0.180381978349,169406.96305
chuckled,0.181495594252,79534.9036591
was-lifted,0.182101852135,49122.8611768
stared,0.182307643916,11355.5591944
secured,0.18365710562,44999.8303154
encountered,0.185336977487,126459.504916
were,0.185682750716,6008.06507137
laughs,0.186182817768,45111.4749938
was-please,0.187332876816,56822.9566124
was-remembered,0.187443416472,44596.4897023
conducted,0.188105669006,160312.647146
played,0.18974680584,8273.29427045
was-bound,0.189938853698,49156.6632823
silence,0.192024396045,50119.7396005
shoulders,0.193120655556,8157.9649589
feel,0.19428133815,10729.4929961
send,0.194340863162,38574.8893995
shouting,0.194865960484,89786.4319217
stopped,0.195631566496,7624.46842682
difficulties,0.196452972579,168360.165916
hopes,0.196532833118,35166.7895705
was-welcomed,0.196592187204,338622.674204
fitted,0.200155726219,87971.9869577
wrist,0.200914270079,61214.488096
breast,0.200999769116,13868.7905846
strolled,0.201182418663,121848.665123
party,0.201261114842,15887.8108164
alighted,0.201615153377,193269.285613
echoed,0.202530250288,149583.950697
times,0.203568753597,95227.2746846
existence,0.204765210695,51955.4828253
returning,0.205409217707,61656.3895287
thrown,0.205712102871,117812.207414
lose,0.207292902494,175152.670022
widow,0.207416049039,42583.1883031
was-compelled,0.209682471721,44383.6461122
yawned,0.209728258472,105430.991229
read,0.20975510601,9600.30967489
hours,0.210591592734,93080.6079134
concealed,0.210762476872,105057.134128
recognise,0.210954827029,61836.5898083
knowledge,0.210960851539,67833.6994445
hesitated,0.21118739582,22844.4732564
acceptance,0.212408258049,159495.331964
completed,0.212794081478,262742.439647
assured,0.213267727808,43530.9250709
servants,0.213538680328,52775.0534522
turned,0.213571260512,1912.33640083
was-getting,0.21550295225,777509.265907
was-showed,0.215521433446,157072.372922
favour,0.215712802097,32004.0289824
consulted,0.215861442726,79814.375624
days,0.215937540259,22714.2664349
was-carrying,0.216729203876,113070.725166
purse,0.218049544326,34591.3457317
behalf,0.219375521012,160755.363929
permit,0.219535974991,50517.0496319
betrayed,0.220589135849,805498.775829
fallen,0.220719812841,27042.9495821
note,0.221321464426,39045.5597982
foreseen,0.222505884406,910566.628248
demeanour,0.222757376969,134472.036799
following,0.223424600105,62880.0136782
conceal,0.223489491759,82814.9694197
agreed,0.224421656542,15854.1666685
influence,0.224795516174,122458.644388
was-saved,0.225493007738,87014.8114474
cold,0.226853988438,203192.495451
type,0.228531005219,143137.29222
fortune,0.229496971647,33833.6732922
was-concealed,0.229606408545,79971.8064145
sleeves,0.230311928476,369452.09801
yielded,0.230478479345,159441.123105
kept,0.23188835132,7371.55373352
believed,0.23277854258,10192.5124424
subject,0.233034052647,76753.4829101
was-strike,0.23331414029,205414.329916
bestowed,0.235266315675,75923.3386075
gulped,0.235855779829,313112.743256
sight,0.236033173971,68248.430068
ended,0.236296670448,75311.265979
hard,0.236754122953,350316.679172
enjoyed,0.239043284645,30708.9392957
miss,0.239846103916,142157.919271
was-escaped,0.243058777465,536276.839497
proceed,0.243100595241,51960.9892083
was-remember,0.243590787722,44410.7579827
was-detain,0.243599932654,104951.154323
astonished,0.24364951699,126959.062388
request,0.244177303615,62512.7758874
was-give,0.244281340367,70212.3612693
resisted,0.244514848987,649744.408695
posture,0.24805905009,460872.042939
was-announced,0.249702119306,92231.8590106
was-thought,0.252274269241,35941.6951602
movements,0.253551334886,151084.45592
brother-in-law,0.253973618254,35843.1434116
struggled,0.254293093055,35786.6102633
uneasy,0.25615178878,268073.910527
was-see,0.256415932022,3618.24717154
wait,0.257033839229,57855.3770451
was-separated,0.259512451422,104686.554074
knelt,0.259686689419,91358.4153045
was-left,0.260906036929,7927.29274146
appeared,0.261821133329,8312.29339326
was-treat,0.262714408308,165914.488482
eat,0.263793402754,51759.5531183
was-allowed,0.263930352601,45805.4781548
was-treated,0.264381757912,53244.826738
was-said,0.266862838606,81558.7450268
was-drawn,0.272396590242,83433.6608991
hurried,0.273393020599,18963.3003747
snatched,0.273742997089,69087.578447
woke,0.274153707125,107708.321632
future,0.274502986058,91030.3185014
pencil,0.277279932151,644006.25284
was-assured,0.278589955155,52606.4876625
strong,0.279411746875,135768.359025
eyed,0.279448762204,72310.5524078
worry,0.279480379702,107061.291482
lent,0.280601828764,143725.163564
was-directed,0.280637367405,85533.4549522
divined,0.281527433432,2852690.6671
treated,0.281534345273,78527.5504306
closed,0.282043596039,20835.7011582
circumstances,0.28241510329,266533.989952
fault,0.284065666674,195495.336546
visited,0.284270004994,62876.1846581
acquaintances,0.284284285517,63031.4337103
resumed,0.285748316153,35060.1297481
flushed,0.286558006029,97503.6010099
wasted,0.287868096964,663403.725656
die,0.288199188544,31998.3593603
count,0.290852084425,436768.586882
imagination,0.291968884248,69889.0119652
intended,0.292540342488,38249.1768784
fall,0.292649118097,64577.2411735
clear,0.293228786805,111332.019078
complied,0.294305549641,181911.8905
meditations,0.294425412683,1705795.87521
forget,0.295970764025,61527.1276401
was-concerning,0.296393156722,206837.741566
was-shut,0.297302430044,420603.621874
weak,0.297305588788,117149.260927
forgotten,0.297505529669,49155.2875853
resented,0.298450629379,321919.807318
shaking,0.301215818331,222705.100348
draw,0.305079460697,96483.7425854
silent,0.305160939825,48950.2319681
asking,0.30631839708,217975.736933
putting,0.306885778406,53801.164375
doubt,0.309587104304,136829.668713
looked,0.310669289604,1927.33057363
thinks,0.310758532352,15981.3455378
broken,0.31095267592,268930.720823
was-met,0.311315900152,11394.0670839
let,0.312479015523,8181.78983542
terror,0.31313831223,118164.626958
was-regarding,0.314216297007,208566.472177
dream,0.316467975033,48643.8706882
was-drag,0.316539572264,224928.974361
begged,0.316568776232,36153.7502537
failed,0.317024047499,26435.1522094
path,0.317706140322,79866.2268012
share,0.317980410953,66245.1766978
are,0.31816108237,34966.4739764
staying,0.318898546205,32514.3550279
was-observed,0.320149927039,59158.3231105
was-greet,0.320827006975,355292.457269
break,0.322025510928,92348.8041948
wonder,0.322528090892,92345.4682029
attendants,0.323000281659,237410.83443
writing,0.324061064148,85958.8705702
lighted,0.324357634022,154430.394367
lit,0.324639425228,95452.6217194
disappeared,0.324786119184,30036.0549049
choice,0.326255604965,53144.9763946
retorted,0.326420148474,86611.8390209
go,0.326640883514,4842.27316037
play,0.327886743876,49472.7750012
vanity,0.328580526322,184484.607843
was-occupied,0.329745211973,198926.096064
gotten,0.330525779958,184149.693337
retained,0.331529755806,102486.873203
tea,0.331750564725,203736.205251
sing,0.332908148689,163872.319029
surprise,0.33418753366,33974.1421792
appealed,0.334367249152,545474.58168
satisfaction,0.334898208008,204648.090879
sleeping,0.335060910343,912495.116845
beginning,0.335281306899,52096.7210038
thighs,0.336004433383,258570.865078
stooped,0.336357358401,152476.239979
pain,0.336996424836,219229.294563
was-handed,0.337663104195,282640.41639
cleaned,0.340095738509,660290.536052
added,0.340891278757,6609.33026489
was-send,0.341320197059,39137.946388
garments,0.341807781391,173306.298923
was-clasped,0.341896373954,292581.373814
stride,0.343309849356,274957.279235
incapable,0.343528674975,251340.262226
's,0.34356186299,11486.5101063
desire,0.344480887419,59303.2459262
have,0.345178341919,3569.02953827
owed,0.346670186809,75637.3624818
engaged,0.346966033215,62473.8635612
was-reached,0.348016231168,139152.241822
marched,0.348121479748,215568.833602
was-answered,0.350396796433,31634.1511511
gazed,0.351010046256,33813.5851278
was-holding,0.351773452499,132741.647199
wondering,0.352809998201,138819.908021
was,0.353559156209,1023.85515391
hastened,0.355104546181,56285.2742233
displayed,0.355247266133,115250.75512
satisfied,0.3558307968,100124.634911
lucky,0.356440102712,127545.329392
rushed,0.356569932614,29367.7867265
was-dreamed,0.358173898617,708713.060384
relief,0.358526672092,1019784.97287
taken,0.359219278341,11729.4501717
wrath,0.359772548124,141962.440465
rocked,0.360630118948,226439.45833
was-face,0.360753510103,1088929.40288
does,0.361231919336,34789.7016301
was-greeted,0.36217620087,178894.110595
was-bewildered,0.362484547435,166579.43209
gestured,0.363126052332,465608.545059
was-inclined,0.363261300949,265015.109334
attempts,0.364789830837,79536.9975224
was-passed,0.365434311978,47372.5929308
tugged,0.36923312997,297733.7098
hinted,0.36943601524,356293.303069
expecting,0.369714029931,104835.899444
band,0.36990832925,376424.864178
talked,0.371767181364,13682.7217467
resolve,0.371791731186,772687.67757
anger,0.373282027028,110530.39983
spirits,0.373736213295,71595.6109398
recall,0.373780601683,476021.259628
tied,0.373812662769,426541.138044
indifference,0.376522973002,195758.902385
tale,0.377287553554,191775.605307
best,0.378698922972,89130.5327443
pass,0.38023711696,45626.3795601
begin,0.380583932138,101606.005659
'll,0.380653362298,110538.932393
glances,0.381716944356,108462.094839
rendered,0.384455838563,344713.243521
was-faced,0.385089718904,147114.789096
appreciate,0.386694795491,180693.940577
began,0.388689710433,5428.988211
belly,0.389347989975,236191.450496
spine,0.389604408368,1191249.17876
accepted,0.391870032056,94202.0651116
beheld,0.392358695939,82954.9247526
sunk,0.393656640506,189653.84593
'd,0.393692416835,104547.517864
consider,0.394914046741,70609.4175842
was-needed,0.395666206798,245433.538063
was-surrounded,0.397599905887,224192.381546
behaviour,0.397735494729,96529.2572128
lot,0.397768937882,123814.047944
save,0.398802524223,169211.636439
sang,0.399918451062,128570.919904
inquiry,0.400586264607,397825.24235
reserve,0.400885753222,274907.80433
leading,0.40215782081,303519.829709
consented,0.402946048953,85693.2385935
reappeared,0.40456280478,248152.38351
search,0.404599679915,251034.291601
garden,0.404783295247,114485.708589
goes,0.406821743734,21654.0644563
fingers,0.407488993992,15480.0136297
was-seek,0.409505741699,200288.611404
compared,0.410770212086,348552.152599
calls,0.410798616861,37079.9368838
says,0.411443862137,1326.2818929
trial,0.413073821465,180216.855423
last,0.413942571415,564409.107957
object,0.415385504429,87512.6283986
was-convinced,0.41631082822,153373.480686
suspicions,0.416685667402,245482.576111
was-bore,0.417275939468,152629.609974
was-used,0.417511018273,56696.0492531
grow,0.418050379167,520610.866749
sympathy,0.419520071568,329160.026999
right,0.421736198638,40328.6272322
attend,0.422936628851,76136.4942706
lie,0.42364514841,140419.712061
was-regarded,0.424393109607,82622.2635594
side,0.427641359802,13312.6956523
takes,0.428376434162,74071.2293018
duties,0.429417734281,153245.300893
controlled,0.42975030182,1296363.00269
disappointed,0.432354694414,732730.601107
working,0.433027112567,74579.6841519
remained,0.435067592707,30770.8839605
commented,0.435189876381,398738.914997
tripped,0.435194083859,329138.568448
hate,0.435654133827,438852.2197
year,0.435684075381,225215.775806
problem,0.437667966718,2692566.26056
lied,0.438706404867,294021.375385
developed,0.44079750783,929952.610064
shivered,0.442061389859,165446.60676
be,0.443163308119,9696.55846596
doubted,0.443342619659,127023.671445
consoled,0.4446910752,300867.879286
hands,0.446148497225,4690.34839546
was-warned,0.446159657072,138491.631628
illness,0.446180677602,84376.2285485
sentiments,0.447360309556,128711.77204
telephoned,0.449394979586,147264.985572
emotion,0.449491236038,310086.762126
was-prevented,0.450668576088,151109.537258
acknowledged,0.451156260083,235543.108921
corner,0.453894336713,229846.999934
grown,0.454082743212,132500.283398
indifferent,0.454510279291,738509.67899
wrists,0.45587329578,575403.490953
handkerchief,0.456915425358,102464.761941
put,0.459009218855,8033.34103208
warned,0.459200739463,85340.4119994
was-failed,0.459236410299,209425.954359
was-dropped,0.459329501797,173861.932912
feelings,0.460338750425,47521.0739918
fancy,0.461971080547,73349.6231374
was-seen,0.462508997259,22428.1304513
gratitude,0.462699937497,129366.984419
was-wrapped,0.464539728196,839158.946131
provided,0.467703702287,435682.847664
neglected,0.467808463552,248937.909417
ring,0.467862946297,89075.8851174
was-go,0.468326105692,496335.58645
belief,0.468595563074,156132.067923
destiny,0.469982262645,3346836.76662
dozed,0.470024106278,544565.891586
thing,0.471283215654,133800.972826
nerves,0.472591310276,411041.172054
choose,0.473183410122,175022.292641
pretended,0.473396837009,159313.525748
fame,0.473462808771,163381.857414
rising,0.473540948868,388349.655107
patience,0.474378351699,262260.19223
arranged,0.47636534716,87048.3914096
anxious,0.476626303593,65683.7097847
implored,0.477979351588,456219.914193
was-held,0.478133186102,74127.6006253
enough,0.47858443089,97949.4089997
was-inform,0.479356215464,181977.513622
stolen,0.480844458073,327457.684476
interest,0.481360879759,149137.838282
rang,0.482738962375,97368.4897564
tapped,0.483599354436,512769.336255
name,0.485791218757,9362.62809422
told,0.486591791595,3495.71030879
busied,0.487324153378,1205305.75814
abandoned,0.488493996617,184491.170531
lack,0.488930858504,347472.91012
support,0.490536065122,184433.388739
experience,0.492413535665,148888.544726
threw,0.493487911547,33430.1013224
twisted,0.493539235961,671373.241875
speak,0.493599771073,31495.0970212
strained,0.494466968155,1496699.72399
hated,0.496000599754,74156.5481398
assistance,0.496566872185,95868.0617996
point,0.496820791021,104057.119535
dreamed,0.497459865868,84722.5473432
uttered,0.497623694202,50847.9267151
self,0.498504001129,60833.9853924
slept,0.499781771342,135938.333665
tones,0.501368915547,115684.925142
faith,0.503142149822,90725.2262285
was-agitated,0.505190265825,472036.833175
rested,0.505262758136,160063.296718
rose,0.506207922817,18145.4102382
giving,0.506567855717,98414.7426288
was-let,0.506747847545,78465.23937
announced,0.507058284241,63057.1642993
was-promised,0.507982943907,130394.335057
was-preferred,0.50809054725,424655.614958
felt,0.510364755428,3196.92490093
was-awaited,0.51070425012,875996.583822
enjoying,0.511826169004,841423.277938
was-urged,0.512692929492,70053.0286389
respond,0.513623839647,2303275.51039
shoe,0.513624868618,202751.136101
sniffed,0.514351504716,117618.512116
hidden,0.51503245099,193000.76531
was-pulled,0.515904382908,314550.966405
dismay,0.516254474508,408673.789711
door,0.516315077776,32774.9589501
snorted,0.516611525815,339154.633335
sorrows,0.518120154867,279565.384924
was-disappointed,0.518355802669,900408.732343
carriage,0.518861284933,80718.4883776
credit,0.518968732444,165817.804697
beckoned,0.519755177792,121856.448109
sense,0.519869155703,151390.048741
clapped,0.519979725675,658633.268548
finger,0.523157044596,62608.6724847
was-conduct,0.524273298595,1646225.47232
laughing,0.525827614501,130323.121116
shed,0.526629986671,134968.831791
declined,0.526749663189,210300.727083
resolution,0.527298704618,359138.767562
dwelled,0.529994692286,479583.100224
guess,0.530245681451,335122.023239
shrieked,0.531345222288,386102.986903
sure,0.532081759999,22868.4096477
rejoined,0.53226887135,19160.3187471
was-inquired,0.533299479042,27010.4899993
wore,0.534119492801,36319.16329
exclaimed,0.535546434507,14707.7976202
was-inspired,0.535548959739,496906.023061
trembling,0.538139832284,567829.887091
health,0.538337465581,61949.6741568
step,0.538755064372,247586.677155
was-ignored,0.538769307259,388542.50122
helped,0.539948328104,69732.4582293
decision,0.540382867148,573577.634745
talking,0.54124833842,35247.800295
same,0.542250912504,413099.078036
rescue,0.542252456808,603628.83635
shared,0.543451517797,197440.480443
allow,0.544796336507,120534.643015
made,0.545231966863,4456.91367357
was-added,0.547027628125,39055.8194332
hurry,0.548080784825,1028658.81803
jump,0.54895585224,1422614.06734
ejaculated,0.550628275637,406951.390695
was-is,0.554381405499,236539.817463
adored,0.554512587981,656965.025258
slipped,0.554893810155,80409.1805499
contemplated,0.555976732212,281456.233505
was-disturbed,0.556826157677,543872.588179
seated,0.5576063709,224281.356226
remark,0.559071127151,92142.0548727
maintained,0.560750686995,280247.027092
signed,0.560912696276,114545.006384
examined,0.561672035632,86869.6459284
was-bothered,0.561909890324,5120464.73566
was-found,0.56265488366,23204.9467969
message,0.565497895437,1324411.49035
was-hurt,0.56661270183,75477.9121615
was-assist,0.567866911589,226242.911823
air,0.569898198889,94383.7455452
was-thrown,0.570103786703,625558.529672
apartment,0.570522651349,46654.5275756
letters,0.571577565504,114571.386383
said,0.572958474414,115.270569434
wheeled,0.574344991882,331231.356704
holding,0.576083347604,115062.545665
overheard,0.577129490556,374550.872556
spare,0.578253330243,343740.069428
fancied,0.581184822984,137982.887174
employed,0.581253414994,267887.240623
fed,0.581453350505,262048.762039
held,0.583678153095,15687.330699
ruin,0.584342921978,732228.019047
is,0.585346001313,4066.18738062
feared,0.585818037369,92190.3878245
ignored,0.586975185217,343426.672969
happened,0.588505478439,152164.678109
finds,0.588662057696,258991.537147
was-visited,0.591194003327,148691.325567
dispatched,0.5918053552,273669.30493
wit,0.593382130992,238625.201869
ignorance,0.595135302225,519797.945441
corrected,0.596017028367,3205803.48757
sprang,0.596545984716,93402.0497259
was-satisfy,0.597427172083,350467.682417
sufferings,0.598010119946,326978.451804
trying,0.598260506326,55679.7519248
was-suited,0.599354695284,822074.351169
attended,0.600863962542,267174.298066
moods,0.60092755678,456449.074727
was-disturb,0.601481143177,283255.442843
unconscious,0.601795157469,265893.349977
saying,0.603138475002,52187.390327
was-urging,0.603538840122,680302.562547
suitcase,0.604934678144,510468.836044
expressed,0.605799429891,63072.0220637
was-leave,0.607461500789,26129.1176652
weakness,0.609458799377,149271.61772
join,0.609780035827,478826.543057
touched,0.610047832079,71226.0798004
was-approach,0.611217016846,475698.050387
danced,0.611365060871,118224.53102
was-noticed,0.611510210466,328355.432884
was-saluted,0.611724034626,301060.656968
believe,0.612671238202,48094.2589713
spoke,0.613135270078,9596.01404075
was-know,0.613389306992,20471.752777
admit,0.613746820485,321713.586449
enter,0.613811415586,250831.826836
was-retorted,0.615434288091,161589.950635
patted,0.61622595442,672739.656433
shuddered,0.616520379706,288077.087487
was-been,0.618085439689,318279.269584
fit,0.618354885627,313071.606455
comment,0.620503511868,1181192.14247
dignity,0.620876254877,336173.830322
innocent,0.621171382636,175519.118815
society,0.621787495767,666321.411855
was-blinded,0.622298054797,3660574.56877
reflection,0.622786349784,1138815.72306
roused,0.623606680681,402639.393036
was-facing,0.626838499765,560737.893827
foot,0.627711566379,34423.4018301
marriage,0.628165727726,77993.9724572
cigarette,0.628489142625,248696.694907
bending,0.628836848171,1568294.11208
was-walked,0.630477862094,751662.611161
was-alarmed,0.631532409626,130261.356684
past,0.632260388804,848259.571396
seem,0.6333679506,59318.6065389
gloves,0.634772533094,260277.962408
required,0.635981068138,563058.275349
was-rescued,0.636445031833,249390.847541
being,0.638124490501,404969.377497
was-assisted,0.639604895261,343666.588402
slip,0.640005540936,489202.897363
fork,0.640869623983,2302933.21305
white,0.641047122291,599780.706498
freedom,0.64107827384,611221.463821
insisted,0.641153653912,53265.8587194
morning,0.641741853183,293349.997609
was-persuaded,0.642286829666,125213.126781
spoken,0.644065675115,56493.4173644
ways,0.644245923843,144146.071694
confusion,0.644986321971,1137303.05101
chosen,0.647522155827,91759.5686044
undergone,0.649037140406,572326.715427
attributed,0.649047018862,4772861.03961
bear,0.649550893236,126459.630383
circle,0.650137953417,315736.630845
lifted,0.650705758552,97211.8204577
firm,0.654502898543,619894.138419
raise,0.654892459025,313064.367661
household,0.656405671972,214056.178121
looks,0.656812306484,39603.537992
open,0.657533502516,248459.057074
rolled,0.657581810054,85057.1927325
was-admired,0.658029743458,736248.461742
referred,0.659377551355,877810.438208
packed,0.660126002577,348640.409495
absent,0.6632938272,319505.283863
hesitate,0.668095762979,1705253.78358
look,0.670746705356,20819.5645473
likes,0.671137472541,77022.1001309
was-made,0.671747164263,40405.4957554
hide,0.671945052629,907821.14415
filled,0.672598861066,130918.346092
entertained,0.674674794881,240869.502332
shrank,0.674696542702,244867.035829
furious,0.67621086454,206120.178793
fear,0.676756873168,90012.5297026
careful,0.676893197761,223170.059836
questions,0.678946761643,122957.897612
appeal,0.681358383373,274667.883618
begun,0.682470971446,100414.998292
moment,0.684950033686,1342775.46533
clever,0.68528914905,289545.782259
consent,0.686268637095,361792.342443
lingered,0.69259077401,271698.768963
pleasure,0.695637338616,205699.622977
fastened,0.696309559327,355294.360246
conscious,0.696679417777,289416.164682
question,0.6973601832,140555.595977
was-murmured,0.697685313495,168318.14333
was-took,0.69886854216,21596.9499153
was-seized,0.700321367968,84509.2124701
sipped,0.700722858778,1804401.7536
lived,0.70074623074,26872.8497884
was-saw,0.702528227867,21156.6381505
learned,0.703721437341,44778.7159966
bedside,0.704408224415,232086.419298
composure,0.705745234088,229304.480673
was-determined,0.708887495438,93467.9188093
table,0.712440559716,112920.726212
frightened,0.712692102103,142714.435502
regard,0.712879067397,224999.484634
annoyed,0.714595940962,1091086.01538
was-roused,0.714858087376,246796.793172
was-seated,0.716582018416,188297.332123
appear,0.717926751696,221963.746057
was-leaving,0.718560672927,58858.7094505
confided,0.718608858885,280461.081827
changed,0.719111193554,77799.7870117
was-led,0.720434922253,42194.6203719
ill,0.723134329204,361223.842278
breathed,0.723426510979,252952.10191
suffered,0.723502271738,138975.262795
was-loved,0.724868637765,53760.2768796
task,0.725351422113,435465.427632
bid,0.726681266904,390551.687604
speed,0.727097119464,1155354.90655
troubles,0.727916285248,259024.458052
was-helping,0.72953067503,524466.056632
clothing,0.729598651153,385533.135169
arms,0.734716790717,15833.045737
daughters,0.735161612451,48685.5954741
was-approached,0.738022416153,196031.261343
singing,0.738148344207,297080.386777
was-astonished,0.741172042254,651196.030962
was-overwhelmed,0.742629278944,4465223.17978
was-asked,0.743034757257,5899.04957037
was-call,0.7448886887,34515.692086
feels,0.747829157779,136078.36415
trouble,0.748269359475,356336.458693
relations,0.753578515864,172109.52451
free,0.755069560449,317922.366156
withdraw,0.755149412192,4438677.34026
seemed,0.755856129704,18718.0531809
back,0.757075142775,21300.9408952
greeted,0.757876812324,137312.321811
complexion,0.758113761051,209446.651556
bore,0.758974107631,154400.301083
was-mean,0.759106100922,168095.743368
born,0.762993160494,416281.086246
was-understand,0.763667912899,154814.126602
drifted,0.764936299669,577640.177674
misery,0.765284769087,257249.52629
write,0.766405207231,97333.9628024
was-like,0.76713436694,39478.4882524
body,0.767982452601,22797.2020682
doing,0.768680977159,50612.5980276
visitor,0.769701908835,141975.748889
wandered,0.770661898696,334727.58476
glad,0.772080629796,48906.886406
dreaded,0.773604043531,740814.463183
sort,0.774105979681,181174.313894
despised,0.774137586636,761049.785665
pictured,0.774373708561,1185150.89543
supplied,0.775781669661,228148.909829
hand,0.778293951866,4649.1480578
engagement,0.778315620511,336464.353995
care,0.778614865764,62081.1853871
curious,0.779579303312,1355278.81975
attention,0.781502771926,48219.4294811
flew,0.783820302849,240889.421023
smiling,0.785446010569,110313.748568
bent,0.786082125066,1120720.57356
dislike,0.786123887106,818728.325318
was-beheld,0.788790628587,931201.23038
something,0.789174911741,314803.877146
advantage,0.790633122182,3602036.89947
smiles,0.793564480123,288314.206425
person,0.794397151785,30404.9341266
situation,0.797109837545,122445.957359
say,0.798304249375,15868.8783441
was-impressed,0.799270436981,230683.434653
attire,0.800866992939,728079.360606
suffer,0.805297421634,401630.304237
persisted,0.811112715321,263604.871226
was-draw,0.811887861322,883509.054696
explanation,0.814371289024,1380837.36408
safe,0.815162892613,172526.314802
was-deserted,0.815173895831,519637.705309
angry,0.815896435693,394554.57297
conversation,0.816074446004,195127.690219
was-begged,0.817840931277,264919.357799
dreaming,0.818699390799,542213.262795
persuade,0.819807648831,618000.005212
was-engaged,0.819885401586,91465.4487548
was-supported,0.823825953334,858102.594825
despair,0.824070821116,1013320.44857
behaved,0.824289201385,389345.475164
fond,0.82520824624,125830.765783
presence,0.82810976028,62798.1601201
communicated,0.828400332375,1108258.12679
was-reconciled,0.835214619139,753375.674499
reentered,0.835221674671,398297.842187
laugh,0.835427463216,184527.803471
was-assure,0.836242921954,510834.077719
received,0.837163250697,23684.1946383
giggled,0.837828442004,194449.653157
folly,0.847940616829,371823.95928
squeezed,0.847989773902,411308.238481
nice,0.848670806594,416442.505131
aware,0.849660691219,123910.815298
attentions,0.851290145266,244429.860346
blamed,0.852638533516,12136423.1814
liked,0.855444835526,38029.7473342
leaned,0.855670522354,49051.4839872
things,0.857479796756,183397.073824
attached,0.860077308756,1103650.41926
relaxed,0.861877234736,1045482.89223
earned,0.862562556502,844371.827491
pulse,0.863628290428,525014.545314
was-taken,0.864368566232,61300.7404167
encouraged,0.864480104918,1471076.28366
cup,0.865847189021,428838.020741
nature,0.867948784243,85504.7651796
clung,0.867996828825,295153.012915
observation,0.870755173538,286838.54976
was-show,0.875803150248,200653.665313
getting,0.878817381771,72937.6403702
was-upset,0.882348703999,1341157.68187
was-comfort,0.882984714205,296746.253908
was-overcome,0.883376008707,433553.496403
tongue,0.885158664965,46623.5922144
was-round,0.887556212597,761996.648515
manage,0.888705594498,323560.305709
was-forgotten,0.893224584211,203519.277772
cares,0.895001975975,400856.315
impulse,0.897792184852,1114726.73275
call,0.898042880224,116454.141334
was-explained,0.898126724361,623093.225235
dreams,0.900119298153,287717.334216
wrapped,0.900241465423,696703.860306
different,0.904438521757,508173.220164
was-marrying,0.904727102823,818193.857007
patient,0.904859130261,343878.499379
replies,0.906889389365,269219.516365
attendant,0.909955981449,298154.265164
hears,0.91013464407,415249.59775
asks,0.912814935456,153869.873688
was-cried,0.913245923631,12469.037883
crying,0.91396875278,212253.400594
was-drew,0.915815573333,255352.961427
suspected,0.917730012995,482045.390312
was-provided,0.919008658306,347356.96771
cries,0.919280850386,207315.335785
swept,0.919409788242,263331.102631
round,0.919526680893,113170.51089
costume,0.920448591399,350709.823259
suggestion,0.923761389056,2006695.80866
forgive,0.926423988156,618560.985027
was-address,0.926806999573,645591.740896
sighed,0.926947284825,55957.0647952
beamed,0.928877771511,445968.640025
card,0.929143361919,1395422.32079
buried,0.929346430749,311043.061317
moaned,0.92941242665,400030.332042
was-was,0.929590796492,280139.459801
time,0.931520791054,48728.2367915
broke,0.932924487298,72495.7881305
flesh,0.93627676258,480664.169521
hates,0.946447556409,194199.989159
detested,0.948070267251,2009738.62771
created,0.955524430765,732921.770851
indignation,0.95598882908,614414.174113
handsome,0.965603603304,291669.813161
marry,0.967489144627,88484.486201
nurse,0.968099913698,287727.053818
favourite,0.968595354996,124231.710871
amusement,0.969751557171,1528369.67355
understood,0.971585069647,91619.0911379
move,0.976803587233,274647.409601
robe,0.978029360763,387869.040331
brushed,0.978890225441,332677.049482
was-having,0.979944385296,1335263.81942
childhood,0.984603724356,2914617.71121
deserved,0.984934041777,497422.820058
fears,0.985459426329,164583.883629
laughter,0.986217224332,704481.937156
fainted,0.987167905115,417786.462964
walks,0.98850128738,301649.614962
was-embraced,0.993022384229,656394.990211
hip,0.995264648,983076.753436
prepared,0.995757334521,125484.181119
smile,1.00146181563,103369.235019
children,1.00149367367,27839.3663921
was-dressed,1.00325720601,163789.579795
vanished,1.00557811846,401994.024971
drawing,1.00810177038,347952.323558
pleaded,1.01210395718,141339.316881
dare,1.01355172153,591925.332943
sat,1.01443862401,14045.0064448
grief,1.01980208939,250166.68509
guests,1.02051674914,110683.352175
loss,1.03232683733,596458.385941
relatives,1.03261934864,329944.791534
mad,1.03357756432,426042.198887
creature,1.03420112995,169419.566005
was-confused,1.04028211853,755884.249409
prayers,1.04384449767,454004.189684
blushing,1.04450206556,5622077.24083
waiting,1.04725318802,84679.4118342
sensed,1.05150707194,330259.915514
wear,1.0546907264,176928.403886
hips,1.05538679601,331709.630682
was-frightened,1.05590384979,266363.347628
was-sighed,1.05650995262,517385.148856
dancing,1.05697125079,762446.954879
neighbours,1.05768216352,137871.499617
went,1.05804141647,6231.12457358
better,1.05913473057,126386.445243
sounded,1.05977680628,727466.253853
agitation,1.06798757946,803706.259093
disposal,1.06918778771,1776097.38526
lives,1.06930776055,141666.050056
weeping,1.07000898623,310483.993584
night,1.07469563601,137936.97689
please,1.07522647266,415866.285039
was-touch,1.07537391849,1102051.6018
coming,1.07600291136,61942.2216609
watching,1.07625757029,360127.563743
relation,1.07872889226,423726.671845
worn,1.07904588068,578520.345336
was-prepared,1.07972209232,299163.15609
wept,1.08324136713,230184.440062
burning,1.08324988466,844772.205672
rooms,1.09411893338,427105.799397
spectacles,1.10010694101,176404.709345
leaving,1.1021689758,577074.018374
refuse,1.10306027995,959085.443233
memories,1.1051016319,4394675.93951
leaning,1.10899562891,445743.667847
faltered,1.11220265421,689031.45639
washed,1.11276873895,341221.487394
prefer,1.12090663628,535041.217269
was-pressed,1.12132611232,1202045.56388
letter,1.12482709287,50184.9071999
stroked,1.1280681932,1476680.39788
manners,1.12923484625,176775.954068
joy,1.12954283873,949585.79903
gone,1.13797325217,24274.7690221
form,1.14839212635,175718.83376
preferred,1.15372102025,350067.899484
was-helped,1.15564785657,315195.088004
was-began,1.16084779129,537353.689346
trembled,1.1660564668,493250.898815
endeavouring,1.17238679046,2591793.63226
declared,1.17674293575,69068.4638023
was-possessed,1.17791746023,559267.707249
was-married,1.18059328724,83279.5388097
sake,1.18251657608,150854.56682
bit,1.19152052707,372128.471661
waist,1.1967904821,144578.532017
live,1.19806980345,112065.473671
trust,1.19998483519,254814.743935
sitting,1.20068007648,57510.7461962
sleep,1.21127175193,157592.382931
delighted,1.21161769138,173242.831675
answered,1.21440199649,25845.708716
kiss,1.21650906567,865216.029537
lord,1.21676210592,129094.375181
admitted,1.21770951942,103146.970681
affections,1.219789339,256754.537592
protested,1.22092724309,243782.576124
colour,1.223178971,2953705.2069
bonnet,1.22598879461,246959.208904
aid,1.23155601359,301203.33819
own,1.2361795707,33022.1449783
welfare,1.2395328689,1930771.8817
cottage,1.2424493141,126330.464025
was-terrified,1.24287736321,1122068.36511
condition,1.25090958592,174262.158309
wearing,1.25128248894,203620.107627
happiness,1.25249914007,234497.90616
accused,1.27485367113,1999301.39574
was-grabbed,1.28705066703,1552658.17091
heart,1.29459033473,14695.6475181
manner,1.30054713013,67438.1278011
was-exclaimed,1.3006953919,32133.0779029
recovered,1.30289699114,146452.911873
news,1.30883878578,523630.042944
grandmother,1.31064040281,180413.318071
murmured,1.31694330277,102211.136339
distress,1.31811202188,664031.325683
was-felt,1.31925807748,1273259.5642
affection,1.32988069857,399255.021144
was-support,1.33355245093,1353757.7834
gasped,1.33510931809,231186.269573
was-watching,1.33624374352,195667.516211
acquaintance,1.33740098789,552098.082519
listen,1.33771617837,255202.838797
burst,1.34033329634,255057.593978
alarm,1.34057975862,3178121.58948
comfort,1.34086505119,563589.598677
ankles,1.34223191904,660050.963385
pale,1.35844293156,346350.136963
baby,1.36265543993,194728.936323
afraid,1.36618077115,92898.8199596
guardian,1.36894537505,627627.150895
sobbed,1.37645136516,359972.60089
calm,1.37978118065,776525.691743
love,1.3830470506,88550.3449637
???,1.3832841863,39845.4759456
little,1.38507181519,3381656.43547
bosom,1.38815108721,64440.3836675
was-persuade,1.39228949444,259251.852336
was-kissing,1.40585884847,516470.874022
image,1.42092691972,1448517.60564
window,1.42397760121,238022.36218
reply,1.42721849946,220163.629046
over,1.42857669474,996332.291734
that,1.42926675222,3260599.53693
charge,1.43391892288,214940.758709
was-miss,1.4409464236,665264.812402
whispered,1.44458887858,59821.9859134
was-shocked,1.44918676526,823790.852468
clasped,1.45306113206,537733.752673
sisters,1.45876113233,151121.496343
lips,1.46443519073,30124.1267642
voice,1.46545179319,15312.9337016
understand,1.47023190997,98354.1739631
one,1.47144721583,221997.826022
managed,1.47288888829,113544.828467
replied,1.47333407006,14050.9148705
married,1.48578613737,91019.3120426
happy,1.49625408116,154812.109076
asked,1.50018531145,9219.96641942
kissed,1.5022247444,158508.860335
cousin,1.51129135426,51252.4208307
sit,1.51756955958,274834.047816
down,1.52945219592,479150.863231
entreaties,1.53203374383,765232.878268
grateful,1.53622191907,2247745.93968
again,1.53703630222,947097.214874
like,1.54178292228,49132.2777543
evening,1.54444796518,1252662.1573
father,1.56023488515,3682.09469716
niece,1.56403635171,69277.7025405
intent,1.56652820247,822385.39386
gown,1.56664256512,320167.58449
cheek,1.58012746136,67005.8031793
about,1.58252049758,822004.852882
was-kissed,1.62628925218,112201.644126
sank,1.62756985714,178403.17841
away,1.62865980868,797905.395651
blushed,1.63786880389,386149.402041
dressed,1.63803065086,306242.957174
true,1.64387353283,524150.546945
face,1.65201932209,8835.99172066
opened,1.67053066176,53984.6146731
refrain,1.70812127122,5007051.75302
chamber,1.71958129237,257453.10435
charms,1.76889977897,417810.209523
parents,1.76958907876,80906.7917196
more,1.776733848,264618.28027
was-tell,1.81415637645,31848.927228
lap,1.83588971471,138713.782671
bedroom,1.85867944046,271859.87328
figure,1.87472141486,218432.866375
child,1.88866919955,52983.0947062
room,1.91280267958,36788.0768228
smiled,1.93751422879,46100.4399055
cry,1.9386675045,937508.798705
aunt,1.93958068798,170795.919681
home,1.97411004359,95394.1512029
up,1.98674760085,1061307.17604
sex,1.99212627617,280989.478754
helping,2.03932540466,2821829.36017
now,2.06422139653,608803.501627
there,2.07857366555,451914.932037
screamed,2.0792790914,152828.596414
loved,2.09344049356,63690.4910942
cried,2.13749687838,30622.668859
apron,2.17992686898,239897.998895
beautiful,2.22146425764,1267467.7405
tears,2.24166614594,245211.315289
breasts,2.40971072076,408910.651618
skirt,2.48887410822,533585.384917
beauty,2.52327423136,191408.188673
dress,2.5634500471,127494.466622
cheeks,2.70703714621,148644.875315
maid,2.81730846992,414013.06348
mother,2.9777930167,19314.2709282
lover,3.31379406466,96893.260698
eyes,3.53781433044,13953.8536143
hair,4.22580323388,89533.260774
