master,-3.27102751137,-40799.8973153
horse,-2.92551091924,-130121.169431
coat,-2.71912611592,-342220.130965
pocket,-2.68287062698,-284231.206423
fellow,-2.51865387081,-383319.675559
pockets,-2.46309657867,-1669250.76883
hat,-2.40009943307,-126568.529839
passion,-2.28239508647,-512129.522676
took,-2.26583190648,-21458.4633037
sword,-2.09523120348,-1430364.87745
office,-2.05248404916,-354878.968969
made,-2.02913443376,-18269.6959479
shouted,-2.01163662972,-289565.413007
rode,-1.90436780365,-280049.659715
departed,-1.89195010897,-342053.010879
led,-1.86915539439,-141689.980643
pipe,-1.8271215459,-196057.047263
studying,-1.82000796141,-1055329.06828
was-get,-1.78962908609,-192570.138271
done,-1.77004067509,-50000.8848834
drinking,-1.76504596221,-1647570.61766
seized,-1.76424034362,-291995.478185
walked,-1.72725029867,-64138.8808366
boots,-1.71069242476,-429463.642124
strode,-1.70397289612,-759026.581248
trousers,-1.70250646444,-581087.172159
study,-1.68269706231,-636351.745984
was-shouted,-1.64746026298,-469670.162697
beard,-1.64085078763,-504219.45054
family,-1.63550367717,-35957.8969886
regiment,-1.5913372283,-825294.036224
legs,-1.58345717852,-154328.790012
affairs,-1.57987235738,-224470.81193
was-hold,-1.54356657517,-928133.71964
cigar,-1.53691559726,-435635.799496
eye,-1.52730772891,-56738.9118707
bought,-1.51885233769,-192115.29768
crossed,-1.51765706831,-280218.106422
prisoner,-1.51071004293,-910047.937259
grinned,-1.50594104185,-264211.633151
attentions,-1.5050844209,-223875.224885
return,-1.49901987104,-60839.6995627
cleared,-1.49607770902,-637743.509605
travelled,-1.48609524994,-608184.043372
was-thanked,-1.48331156656,-130750.811919
habits,-1.478786659,-743722.026917
men,-1.46368194697,-110549.542644
vexation,-1.46218232691,-30742497.6229
spoke,-1.46060539863,-26155.1358827
brows,-1.45901055906,-690157.563017
shirt,-1.42872279774,-355224.814723
fortunes,-1.42338960451,-2375982.36528
desirous,-1.41231740717,-802256.466967
jacket,-1.40872752335,-413200.19681
broken,-1.40536460396,-250945.571991
escaped,-1.38110809126,-354884.431917
roared,-1.37630238193,-832017.71377
horses,-1.37606212835,-731575.046377
collar,-1.37073120793,-733018.655569
grasped,-1.36673646677,-609524.018168
was-drove,-1.36659528865,-4009251.78268
knee,-1.34800264647,-298672.937178
arm,-1.33948525654,-33495.9331403
books,-1.31265514098,-339697.674142
rubbed,-1.30360605581,-567240.209857
stick,-1.30329496828,-326949.48895
favour,-1.30247212688,-118538.720611
groaned,-1.30107529352,-1686702.1838
bowed,-1.30090160021,-207808.959167
orders,-1.29850912355,-260168.214807
genius,-1.29530582187,-295960.574782
suit,-1.29045656007,-577038.129833
fashion,-1.28658202695,-1186019.53164
profession,-1.28326753536,-297330.58892
was-charmed,-1.2831265558,-495474.049813
library,-1.28145004524,-503411.717205
was-seized,-1.28046879437,-231599.082044
released,-1.27723905868,-1315960.76973
was-met,-1.273242655,-52754.9014372
was-killed,-1.2701276479,-138808.415129
coming,-1.26230441779,-55716.9917952
interest,-1.26213777393,-243647.022209
faced,-1.25983542496,-452564.942992
obeyed,-1.25244181149,-249240.950693
raised,-1.2474865099,-81946.391042
ridden,-1.23989672135,-3373438.16622
was-gone,-1.23873460218,-59525.2251617
approached,-1.23398713577,-173472.71253
saddle,-1.23081240665,-1035779.0704
grasp,-1.22471635588,-362483.001119
was-invited,-1.22072563416,-206631.046228
hailed,-1.21894023177,-511554.720773
won,-1.21830349369,-139768.825524
backed,-1.21824211092,-1086553.64464
honour,-1.20951163917,-378138.743813
was-leave,-1.20514457812,-66305.9031819
errand,-1.20329240754,-795281.470855
was-nursed,-1.20167558122,-584147.103521
meal,-1.19651628122,-1395622.45599
was-brought,-1.19519203415,-68800.8698439
title,-1.19375046588,-481323.027285
desired,-1.19006123681,-103938.955317
was-called,-1.18791660844,-56971.2428325
was-demanded,-1.18483871633,-474315.031371
heel,-1.17766095728,-618102.67839
be,-1.17649061995,-25981.6729117
character,-1.17206459715,-50655.2092345
was-throw,-1.16589937497,-1323927.07988
country,-1.16567160848,-117088.455669
leapt,-1.16534100204,-336733.29035
dwelling,-1.16491606233,-722598.482693
was-knew,-1.16348948317,-103651.477667
desk,-1.16091444762,-122940.414643
assisted,-1.15721697439,-672194.129191
plans,-1.15528031971,-241651.050981
proposed,-1.15324963452,-223213.055485
was-meet,-1.15287222831,-101457.693831
delivered,-1.15002094579,-736251.806217
appointment,-1.14827375577,-471918.655025
was-affected,-1.14681773543,-395821.449087
shoulders,-1.14649709853,-60500.6209289
skill,-1.14592904874,-284171.91239
knows,-1.14079886249,-32203.2531123
host,-1.13947152289,-723986.525699
ancestors,-1.13798263548,-3589535.48577
acted,-1.12911322536,-201928.739659
declaration,-1.12606324886,-16407254.3029
land,-1.12461071709,-568754.299915
been,-1.11950364892,-23807.713355
buried,-1.11758268994,-393556.056468
arrived,-1.11682623511,-49445.6933841
staggered,-1.11561035118,-800325.945166
manner,-1.11397813419,-49235.6225624
lead,-1.11171167202,-428324.308377
patient,-1.10424898046,-174652.878291
guide,-1.10366738319,-514410.68428
fists,-1.10108240532,-3927562.92281
kill,-1.10014148033,-877540.197457
was-warn,-1.09553172396,-737564.891719
ready,-1.09551307775,-134060.087335
associates,-1.09368454938,-612742.824843
sides,-1.09218818208,-1827163.77886
enemies,-1.08794023435,-467734.158788
thinking,-1.0874797493,-209342.488616
spirit,-1.08142017805,-121657.400685
rage,-1.08116795486,-290152.095356
gaze,-1.0793473961,-367791.188719
blood,-1.07929385117,-166725.558183
intent,-1.0729885005,-641466.573007
revenge,-1.07182924225,-1785456.0786
rank,-1.06973406027,-353857.178715
services,-1.06863041291,-159625.415011
absent,-1.06834585961,-307031.450216
youth,-1.06220605432,-226882.782378
was-dispatched,-1.05887921393,-747356.312998
held,-1.05527480135,-39782.0310197
command,-1.05325500056,-307880.950434
gives,-1.04845429036,-108963.618667
takes,-1.04824805462,-131075.000727
was-condemned,-1.04677197894,-509386.865966
anger,-1.04616738112,-195503.106631
was-bring,-1.04506720425,-110822.876993
secretary,-1.04316469528,-194640.126928
caught,-1.04089981319,-46039.6069044
was-cost,-1.03818693384,-3581269.62771
got,-1.03591097278,-19024.5856165
was-informed,-1.03553537992,-113830.110343
brow,-1.03448620983,-140885.394716
was-let,-1.03160700969,-210435.926371
majesty,-1.0311802007,-157641.993684
was-wished,-1.03065202422,-387338.794871
was-faced,-1.02827410005,-538394.614551
bearing,-1.02528958124,-973454.859849
confess,-1.02521277666,-356670.334124
wound,-1.02431112948,-492499.66182
owned,-1.02402704998,-430343.261753
gun,-1.02330469612,-384736.233412
bow,-1.01844363532,-529403.148371
was-shook,-1.01597098579,-2769312.07066
follow,-1.01564068554,-277365.616513
was-sending,-1.01297629984,-267123.997906
was-marry,-1.0129334609,-56403.4578986
counsel,-1.01283950671,-295068.687978
was-inform,-1.01239289353,-322122.450906
servant,-1.01016210905,-162021.378566
was-attacked,-1.00707158657,-345870.590236
commanded,-1.00622828043,-520870.202896
approach,-1.00601656798,-412288.104866
passions,-1.00465472675,-713760.36863
noted,-1.00207146138,-305035.579247
was-trust,-1.00010437037,-902932.636692
termed,-0.994236361073,-1413380.40426
loves,-0.992530997095,-72698.0684011
resumed,-0.992457686486,-160302.409106
was-kept,-0.986926285027,-214304.360236
reputation,-0.986730123646,-507350.556383
mission,-0.984969441643,-482366.00637
gazed,-0.979011443917,-132721.439043
permission,-0.978894685916,-607594.727625
danger,-0.97827035356,-970380.395845
was-urged,-0.975817735942,-355120.881035
was-annoyed,-0.975727008782,-252285.067933
food,-0.974796766482,-15688097.3352
countrymen,-0.974446127949,-248269.945973
respected,-0.970145594155,-324998.823009
was-changed,-0.969351880681,-600366.590757
were,-0.964982197476,-23123.1893816
thrown,-0.962866503809,-351613.538471
established,-0.959241660336,-870710.706789
was-reached,-0.959213526556,-188561.763875
handed,-0.958467252708,-146290.140967
gone,-0.954986020379,-23087.5805483
was-passed,-0.954724696633,-170022.185111
turned,-0.947461226812,-12883.2050014
plunged,-0.946954368409,-213995.793532
fist,-0.945699199603,-128560.049868
motioned,-0.945669746591,-752516.111092
leaving,-0.944723412822,-358420.791073
returned,-0.943217108442,-19142.2498572
was-believe,-0.941701472854,-615115.990476
was-tell,-0.940547667679,-13495.7192838
claim,-0.940280642868,-720400.576372
steps,-0.936921180721,-111135.118425
risen,-0.935445559437,-1001526.7301
was-inclined,-0.935264843011,-279023.080175
rich,-0.931750563841,-423763.056075
chance,-0.931526172535,-359221.518555
was-saw,-0.929420279709,-24526.7040627
take,-0.929111422439,-23409.3543977
waved,-0.925701671796,-286300.915816
attend,-0.923461019399,-452885.472587
keeping,-0.922131148122,-192507.345726
needed,-0.916394184179,-122400.07123
was-recognise,-0.916369306135,-345934.466164
ones,-0.912830435312,-237260.306736
rights,-0.911125518486,-361087.280438
running,-0.909661676411,-367976.029187
estimation,-0.908251811383,-666112.859176
intention,-0.906794500537,-138692.19289
was-detained,-0.904889533099,-1800648.5224
was-restored,-0.902522511507,-420894.285022
hastened,-0.902051222156,-125024.593742
was-encountered,-0.899341560899,-474517.20569
chest,-0.894404047002,-371704.167152
was-beat,-0.893150005108,-293209.494947
halted,-0.891165938035,-937610.030712
ground,-0.890221006306,-450017.240775
fled,-0.889678298559,-266608.369743
swore,-0.889196797495,-372620.486616
forget,-0.886570063933,-119487.147686
departure,-0.884334914819,-67364.0838602
was-shaken,-0.883649392246,-414048.253272
part,-0.881556335689,-62831.7642886
prospects,-0.879746015561,-793041.274611
lie,-0.877066651708,-328659.791309
was-pleased,-0.874708108541,-69658.7857007
was-inspired,-0.872093891345,-756590.174344
free,-0.871542312032,-215626.100428
given,-0.867236801576,-38775.4058888
search,-0.86380257407,-287821.51497
swallowed,-0.862852507054,-2258107.52781
enjoying,-0.862240497088,-573676.965975
judge,-0.861019799244,-614514.932809
joined,-0.857205885409,-70259.828598
arrive,-0.856534320678,-580294.06202
enthusiasm,-0.853890053514,-268629.087193
absence,-0.852520357181,-80700.3470376
rival,-0.849764612315,-437769.586081
playing,-0.847069904173,-102050.700583
was-struck,-0.846722756163,-134535.658637
using,-0.845957203397,-699026.19141
was-touched,-0.845446892576,-192875.64051
demeanour,-0.844299737229,-4603828.11601
eager,-0.843428762845,-227429.394706
employer,-0.841849042268,-449670.697337
property,-0.84103702728,-81879.6698893
flattered,-0.840443914879,-3377654.90657
clever,-0.838114243401,-394644.456291
was-moved,-0.837971542058,-347768.102612
growled,-0.836814337913,-545667.05963
vol,-0.836465558535,-569954.373732
yielded,-0.834306662471,-344915.648662
break,-0.833172106339,-155443.31123
goodness,-0.832514033144,-2000686.49426
drunk,-0.832398026939,-121090.147261
remained,-0.83214798777,-79147.0118914
weight,-0.831869943721,-287131.99546
woke,-0.82665950466,-993856.383235
was-recalled,-0.825446519937,-637712.577217
progress,-0.82498786629,-412701.240874
completed,-0.824657803934,-3477118.77697
spared,-0.824111567926,-261264.493117
was-see,-0.821297830278,-11500.8633662
written,-0.820340294561,-72792.288873
reasons,-0.818074613115,-402650.471284
hear,-0.815953783897,-37124.4387759
purchased,-0.813128057966,-308413.758986
came,-0.811192081836,-4540.36662714
consciousness,-0.811099436214,-1200353.50083
volunteered,-0.809997767843,-1733037.58784
accused,-0.808048268384,-311240.444827
surprised,-0.806468515188,-1138883.954
stepped,-0.804604028195,-96891.8549107
approbation,-0.804475518534,-1765109.64396
word,-0.804072774406,-159260.385051
quarters,-0.802617512895,-1125893.21219
show,-0.801950848438,-204398.889355
corner,-0.799037633617,-441026.395041
heir,-0.798581013252,-740529.47383
blind,-0.791740239116,-747712.554344
member,-0.79108964299,-391056.801598
laid,-0.789344579856,-70996.7265208
death,-0.788494593673,-19079.773307
marched,-0.786697841305,-337380.422888
visits,-0.785502523702,-200182.340276
shook,-0.782545576591,-35965.4742022
loved,-0.782011531147,-21720.8952203
entertained,-0.780506043648,-354208.37234
was-acquainted,-0.779659158589,-185053.470022
advised,-0.773243868033,-130558.081831
was-seeing,-0.768706725027,-94253.3428997
approved,-0.7686299292,-945371.058706
was-written,-0.76556697414,-869580.984001
goes,-0.765565334383,-74932.202965
knowledge,-0.764992149583,-125563.417798
flung,-0.764167109116,-108452.964086
fight,-0.764044834912,-757548.743026
clasped,-0.763905584185,-293450.635196
was-make,-0.763734029573,-101636.766607
offered,-0.763390053989,-57229.9452464
lying,-0.763190665363,-127450.052364
enter,-0.763093433102,-188523.384306
attachment,-0.763036450021,-141091.191928
mood,-0.763007155949,-582804.536213
straightened,-0.762447661941,-623509.648624
sleeve,-0.761533459593,-318451.915958
welcomed,-0.761169949369,-472095.300537
store,-0.760452975235,-25505.1085586
dog,-0.75970987463,-934008.493412
bedside,-0.758372517792,-181775.834456
recall,-0.758049742204,-687928.292554
entered,-0.757904824208,-21210.7472314
was-thank,-0.756678937095,-159905.49705
generosity,-0.753673186208,-168481.134642
was-offered,-0.752735160113,-322658.192171
will,-0.750859140083,-90993.4710198
was-reach,-0.749959163425,-1033552.99886
replied,-0.748064419692,-10437.9187685
pursue,-0.747075663118,-595063.773863
was-asking,-0.74526706214,-223529.143361
fire,-0.740954248493,-415916.287845
wounds,-0.740076625911,-1306791.67583
was-carried,-0.739750706993,-98933.8135543
was-accompanied,-0.739554591201,-98400.2165401
undertaken,-0.738083467326,-335649.752574
reading,-0.735033211379,-176352.224042
attended,-0.734070256136,-86844.9733557
sprung,-0.733569632408,-2042214.02192
whip,-0.733311703221,-1297619.53936
sight,-0.732459222284,-228039.241043
get,-0.731238111147,-29081.4693232
come,-0.730707096814,-7778.73172156
clear,-0.729485613909,-716898.944231
was-taken,-0.727805853935,-43640.5988815
adored,-0.726532538463,-267639.062127
was-reminded,-0.726360086953,-183923.553218
eloquence,-0.725162627211,-1320881.47138
taken,-0.724153933485,-28774.5315054
pause,-0.723087974819,-4778518.70871
saved,-0.721936226325,-194492.317272
change,-0.72184889703,-154876.924871
grandson,-0.721023064986,-176815.622144
gain,-0.720343439303,-253791.864533
doubts,-0.720092770892,-454437.929231
acquiesced,-0.719715650186,-1340837.34935
jealous,-0.719608572669,-338481.650302
wanting,-0.719582748785,-166905.047811
succeed,-0.719232173869,-397051.281875
seek,-0.717347890565,-240064.775737
dropped,-0.71685433527,-52782.776498
delight,-0.715760939946,-187189.356392
burden,-0.715137221236,-418175.527565
was-filled,-0.714555156326,-132990.818373
standing,-0.714512782618,-53543.7700936
lose,-0.713726700701,-223289.214052
was-smote,-0.713091859368,-1854064.92715
discussed,-0.709142226524,-1019999.95331
forbear,-0.7087961612,-689666.601989
silence,-0.70567497567,-201540.707433
remembrance,-0.705340419134,-830916.612931
was-seek,-0.704181108626,-145037.93184
excitement,-0.703428817757,-1149720.60389
wait,-0.703268050192,-91554.0157369
was-leading,-0.703015800684,-2157994.05185
drifted,-0.702364536873,-656332.082414
liked,-0.702080802196,-23013.5365963
paying,-0.701925326461,-1440969.47493
paced,-0.701619749026,-726650.940085
car,-0.696395583015,-46080.7786889
pillow,-0.695098050736,-123625.399467
was-amused,-0.694440043224,-334560.05397
hinted,-0.69270872789,-251612.126805
employed,-0.690721929801,-193307.276851
path,-0.689591996409,-255048.040474
re,-0.688355923956,-385811.758716
chuckled,-0.687483289886,-142879.128828
mumbled,-0.684455356649,-838400.907444
happened,-0.68136599246,-197591.426545
was-hear,-0.681163274911,-219131.604428
wounded,-0.679431643823,-1044680.88417
success,-0.678149831849,-225315.042805
was-studied,-0.677934835219,-2703966.66562
knife,-0.677877109583,-236560.709952
proved,-0.676870054272,-324890.125472
existence,-0.675486903716,-203425.918024
need,-0.675440236966,-171836.407772
was-haunted,-0.67515716459,-2181706.5348
pronounced,-0.674654885475,-70281.377662
estate,-0.674494571075,-145642.150799
lain,-0.670999482797,-1791000.51318
trod,-0.669844155023,-487126.021545
was-introduced,-0.669389231867,-213429.199263
different,-0.668390477022,-1395579.57332
prey,-0.667575258778,-538451.100884
drink,-0.666557968872,-229437.494965
limbs,-0.666425652405,-155495.291886
art,-0.666343286723,-245557.817516
mention,-0.66631374814,-414849.725597
hesitated,-0.666080134933,-96673.1179082
snatched,-0.664724780718,-141697.974004
attempt,-0.663762222158,-271556.999532
love,-0.66220535015,-19405.7152382
acceptance,-0.6617770399,-671829.767102
was-regard,-0.661451388004,-293135.730862
fond,-0.660834602636,-61135.3649001
bad,-0.659958628072,-477011.097437
saw,-0.659290773683,-6923.98850171
guilty,-0.657911823208,-963889.929784
found,-0.656953844007,-8677.65051213
was-remember,-0.656823059746,-201077.776075
started,-0.656784446432,-31210.4167449
inspired,-0.655875278887,-4317824.46354
try,-0.655060209426,-108450.152223
was-interrupted,-0.654596106397,-223630.516122
encountered,-0.654273123824,-160667.8502
resist,-0.653275075605,-247631.246076
was-watching,-0.65298340078,-142664.29192
order,-0.652820381917,-244861.671059
bent,-0.652695029228,-710615.706676
conviction,-0.6519298074,-403439.661127
watch,-0.65126578798,-67245.524097
spent,-0.650395569069,-57160.5029308
acknowledge,-0.650361443339,-4972735.04581
nephew,-0.645931989404,-29094.3405447
grumbled,-0.6439920866,-3752870.92542
was-awaited,-0.6436176459,-838782.424855
brought,-0.643336660103,-15801.258301
widow,-0.642623615167,-142203.470796
was-sent,-0.641194682589,-44933.503323
built,-0.63872312108,-99658.203187
interested,-0.638713114028,-283512.350487
lay,-0.638428798364,-20033.5652217
able,-0.638333980056,-25527.3809308
was-attend,-0.636961769241,-187904.868996
considered,-0.6355669494,-45826.1095845
stretched,-0.635429341498,-108890.955152
heels,-0.634551568374,-103947.921127
anticipated,-0.633768968272,-228966.743012
die,-0.6327609869,-66871.8456316
quit,-0.632574742067,-343192.171154
pulse,-0.632424497053,-248503.211866
companions,-0.632326812977,-32652.5723528
disappointed,-0.63152339106,-947811.974879
forgotten,-0.629568236226,-48719.0212417
behaviour,-0.628640053971,-153817.621566
eagerness,-0.627384350318,-310269.65393
generous,-0.62737079314,-197782.664659
safety,-0.626629612381,-405581.134493
relations,-0.625759089584,-138646.137081
turn,-0.625542401703,-44340.5652041
was-echoed,-0.624557029101,-83770.5005335
finished,-0.621173475668,-59467.7588155
sympathy,-0.620479892854,-195242.504637
practised,-0.62007366727,-715365.043786
marvelled,-0.619677865755,-910161.010091
farm,-0.619616039306,-80034.6158704
line,-0.618040463049,-185188.507989
pen,-0.617246823914,-366094.497872
quitted,-0.617055406447,-140389.941704
recollect,-0.615373779477,-459516.607326
point,-0.615309824028,-143050.728392
paused,-0.614327271443,-42589.8466519
career,-0.613086092515,-248044.199274
intimacy,-0.61234860734,-127653.678866
open,-0.611039976757,-205268.548705
silent,-0.610213350946,-107109.640623
darted,-0.60804049847,-215305.668072
deny,-0.607400093639,-151367.80402
wrist,-0.607062777233,-285314.966264
seemed,-0.606609302863,-16099.9416039
going,-0.605415242774,-10266.3804518
engaged,-0.605251036513,-233341.999903
was-set,-0.604331221937,-75567.8150366
jumped,-0.604254758487,-135195.930512
was-did,-0.602702780441,-180437.499439
dismissed,-0.602652957883,-573328.305338
believes,-0.601406683323,-330672.408065
was-lose,-0.595977649911,-579037.62012
was-guide,-0.595645486467,-666577.681083
use,-0.594363752577,-158316.528087
riding,-0.593749248179,-236597.43248
twisted,-0.593744917542,-1245506.37683
was-driven,-0.593358297873,-146934.59092
ambition,-0.59259078388,-238272.240811
gotten,-0.591265163805,-233947.410213
convinced,-0.589737034738,-1090935.73325
long,-0.588740606324,-699901.464297
cross,-0.587504867955,-216670.291832
uncle,-0.584889616128,-3081.39244359
suppose,-0.582986697665,-284921.45947
communicated,-0.582984340442,-647935.711335
liberty,-0.582516433973,-371046.125486
thank,-0.581724487854,-177106.656078
was-showed,-0.581185278606,-782925.247654
lives,-0.580221766693,-72530.9320451
begins,-0.579226561585,-165015.02619
danced,-0.577499672234,-344630.687542
last,-0.577418162137,-353841.347921
circumstances,-0.577005075739,-372803.225409
tenants,-0.572806675346,-319170.381011
drew,-0.571836116303,-22227.8668206
merits,-0.57171908996,-187379.901916
was-mean,-0.570850774209,-405278.58569
guilt,-0.570764056747,-756988.571025
recommended,-0.569368832881,-196775.529697
'll,-0.567428982614,-92988.854745
shrunk,-0.56680929228,-298134.867969
was-received,-0.566362956329,-61344.4874556
suspicions,-0.566017864073,-337091.981393
fain,-0.565858178119,-256795.407015
was-ordered,-0.564875179216,-236487.061446
searched,-0.564666222946,-202165.175288
bade,-0.561490074518,-182941.102295
placed,-0.560540361422,-36867.7169697
attached,-0.560268887313,-516385.825944
crushed,-0.560172450478,-184736.402138
ordered,-0.560021385675,-79857.9317577
bestowed,-0.559224190102,-121968.791874
declared,-0.556379585853,-27504.7263774
fortune,-0.555409474079,-35346.4501493
consider,-0.554962345684,-88964.8961654
supported,-0.553801242577,-234260.034569
stroked,-0.553581160324,-580428.096515
lent,-0.553158347231,-366915.834006
jerked,-0.552781043546,-677367.177364
opinion,-0.550226162167,-49494.2398561
permit,-0.550019577226,-93605.1455797
conducted,-0.548020273051,-209427.463161
killed,-0.547920142136,-233633.750735
destiny,-0.547887256255,-213314.470304
was-stopped,-0.546485044258,-144596.784276
disposed,-0.546447772787,-275605.608388
drawing,-0.543645552725,-453442.003217
glass,-0.543640901671,-109662.478556
was-regarded,-0.543432955728,-150203.900161
smoked,-0.543308596961,-394778.116367
was-loved,-0.542898634043,-29459.1747812
relation,-0.540825944173,-313669.931805
was-pulled,-0.54050063048,-156784.522669
added,-0.540097984024,-10684.8365441
guess,-0.537520524749,-486482.352929
was-understood,-0.536574365467,-143431.712732
was-questioned,-0.535159784957,-148702.290785
obtained,-0.534422336332,-118522.408368
gets,-0.533292962559,-80373.665544
questioned,-0.532759845166,-207718.37929
acting,-0.530239400645,-312833.429944
freedom,-0.528705523009,-449430.137401
fool,-0.528146736698,-110772.100456
arms,-0.525535443186,-13670.215713
nature,-0.5245598547,-55604.7404154
remark,-0.524051980436,-211514.804595
received,-0.523786858724,-14105.213761
rest,-0.523504882901,-112571.923342
aid,-0.519680638624,-207314.433081
control,-0.518852900261,-622852.636184
stayed,-0.518574643235,-51415.2701808
sustained,-0.517626152523,-222966.705965
friendship,-0.517575624394,-148918.798469
smelled,-0.517232464396,-337938.717825
doubted,-0.5159171475,-252320.968071
waited,-0.515749014782,-38430.3968161
understood,-0.515725692977,-32630.5046811
commands,-0.514875179585,-236172.201855
brother-in-law,-0.513055950635,-283036.331244
swung,-0.512432289576,-239622.539682
coloured,-0.512237034442,-277746.947943
appetite,-0.51205181966,-393032.360936
landed,-0.512012487792,-345828.328001
dealt,-0.509721838095,-672399.261838
promise,-0.50958302778,-118469.485383
chooses,-0.506770289571,-419049.645996
retreat,-0.506045129452,-282168.543165
principles,-0.503800285154,-69280.1372605
conversation,-0.501756465723,-64207.8208663
possess,-0.501458225566,-692037.367124
shoulder,-0.500792502496,-27732.8978042
angry,-0.499762241084,-78120.7317888
distinguish,-0.499389980116,-538838.61814
deemed,-0.498412541177,-490636.806446
ability,-0.498395760713,-425871.664962
was-exhausted,-0.498376767583,-407416.141004
ruin,-0.498206672527,-881421.311567
wonder,-0.496647422708,-162105.896075
pressed,-0.495520121186,-50818.227192
thumb,-0.494330625097,-653202.257808
authority,-0.494258586662,-230054.537142
roof,-0.493522354706,-658739.120885
refused,-0.492623781207,-33994.4888185
was-kill,-0.490063541671,-154998.202012
duty,-0.489438732742,-75581.8999455
judged,-0.489111479384,-167708.294795
sick,-0.488139924448,-106655.447947
notions,-0.487933758535,-491020.676014
wont,-0.48586652789,-124753.600126
suffering,-0.485426093306,-159600.696902
course,-0.484551244927,-109285.020029
win,-0.484371861329,-150291.915498
was-telling,-0.483715116618,-48751.2234367
detested,-0.48370853239,-332360.668946
quiet,-0.483383250603,-176453.778031
trusted,-0.481067245228,-186043.033312
hatred,-0.480356689225,-338180.343662
exertions,-0.47962587995,-181682.898119
requested,-0.479181248304,-163941.822818
writing,-0.478683667893,-216236.728159
counted,-0.478519792729,-1479919.47471
better,-0.478282723874,-77858.612746
was-oppressed,-0.477689000391,-208470.146233
was-holding,-0.477393947307,-194294.670838
perceived,-0.477081524867,-84441.8857912
appears,-0.476861198521,-127837.981574
was-attracted,-0.476181397264,-433816.59464
friend,-0.475981844295,-4438.10032965
muscles,-0.475475283188,-2713130.09337
was-repeated,-0.47435601499,-311765.071475
touched,-0.474079236117,-57307.9980571
reverie,-0.470539719441,-966849.199777
works,-0.470386843233,-104700.523885
was-threw,-0.470116615843,-140691.518718
is,-0.468620061816,-3047.80818145
leaves,-0.467400014477,-197024.235686
capacity,-0.466425922185,-318733.921285
life,-0.466339871554,-6505.10933328
listened,-0.464228697321,-31471.120327
eyed,-0.464143455419,-129094.191033
cursed,-0.463590065002,-482308.075866
descended,-0.462430045417,-198650.342316
leg,-0.46210182265,-120478.397276
believe,-0.459822543806,-41284.9101595
grave,-0.459211868504,-65547.1708919
proud,-0.459164591841,-62096.2180792
shifted,-0.458310465589,-242989.453073
elbow,-0.455585942116,-115802.683793
attributed,-0.453093757302,-342322.076037
was-rendered,-0.452113294074,-2946137.42332
annoyed,-0.451795571171,-269113.547884
speaks,-0.45102795042,-181944.600622
dug,-0.450941443878,-395091.552323
disappointment,-0.447190932725,-156286.183516
salutation,-0.447035675486,-233874.884521
inquiries,-0.446694648572,-127040.729257
sleep,-0.44475058424,-72102.5973466
fell,-0.44405122305,-23750.8454716
see,-0.443942406035,-11383.3035826
instructions,-0.44360119954,-231125.105835
hopes,-0.443121347878,-52557.5002272
true,-0.442978467782,-335845.604462
viewed,-0.442852761289,-806255.98943
was-forced,-0.442775832088,-81868.9988963
was-aroused,-0.442641530669,-487762.612755
fancied,-0.440513569907,-77735.7774101
enemy,-0.439096441565,-229504.10837
advanced,-0.439045966358,-103231.103374
charged,-0.437605121772,-350553.603115
was-hate,-0.436973203185,-513644.372326
was-read,-0.436389510896,-259607.813796
was-conveyed,-0.435358635231,-117028.018152
clenched,-0.435346966508,-1037232.00405
assurance,-0.434579419835,-579564.04827
slept,-0.433696726201,-39578.5228798
speech,-0.433480747759,-72172.9887148
was-advised,-0.433447572237,-159456.180292
faithful,-0.433296668428,-196504.305277
was-consider,-0.432307599319,-621769.2827
rise,-0.432233585135,-149327.059455
foot,-0.431257800936,-51182.7446547
pace,-0.430775312113,-2213010.23394
called,-0.430440486626,-6794.73795645
was-served,-0.429549764538,-146351.4375
agree,-0.428766417924,-94053.6992771
agent,-0.428533090292,-153586.34041
provided,-0.427566365876,-276406.50707
beginning,-0.42755689823,-83586.6199814
eyebrows,-0.427251399454,-105178.702028
begin,-0.425288878343,-393255.336343
handwriting,-0.422867456196,-302377.124382
subject,-0.42133262401,-164668.842466
venture,-0.421024964788,-171939.268186
was-observed,-0.420646652904,-70152.9358512
haste,-0.420393675207,-1169122.21719
stands,-0.419819947428,-124892.030838
feeling,-0.418646296452,-78102.438228
packed,-0.418290087745,-3016483.68556
peace,-0.416431006887,-100579.096446
wish,-0.416183948751,-36654.5965667
side,-0.4155633616,-25231.4349878
arose,-0.415529437906,-45490.6337212
avowed,-0.415491587759,-309028.25725
persisted,-0.41171221516,-133703.114516
gave,-0.410121763553,-6189.35423745
recover,-0.409657377796,-167924.986727
worse,-0.408132152007,-250449.756267
was-ejaculated,-0.408106756941,-145112.980137
fit,-0.407143396499,-172907.65081
seem,-0.403683688629,-74186.7476008
was-remind,-0.40345047855,-210526.54285
remain,-0.399284792755,-116016.498733
obtain,-0.398587295955,-354694.888306
was-behold,-0.39698463078,-537338.392809
followed,-0.396326896939,-26063.1787609
was-finding,-0.395521106955,-342644.025049
prevailed,-0.395356825412,-255941.687941
cherished,-0.394826736196,-350466.592035
asked,-0.394670217626,-3297.41059531
died,-0.393520896218,-10523.5002524
ashamed,-0.393058859021,-77863.4694501
night,-0.39212525854,-89648.3229035
was-summoned,-0.392008777144,-94138.521464
muttered,-0.391717309236,-60184.6379911
offers,-0.391141260969,-207150.324779
shrugged,-0.3906342931,-70517.4733003
reserve,-0.390224799401,-468625.284032
talks,-0.389623027351,-134386.210614
impatience,-0.388880005229,-298713.827711
familiar,-0.388729340298,-259670.578748
persuaded,-0.387594057171,-127268.034975
helped,-0.387169399703,-36658.2148126
careful,-0.386270201911,-218418.464618
was-restrained,-0.386189066818,-462678.039602
sons,-0.386062541343,-54800.9071981
rejoiced,-0.385596244874,-72808.7122465
was-bringing,-0.385139767379,-119563.539667
awakened,-0.383608367157,-720659.338618
paid,-0.380923294951,-34740.3551712
struggling,-0.380386540963,-459168.909426
congratulated,-0.379502415573,-1082287.10907
devoted,-0.379217076549,-172997.189612
was-accepted,-0.377585029008,-179373.694962
was-welcomed,-0.377533520716,-846331.135823
was-wake,-0.377361034874,-227234.613424
was-know,-0.377037129569,-17115.1955614
corrected,-0.376868102293,-1159474.12131
mounted,-0.37631671941,-124763.979628
lingered,-0.376203827612,-96511.6381951
wrath,-0.374795866844,-179204.285887
finger,-0.374535589464,-80072.218236
showed,-0.374326372518,-33466.7807136
was-pushed,-0.373938862731,-124284.180235
was-relieve,-0.373504555407,-237392.241949
cut,-0.372151449161,-49564.9217183
left,-0.372129781557,-4912.17773443
sounded,-0.372110552444,-93605.6797208
discourse,-0.370670217089,-106990.699723
hated,-0.368681803663,-42925.6659743
was-roused,-0.368612952132,-277693.82328
was-convinced,-0.368333373232,-48135.2613309
trust,-0.366151192202,-75980.2027582
asserted,-0.365931459373,-129714.322892
shed,-0.365299739798,-136507.446541
agreed,-0.364933070418,-33995.0278053
admitted,-0.364380065776,-94677.4998531
answers,-0.362969448792,-163830.492364
was-persuaded,-0.3625720423,-44112.8742558
arguments,-0.362429361509,-149281.705613
was-removed,-0.362383686485,-673867.462761
was-approaching,-0.360512490205,-536293.332167
entering,-0.360051907021,-121839.755622
amazement,-0.359702005332,-172430.004974
professed,-0.359269210394,-87915.2038853
draw,-0.358644070625,-1659324.48376
was-held,-0.357981311209,-65045.5140575
witnessed,-0.357379451275,-205997.225606
was-deceived,-0.356874402679,-826323.698195
grandfather,-0.356544563215,-26843.363506
following,-0.355652297508,-838224.139234
endured,-0.35491390769,-127026.029293
winced,-0.352470856915,-1472654.19078
calling,-0.350676269645,-229500.002229
name,-0.348859828756,-7537.98447694
stood,-0.348352395207,-5972.5029089
flesh,-0.347678181342,-85049.7859401
fallen,-0.347586956323,-98999.9311274
wits,-0.347532019142,-332502.403896
rolled,-0.3474119684,-131850.920409
born,-0.346467465513,-28690.1776002
ship,-0.345504957129,-175610.849455
was-love,-0.345395934951,-18183.8058993
was-find,-0.344948891195,-31525.7600802
stated,-0.344830449611,-201332.883324
devotion,-0.343524506194,-123542.728205
exchanged,-0.343016350348,-96432.9677183
echoed,-0.342095845215,-239795.623267
stammered,-0.342088773469,-202886.860411
seated,-0.341389833922,-78879.0674621
fear,-0.340916687036,-165099.362825
household,-0.339511775855,-191246.190605
ears,-0.339402057637,-23556.4919922
shoes,-0.339325922265,-100371.436349
was-wish,-0.33880828176,-194756.399084
was-led,-0.33615196827,-26248.7064488
voyage,-0.335856715784,-625357.225155
observed,-0.335118479846,-14357.9452179
admired,-0.33404589345,-97085.0753925
regarded,-0.33326206732,-67386.0878106
needs,-0.332411604802,-80181.8540094
people,-0.331405174358,-28136.9021064
proceedings,-0.331126210793,-391814.896969
indignation,-0.331113000607,-105262.314396
struggled,-0.329660418576,-85404.8411972
wise,-0.329440421818,-296462.690474
attained,-0.327766088117,-88465.0718719
play,-0.326767683606,-60216.0500446
fixed,-0.324778671239,-272913.454293
was-seen,-0.322649198931,-10819.5287818
comes,-0.320609337567,-19050.3342897
assist,-0.318818536819,-109879.747255
attitude,-0.318630241553,-173104.372095
was-overcame,-0.318362660966,-1013359.24527
was-save,-0.315480506021,-59394.3342771
tore,-0.3140566091,-135508.58618
named,-0.314055354737,-115044.383569
was-catch,-0.313996923199,-108051.274287
was-prevented,-0.313968190606,-137408.406913
was-deprive,-0.313905013964,-304271.06807
choice,-0.313580433772,-45042.267452
served,-0.313451498221,-86792.7557522
window,-0.311653164434,-82037.340374
was-welcome,-0.310417912232,-253764.923824
firm,-0.308846312589,-115737.246159
turning,-0.306262961373,-55461.5475823
was-round,-0.305780232969,-284337.61151
add,-0.305108209324,-10716277.428
discover,-0.305022296222,-142651.906773
was-confronted,-0.304428537981,-1113408.49576
was-assisted,-0.303495803438,-149213.425523
commented,-0.302100613294,-89232.1240006
addressed,-0.300955865655,-27946.6681486
snapped,-0.300884615602,-86115.3184745
was-serve,-0.30074884965,-100550.105156
please,-0.300027139488,-104023.782358
was-known,-0.298632093875,-28064.6616156
succeeded,-0.298417961882,-50206.5193683
talk,-0.298299831635,-21302.8386244
shaking,-0.297791441163,-313165.188249
dead,-0.297560521761,-15710.8905508
finds,-0.297534908063,-45541.7856006
neglected,-0.296658359271,-315166.861594
moods,-0.295695121999,-176224.145643
believed,-0.295524964125,-19832.6192891
statement,-0.294914145031,-352984.556283
girls,-0.294134920483,-22394.2526941
accompany,-0.293950472788,-173333.119239
was-meeting,-0.293478051144,-432472.934361
was-prepared,-0.292724824291,-84359.202087
abode,-0.291749480947,-131769.447532
judgement,-0.290895361905,-83408.7458863
apprehensions,-0.290354886324,-383120.49301
marry,-0.290163604481,-47634.6378936
preparing,-0.289670087497,-156852.025417
opinions,-0.287897501605,-400472.173626
was-touch,-0.286938673995,-117141.078386
suppressed,-0.286265282085,-1097452.11643
was-accompany,-0.285813200061,-58831.2872584
was-saved,-0.285684343208,-92127.8764096
was-overpowered,-0.284365129314,-1258875.09261
dragged,-0.283561569015,-151636.141689
was-accustomed,-0.283465777921,-120276.380824
visited,-0.281342905404,-42248.5205685
regained,-0.280574774867,-317851.599599
commenced,-0.280379967604,-42399.1391405
was-assailed,-0.279749620647,-287202.18304
taste,-0.279373372161,-52630.4459501
thinks,-0.279284287173,-14033.5575182
drank,-0.278625723299,-92007.7400642
sensible,-0.278588745045,-241213.499533
j,-0.278380319355,-119731.701629
chosen,-0.278241498361,-53959.3666566
was-covered,-0.278023243917,-467568.351798
shown,-0.277761436153,-48809.9275827
reflections,-0.277570938179,-571585.437785
example,-0.276748247572,-101587.354221
nerves,-0.273685362201,-93289.0170008
design,-0.273604758492,-200922.528016
was-liked,-0.273564490982,-25407.7497343
was-draw,-0.273061465756,-105837.502313
was-employed,-0.272848068247,-182962.724476
express,-0.272009787683,-544036.688654
proposal,-0.27190292217,-77924.54792
was-admitted,-0.271592596946,-83986.178989
ankles,-0.271285311186,-134263.930283
was-beheld,-0.270977190753,-81323.9273556
faults,-0.270878929603,-63957.2424966
was-greeted,-0.270530713855,-137684.045685
affected,-0.269691505766,-125669.884424
did,-0.269591549252,-4133.64337967
claimed,-0.268460598962,-201180.093932
belt,-0.268223659247,-108733.052763
peered,-0.267879478997,-244814.666185
collected,-0.267823543182,-1048468.93449
accepted,-0.267558758,-32729.7321324
plan,-0.263623534609,-45195.7505187
feared,-0.263443547571,-36475.1188267
was-assuring,-0.263303388518,-89241.0472683
mad,-0.262883732328,-83541.6839879
regretted,-0.262660876652,-77094.9616807
surroundings,-0.261632918407,-372526.929016
was-rejoined,-0.261080258217,-32863.8958103
prevent,-0.260268053102,-274723.430021
recognise,-0.259567154666,-175774.318036
sold,-0.258361845351,-104038.551578
welcome,-0.258243047334,-68128.4771044
sleeves,-0.25657408256,-176989.938001
was-had,-0.256275302703,-24686.499934
breathing,-0.255908425673,-103604.17125
mused,-0.255427599706,-124270.934056
was-surrounded,-0.254862435946,-116686.683387
class,-0.254360239217,-49151.8769841
acknowledged,-0.253674073925,-72057.7975019
lies,-0.253201841816,-92963.0930108
reach,-0.253148258621,-65995.4123928
slave,-0.252789944212,-93790.988757
whole,-0.249598518207,-520992.485118
card,-0.249544596643,-467099.80369
was-concerned,-0.248556454029,-76562.7409251
surprise,-0.247985087932,-59330.3710785
send,-0.24774816943,-34557.0314174
dreamed,-0.24728479715,-95421.6515513
meditations,-0.246991869056,-211148.748694
was-compelled,-0.245118371004,-67700.2934722
forgot,-0.245070029221,-41348.7308595
hold,-0.244115650302,-42017.2100896
was-forgotten,-0.242194109402,-59555.3502888
was-blessed,-0.241735641399,-111142.455719
indicated,-0.241375684626,-703454.179746
was-caused,-0.240167188921,-690048.981447
preferred,-0.239995803115,-131389.857772
accustomed,-0.239225716905,-64510.5591429
lungs,-0.23797857309,-343192.33951
conscious,-0.236791400996,-121616.967302
was-announced,-0.235458229079,-71804.1199844
journey,-0.235103104327,-42802.3707065
recollection,-0.234517521752,-342471.192542
interview,-0.232708484707,-111749.377566
fall,-0.23113517156,-43979.505773
was-stop,-0.230890787293,-55788.9751751
job,-0.230183667637,-57037.6717912
imagined,-0.230110357746,-44439.7956116
demanded,-0.228447747297,-38122.1585604
was-fetch,-0.227386827557,-69631.2844414
farewell,-0.226677753582,-118454.376889
post,-0.226309420598,-182862.116077
mentioned,-0.225096240805,-21214.7074162
reason,-0.224628935291,-262646.118049
mistaken,-0.223483733863,-113551.61669
interference,-0.222926759427,-230445.973976
was-recovered,-0.222866973776,-615338.57048
comment,-0.221959267395,-122401.507493
relatives,-0.221782000791,-89158.9490897
beloved,-0.219597615409,-83380.3144445
was-forgive,-0.21927716656,-42299.0794998
views,-0.218911184779,-42881.6752577
observations,-0.218744800776,-154884.86377
was-induce,-0.218407092138,-255156.506302
was-come,-0.217097050635,-39522.6984333
throat,-0.2142776887,-21020.1602201
amusement,-0.213414249191,-459220.44032
was-warned,-0.213361935448,-45967.8929401
becoming,-0.212766817117,-76349.1770139
fought,-0.212726841689,-119150.268208
waiting,-0.211739563229,-13766.6933694
was-wanted,-0.210897021415,-59495.0234238
admit,-0.210714748386,-135249.552458
respect,-0.210297636682,-52539.1174634
leaned,-0.210162130101,-12316.8750843
endeavouring,-0.208444704804,-155225.765015
hours,-0.206001097516,-336539.0808
dismay,-0.205835171681,-312031.246675
view,-0.205726123542,-79266.5785196
was-went,-0.20561425296,-122408.339989
lodgings,-0.205579564746,-57959.9549671
studies,-0.205362296291,-48934.0996278
climbed,-0.205096010855,-167708.060333
chose,-0.205066257294,-20432.8071258
eating,-0.204924738327,-142448.79261
continued,-0.204492733658,-4641.58943784
was-soothed,-0.204145745714,-193108.666558
was-support,-0.202541041381,-130520.839708
refusal,-0.20227095664,-170672.76999
was-mentioned,-0.20216648789,-250038.698457
persuade,-0.201495902152,-251297.707779
was-regarding,-0.201349722803,-112222.414187
inclined,-0.20068835676,-887348.317096
relief,-0.199096482303,-127851.894058
refrained,-0.198391206424,-286561.477439
band,-0.197772956274,-205111.977928
fail,-0.19770984404,-139258.394816
hit,-0.196821865057,-120231.366024
delighted,-0.196515585083,-28081.7314381
call,-0.195844795682,-22018.5896196
join,-0.195638815228,-46180.9303772
knowing,-0.195345463361,-145174.410866
consulted,-0.194912134406,-452635.142187
was-understand,-0.194644623691,-63011.8055197
case,-0.194590386479,-36320.2191097
reminded,-0.193883337122,-62441.1909132
calls,-0.19338398264,-29984.0823696
act,-0.191357411249,-44311.8467237
conduct,-0.188853175003,-11273.778579
seat,-0.188006325161,-16961.864346
gained,-0.187037974506,-49432.7149971
pencil,-0.186917154705,-95174.9465845
apartments,-0.186838307151,-73916.194874
complied,-0.184404221522,-90121.9877004
ignorant,-0.184072068021,-61782.8954137
was-overtook,-0.183001329192,-34450.4143681
removal,-0.182478248614,-322825.175075
struck,-0.182420473945,-27775.3776121
was-turn,-0.181174586237,-334421.015747
introduction,-0.181128977318,-120598.589882
was-vexed,-0.180685062369,-126515.868754
humour,-0.180044737587,-70773.0425006
informed,-0.179492072307,-15555.7722573
related,-0.179074263501,-68011.8012402
cloak,-0.177698305609,-29709.5084219
concealed,-0.177292667163,-71380.7872393
sorry,-0.177142259353,-19932.9117765
tell,-0.176791906732,-7699.6055083
was-watch,-0.176744274008,-193416.675541
recovered,-0.175939685817,-32067.2375015
request,-0.175461133059,-33291.6489488
plate,-0.175310336435,-41546.3071591
grieved,-0.172445902161,-3777899.77577
was-attended,-0.172308452627,-78140.6432667
retreated,-0.172083985549,-170524.482015
favourite,-0.172003668065,-23829.2293125
examined,-0.171061468501,-145739.140393
was-puzzled,-0.170295703322,-146893.23904
noticed,-0.169444169975,-23602.084117
concern,-0.169304947109,-148332.9298
footsteps,-0.168811328421,-249799.182524
was-reminding,-0.167711291919,-1434121.68164
fortunate,-0.166911377388,-69851.6945821
palms,-0.166766584904,-140697.949659
staring,-0.16533317654,-77301.165264
was-dismissed,-0.164905418113,-32588.8865771
evinced,-0.163720787383,-187619.759214
likely,-0.163508804436,-44538.9780886
grace,-0.163499950209,-33975.5836834
adopted,-0.161429911276,-58425.763856
keep,-0.16029063976,-20486.1937225
was-like,-0.159923581015,-23754.118201
marked,-0.159755479907,-204319.769663
was-satisfy,-0.159428369725,-105592.942971
was-begged,-0.159093842806,-45301.1362415
broke,-0.158003230043,-26801.4644285
boys,-0.157158112983,-64266.2186091
repeated,-0.156986263362,-9404.23158048
rang,-0.156769899865,-105404.951872
was-denied,-0.155891107898,-299727.669707
lift,-0.155859019581,-46691.9680108
dined,-0.154592279811,-351899.889219
tucked,-0.154180781562,-114838.839318
was-is,-0.153589007218,-56352.9004472
depart,-0.153419505135,-1672069.45616
was-awakened,-0.153397157652,-133863.977432
old,-0.152905522007,-10043.1748059
same,-0.152315369586,-82132.1026149
courage,-0.152254108054,-35838.6913813
was-strike,-0.152200427751,-217501.664083
advantage,-0.152017707416,-563973.906886
advice,-0.151748291386,-31777.5061763
luck,-0.151622408699,-81498.2334297
was-follow,-0.151056959507,-26279.9409879
tenderness,-0.150333350901,-79137.7523122
betrayed,-0.149968103195,-30229.8406451
answer,-0.149683728819,-12031.5084567
studied,-0.146806642897,-33897.1689454
was-betray,-0.14666401641,-78938.5773126
was-disappointed,-0.144822422779,-29927.5284935
proceed,-0.144482401988,-73789.2411282
decided,-0.144221601808,-9458.59693149
was-admired,-0.142959858466,-39238.3269331
leave,-0.142816214653,-5336.18490353
welfare,-0.142724171483,-122789.270678
was-troubled,-0.14178499249,-58803.356813
was-recognised,-0.141075935698,-30429.3849271
money,-0.140600365083,-7943.15172816
procured,-0.138970945019,-44459.4431423
listen,-0.138965529067,-23874.2503408
connexion,-0.136419609502,-83941.4436007
offer,-0.136363929697,-25459.7179212
allowed,-0.135564726343,-12621.4021451
escape,-0.133820297791,-16251.4553648
beat,-0.132960287484,-162058.588799
rejected,-0.132333633051,-304913.624262
walking,-0.130047960907,-14505.7561967
ideas,-0.129192173864,-34230.2519412
was-rouse,-0.127838176528,-120294.852697
fault,-0.127048662677,-33343.5671515
went,-0.126268745015,-960.233131854
living,-0.124545794431,-21388.7004428
was-left,-0.124205908766,-3004.43284617
presented,-0.1241847046,-15878.0382499
was-entreated,-0.123408472079,-51670.3049097
zeal,-0.123340801555,-79567.66008
unable,-0.122574295572,-61105.7945184
was-returned,-0.122450598162,-8963.62220951
was-show,-0.122405569235,-29670.3482702
height,-0.121697544907,-327446.68338
knew,-0.120664813028,-1165.91697079
was-introduce,-0.12062789498,-69860.0681574
was-permitted,-0.120506348529,-97674.2264951
motives,-0.119113679651,-268462.014465
support,-0.116456879409,-31856.1834037
frowned,-0.116303701035,-92138.2857526
force,-0.115658870855,-84172.6482511
wishes,-0.114051815977,-14239.5929226
ride,-0.113961407923,-25824.6442797
was-betrayed,-0.113535462873,-55372.2465758
was-separated,-0.113217607062,-176703.326323
countenance,-0.110498067295,-7834.3154251
likes,-0.109381384835,-7163.32448953
tone,-0.109121191497,-9731.03112656
impulse,-0.108856746704,-124088.237945
tail,-0.108277514623,-16450.7285057
service,-0.108236383918,-32879.2370946
sank,-0.107861335775,-31584.4177439
have,-0.106861200181,-1282.01234123
was-disposed,-0.10663295038,-155963.850383
shake,-0.106261005753,-42640.6193511
hoped,-0.106216869064,-5781.82968742
was-told,-0.106130667327,-1051.27405697
required,-0.105700160133,-41567.5305253
let,-0.10567942041,-3372.67906712
was-respecting,-0.104682739058,-32154.4189899
proceeded,-0.103632477722,-8605.52820702
stranger,-0.10130840488,-29566.2626141
was-loves,-0.1011659053,-376248.125845
detected,-0.101143036428,-86467.2336835
direction,-0.101100232862,-48043.2722799
dreams,-0.100920978626,-31179.2138647
loss,-0.099576282699,-20936.0413595
response,-0.0992698017405,-150696.507248
teach,-0.0968469820607,-16389.7317521
was-induced,-0.0963210829674,-23024.3783664
pupils,-0.0962061461337,-6249.63362717
doing,-0.0951325632633,-5259.63008235
dying,-0.094814514086,-20187.165787
dance,-0.0936922333044,-58633.3219515
dancing,-0.0935138913221,-44670.6489318
hearing,-0.0927716890267,-35203.1675738
bid,-0.0918166378818,-108519.3319
was-carrying,-0.0901015784392,-225142.404703
smiled,-0.090071654739,-2627.51420517
was-keeping,-0.0896128771143,-111634.778077
pay,-0.0895666340459,-14706.4524186
working,-0.0890526066256,-29549.7023482
was-buried,-0.0885794866781,-26897.513326
inclination,-0.0874631003252,-67228.1938696
light,-0.086584089582,-85121.3090587
filled,-0.0860766501139,-25426.584753
's,-0.0855594043547,-2793.18705177
tones,-0.0833490883408,-21866.7636505
alluded,-0.0826240219426,-335302.48325
was-gave,-0.0822211025519,-15151.8681797
hotel,-0.0817325669532,-14894.1046199
excuse,-0.0781344935145,-11200.2502304
insensible,-0.0774854017749,-65364.4885269
makes,-0.0774564084316,-7192.80730251
moving,-0.0771031479835,-32951.4188195
was-approached,-0.0747772835066,-20455.4943067
lawyer,-0.0739797619956,-46435.9081502
cousin,-0.073387261671,-2155.55614017
was-despised,-0.0720516722911,-185392.546284
meaning,-0.0719583195231,-75806.4691381
was-please,-0.0718682965654,-14084.008782
manners,-0.0701390673503,-8303.46681647
pulled,-0.0699332471366,-6999.19802723
cup,-0.0698692981244,-21400.0108179
was-whispered,-0.068110425166,-19003.5911708
was-needed,-0.0679233648935,-77780.0563675
was-try,-0.0677297714829,-40399.1233608
treated,-0.0674905663995,-13101.7901055
repented,-0.0670913773457,-111983.270658
warned,-0.0664406530321,-12064.9642882
interests,-0.0663496975726,-22982.7632731
idea,-0.0661840210058,-54831.5956113
narrative,-0.063567171318,-37161.6294995
was-leaving,-0.0635015496741,-5490.67197208
swept,-0.0634743424449,-39850.343289
was-laid,-0.0620076854297,-27835.2692426
tear,-0.0612161791165,-266642.278946
place,-0.0604029572253,-2575.23514123
was-looked,-0.0568986308146,-36674.6287712
was-say,-0.0561973900982,-20972.3139601
hesitate,-0.0549777145701,-18585.4264642
was-done,-0.0547972628625,-9655.75032713
annoyance,-0.0528094532523,-72916.1285314
station,-0.0526759621325,-25974.5370745
astonishment,-0.0526114021131,-74707.3692953
confessed,-0.0518370365638,-10378.6088077
brushed,-0.0503680755966,-30237.7215881
summoned,-0.0501566477422,-40710.5750438
appealed,-0.0495377802711,-30174.5364935
shut,-0.0493743375407,-8267.00720109
was-put,-0.0491533163672,-3024.74899977
was,-0.0491229928865,-160.864956154
shadow,-0.0490269097438,-78903.7571437
driven,-0.0480757298708,-53297.1724326
apologised,-0.0473454317448,-39875.3518662
bring,-0.0463780386421,-6892.86823638
failed,-0.0455633967808,-19116.7211832
slipped,-0.0455503779649,-5804.40657668
was-taking,-0.0454351148117,-6846.95753136
feelings,-0.045082044843,-1944.82352269
urged,-0.0445480157476,-6265.20759396
faculties,-0.0441675162679,-25813.5250526
sought,-0.042872438629,-4999.97078382
perceive,-0.0424672157931,-39140.7359779
was-stood,-0.0421477857956,-9307.83741369
telling,-0.041834374737,-6571.06417768
ai,-0.0392670280135,-4350.0057278
extended,-0.038511879542,-21599.9212462
wardrobe,-0.0361943658898,-62920.4382811
was-wrapped,-0.0353043796309,-58838.2685747
removed,-0.0352676310028,-9207.11860862
recoiled,-0.0352582143077,-125775.388146
letters,-0.0346750694534,-2168.65463976
delicacy,-0.0326582309219,-45787.819361
was-give,-0.0324733844704,-2659.39631118
prove,-0.0322554122986,-16295.2422007
was-swept,-0.0312305478861,-1099359.55327
angel,-0.0306259598879,-9457.35442067
was-inquired,-0.0283081435942,-2747.94094588
retired,-0.0270620372164,-5369.78961135
release,-0.026905127629,-70274.2936184
influence,-0.0260155549525,-4645.07584871
put,-0.0254096150476,-532.482590669
occupation,-0.0248098671717,-204977.637063
was-detain,-0.0242084641682,-52437.2084346
was-grown,-0.0237560497041,-11430.7627798
duties,-0.0235552199081,-4028.82863171
acquired,-0.0227502061879,-5513.220808
recollected,-0.022518847844,-7856.09554118
beg,-0.0218723890958,-12405.3637493
s,-0.021775214869,-2202.82438641
full,-0.0205844373037,-5707.22183007
was-named,-0.0205413035038,-6946.70071622
wandered,-0.0204267561641,-8611.40643425
was-invite,-0.0193699053003,-15506.4313667
thrust,-0.0184178711534,-18906.5233687
thighs,-0.0165932844965,-31798.8623076
met,-0.0162065461014,-696.119545709
relapsed,-0.0157318254863,-6971.82790353
observing,-0.0156920936008,-18362.5757592
mouth,-0.0143482835938,-478.907185886
assured,-0.0139862559071,-1343.44782545
dwelled,-0.0137364794311,-7305.60469207
was-trusted,-0.0130690454383,-12043.7060482
breakfast,-0.0127912707444,-4825.29102669
cared,-0.012756154342,-1655.40820312
grabbed,-0.0120273378751,-7067.43891063
behaved,-0.0114579364726,-5875.48742764
slapped,-0.0113806022748,-8659.14031579
reflected,-0.0112713887851,-3496.53433939
was-agitated,-0.00984756687239,-12945.670827
remember,-0.00930346618746,-1849.07560023
meditated,-0.00851899955249,-6046.64523463
forehead,-0.00791056758765,-1012.26541698
kicked,-0.00765048747187,-10447.1047342
was-assure,-0.00700998414694,-1558.46033844
washed,-0.00485211957935,-6936.80210534
was-blame,-0.00481690177633,-2157.21836073
throw,-0.00448368453446,-5025.4878336
breast,-0.00322640591242,-280.139513418
indulged,-0.00287851547484,-1217.74828549
afford,-0.00246500304485,-709.665413681
one,-0.00207114444637,-592.616586819
represented,-0.00125981590242,-1009.23803946
strolled,-0.000889384773437,-337.123420535
teeth,-0.000764491360204,-71.074197704
was-protect,-0.000506344246586,-453.48490396
stared,0.000371131959197,35.2432803344
thanked,0.000459723188335,84.2973897275
late,0.00048579510597,857.607222084
was-provoked,0.000947856874172,5132.56512797
greeted,0.00150615298412,1043.00159782
leaning,0.00211862116312,492.648544772
was-befallen,0.00283562575836,5731.96385836
resisted,0.00319104736169,7467.08229926
was-comforted,0.00392457891035,2099.76607285
owed,0.004099997647,1344.87125753
shame,0.00431060712791,4019.66194868
admiration,0.00508404681418,1196.79567974
stand,0.00537021979536,761.55134681
business,0.00600432305114,832.03081907
do,0.00810541175775,196.390201727
laughing,0.00990387258333,1152.10905567
sense,0.00994866389952,3242.58967184
assistance,0.0106131319624,2312.9693408
cottage,0.0106140690186,1814.25767335
choose,0.0113590779115,5243.9104725
hired,0.0129457819012,5626.77959531
scrambled,0.0134304637543,22175.0754947
directed,0.0155280713587,9523.35473866
arrival,0.0155362305911,1065.13108364
sailed,0.0188300562605,12912.8306987
was-astonished,0.0192691515601,26304.0937271
was-suspected,0.0193285336916,9432.41544203
pretended,0.0203491082266,9930.35346107
intend,0.021446729404,22177.8369847
holding,0.0223875878073,3490.74648608
appeal,0.025812695227,30176.0727493
cause,0.0271943364382,5731.86004832
aware,0.0285413101178,3372.70145652
was-instructed,0.029104814974,47046.3269835
determined,0.0313576081342,3181.13480685
was-forgot,0.0321179201761,61785.8653308
anxious,0.0325795720796,7359.65594685
fly,0.0338320835045,261372.395762
dignity,0.0353408796407,10850.1284696
was-occupied,0.0353470725992,33408.1893974
nervous,0.0360795168107,40582.7350536
memory,0.0385648453761,6101.82562675
was-failed,0.0392136837562,49223.2569376
trial,0.0400125644834,17387.8039829
picture,0.0418734760649,11333.2811674
saying,0.0419098179048,2523.14401914
glanced,0.0421537102603,2740.53640386
roused,0.0428334764757,21130.6769609
talking,0.0438561095321,3273.16035868
dinner,0.0439367236153,22811.6788031
was-carry,0.0444883385033,13541.7573092
was-presented,0.0446243132065,11354.1649915
was-allowed,0.0448019346739,12614.2248348
set,0.0464801706115,1407.24094655
had,0.0464890097685,103.974052661
was-turned,0.0466387908902,3960.67531685
was-afforded,0.0474194902527,67878.7518208
was-answer,0.0475956365257,52932.6073888
lip,0.0492867968153,11067.2599349
was-obliged,0.0500756077589,4900.20490374
recovery,0.0501119352459,6677.01059445
was-supposed,0.0505678234481,16460.98632
was-send,0.0514469054472,4623.87112786
misfortune,0.0516954551609,36599.305471
begged,0.0522372814709,8383.76830113
beckoned,0.053029446293,354195.864817
talents,0.0535456111017,53821.1348147
was-given,0.0538744187472,4438.35835964
residence,0.0539778393686,8013.83975769
resigned,0.0544792387035,26720.3384561
guard,0.0552648598008,22434.3912405
stumbled,0.0567282396323,18972.7598432
watched,0.0575475390295,3813.93221661
nice,0.0585221027976,11623.3583962
papers,0.0586116434986,17889.3948639
appeared,0.058890341747,2828.67981768
rushed,0.0590629220973,5313.15014361
was-forget,0.0603881150854,16673.4072417
trembling,0.0611038150656,93049.644792
was-ask,0.0611607529817,3107.11887831
contemplated,0.0618744060171,111471.30524
feels,0.0619473303993,9761.99376467
was-tormented,0.0619680496112,139627.027813
hide,0.0619849777592,160525.948434
compelled,0.0620524413739,121323.78823
friends,0.0624792655396,1151.02338145
was-requested,0.0631108486731,117938.889474
worked,0.0647929478345,7237.35549185
unwilling,0.0653139926156,147013.361239
misfortunes,0.0655167703741,13622.6135471
day,0.0662517993495,7086.10662132
features,0.0664715033506,10442.1600624
words,0.0686839813318,2899.29492872
inability,0.0695241363066,295220.947033
repeat,0.0696008674453,78243.4079657
ease,0.0703580551076,149913.515931
robe,0.0705513178809,45591.2254646
was-enabled,0.0709317553659,35857.4767737
meet,0.0709752750275,18093.4716969
circle,0.0709900162713,31149.2915663
realised,0.0717366180289,9833.62558463
was-lifted,0.0726251401842,29890.372306
was-startled,0.0732324234786,18948.2474646
recalled,0.073830298937,41745.8250166
endeavour,0.0746943324437,35941.442213
fastened,0.0774727341982,43155.2132152
laugh,0.0786859392063,20699.9327249
grew,0.0798434416375,5940.28881227
folded,0.0798440314333,43984.9976492
accompanied,0.0807792287328,8712.99844623
was-disturb,0.0810254546005,91818.2236985
planned,0.0814794895133,50124.7273533
folly,0.0820343113364,45781.4281534
servants,0.0829030866549,58046.5545974
satisfaction,0.0841452713427,22572.7266705
rested,0.0846314424307,77339.5126759
suggested,0.0847339666388,8209.02886514
was-win,0.0850898071213,22506.8829119
strength,0.0864574054783,7234.50327764
was-hurried,0.0866161096968,48415.8230815
known,0.0866898548907,3838.7588042
traced,0.0871810582503,1554378.02556
argued,0.0879005034056,79181.3213652
longed,0.0880783449742,21562.9447523
fancy,0.0891298907253,33410.3223363
was-thrown,0.090001524045,22774.9111749
object,0.0901778071729,9302.08429964
wrote,0.0928017304316,2738.59441392
stomach,0.094577755537,34341.2362874
belonged,0.0968447815082,13035.554736
explained,0.0977984681669,7650.35343058
embraced,0.0980907520289,162793.135861
clutched,0.0991873614581,105442.042338
stay,0.100407083504,8602.94699537
endeavours,0.100487088089,64770.0892031
submitted,0.100578685425,158439.310988
sentence,0.100906741294,27715.1638413
complained,0.101137172377,24535.7415211
pray,0.10233585801,27089.1392197
income,0.102784408288,33050.0473926
trying,0.102810375917,11468.6832702
kneeling,0.103118930224,68783.3846683
hate,0.106183922682,436756.27772
qualities,0.107608845922,58450.3685672
wealth,0.1093225613,20451.2852744
reached,0.110927567947,7472.80832314
game,0.111858893009,38939.3209863
comfort,0.111962281315,30988.0069661
tells,0.112008755728,12034.1458998
dare,0.11230892131,113720.884282
scheme,0.112828905303,42329.7467061
hope,0.113095884335,17027.3016311
carry,0.113991380982,19459.1247818
attempts,0.114407658946,136011.698449
was-attached,0.117363267179,124469.313867
was-bored,0.117580436128,558483.903587
pondered,0.117887328439,78143.579572
aspect,0.118951792208,205849.744818
seems,0.120668366678,15070.6211071
kind,0.12067759834,14014.2311373
bag,0.122372159695,27385.892656
was-drawn,0.122700631491,53449.2104274
was-born,0.123662894232,10189.1272888
knocked,0.124631322045,42767.1567528
gratitude,0.127224908302,55107.2976161
pick,0.127616064541,137358.952637
was-bound,0.127866799628,59140.1444935
past,0.130636509221,377259.094534
was-hit,0.130878881893,43340.8983167
tastes,0.131455629192,87879.8834428
defence,0.13377901416,218160.082814
cap,0.135312428525,16932.6810692
pointed,0.135326541764,15623.2904967
was-informing,0.136928632671,353041.734426
supper,0.139125003951,99395.1648489
was-deprived,0.140203543923,109698.808278
grateful,0.141069437553,48336.8960711
questions,0.141175438497,65325.6192741
expected,0.141889944979,10816.3396017
forced,0.142268579766,45392.124227
interrupted,0.143332039462,34570.2586462
admirer,0.143776704507,47344.7049083
quick,0.144854223315,92557.9830304
dashed,0.145086211374,94271.8292835
driving,0.147198065113,39823.5048052
learned,0.147988230218,11194.238701
wake,0.148425427428,63047.4409432
was-knowing,0.149134445696,368052.840992
language,0.149253549517,112378.799149
learn,0.149783286556,22676.7698615
was-absorbed,0.150213456267,72767.1029684
retained,0.150464504359,116256.240908
was-desired,0.150854606121,83698.3110346
was-felt,0.151840924087,51181.1212814
suggestion,0.152040585853,192380.787689
equal,0.15222153939,98463.7947452
bear,0.152431349381,22021.3974552
tall,0.152523305558,33247.5554329
ear,0.152664042694,14109.2122462
read,0.153558756818,4781.11429757
pupil,0.154444295941,24680.0226318
reentered,0.155154562129,312714.991412
weakness,0.155661020525,177786.741661
vanity,0.15746156751,32993.5435592
was-convince,0.157547769893,119549.75359
conceived,0.158618819958,36315.2334237
drawn,0.15904833671,91368.2549351
door,0.159208854295,7339.48848844
doubt,0.161918002795,240122.642108
poor,0.162012026347,71426.4896969
treat,0.162305192088,131634.501081
was-hurt,0.162716590292,23625.4155475
abandoned,0.16309599525,159091.725799
intentions,0.163111545086,34221.8748693
position,0.164247458987,15098.0237722
expression,0.164637911836,42740.9705075
was-directed,0.165154898655,219381.218257
house,0.165292021098,2584.73585
looked,0.165676716419,1248.19860512
was-urging,0.166877224833,2491163.86945
recognised,0.167362898164,29099.1161341
longing,0.168133211814,1197220.51496
passing,0.168845653157,79723.3509475
actions,0.169215658141,202779.506767
concluded,0.169866124786,20543.0947632
was-bore,0.170709206576,60138.2861304
experience,0.170873022183,45703.3938067
was-mistaken,0.174167329877,182364.436354
was-exposed,0.174502388377,221159.654513
was-awaiting,0.174637332172,59126.0805608
marriage,0.175152029454,10156.6112172
way,0.177359818338,3919.47557321
returns,0.177713572109,89406.8278393
was-followed,0.178703321428,13013.4051257
was-cut,0.178704525582,29212.5133259
committed,0.179537616903,78602.6342818
practice,0.180668113436,94021.8045129
forgiven,0.181648837958,251443.27956
enough,0.182355420095,235843.72246
remarks,0.182720584203,32354.7270396
deal,0.183410781971,68042.0284462
was-escaped,0.184256569102,271869.822272
was-muttered,0.186185394501,236820.795142
was-teach,0.186301624243,83016.3884835
means,0.187040928379,49417.323495
remembered,0.187316415294,9476.53987683
belief,0.188075717091,401604.381596
was-impressed,0.188117940875,180455.50194
was-made,0.189491583038,12695.4277126
ascended,0.190500940175,140053.79001
raise,0.190911397208,175186.322842
tasted,0.191399437491,179422.751031
scolded,0.191575622105,86404.6275
hand,0.19174620486,1279.81125902
tries,0.191850245792,203282.840985
wants,0.191882143871,8302.91236799
lit,0.192286660318,165402.35535
unconscious,0.192634071793,551312.341907
esteem,0.193148012162,75050.6508714
announced,0.195951673215,27520.6917741
was-sat,0.199768281437,29372.3850608
shot,0.199950590225,14829.2037145
was-dressed,0.200058676344,36828.6968342
manage,0.200184826642,60477.3840201
was-join,0.201308362591,93771.0413043
miss,0.201954330534,84256.8594042
find,0.202049386436,7941.43553728
was-marrying,0.202485079362,80989.8064528
coffee,0.205340857492,82102.1064882
kindness,0.206922538896,37903.9973924
know,0.207503237058,3153.61341469
yelled,0.20790799692,180390.567121
awoke,0.209006028016,64992.1091959
smile,0.209282362205,15096.9537494
comprehend,0.209783800651,164057.333185
was-conducted,0.210091516111,77252.517025
treasure,0.211609228517,162628.923013
power,0.212998214399,16905.6171965
used,0.214157102766,4272.17715784
walks,0.214327184751,81298.6649631
reproached,0.214892503859,185094.03421
suspect,0.217376130973,209730.960921
nose,0.21777070285,13183.5358623
elbows,0.221695865126,113419.09363
ventured,0.222005530916,29714.8540609
permitted,0.222392913259,145841.009305
assumed,0.223399135832,46090.2893213
race,0.223991140904,368144.272995
stole,0.22639621063,77367.9062533
tossed,0.226763305916,60099.6280799
was-dragged,0.227288302516,82767.5912664
was-treated,0.229125131365,62478.4578057
crying,0.231311745486,186198.289869
blame,0.231536642433,229489.523849
sentiments,0.232036054422,185469.493585
buy,0.232547539787,340407.850757
protested,0.233176517348,61117.2886037
having,0.233359384082,20187.4191051
crouched,0.233629796878,565595.046826
hid,0.233729231905,98004.4102453
was-restore,0.235212612707,136619.527293
was-said,0.235558089342,77863.9687155
promised,0.23725393851,9887.02209827
obliged,0.237295727333,83474.9484782
was-offended,0.237897124667,87977.0238342
denied,0.238055129824,105392.816433
smoothed,0.23912658903,599869.593275
lesson,0.239687003485,164129.940051
present,0.240040043961,32908.6047894
nurse,0.240360277658,45220.3266958
patted,0.240601209194,84973.1817218
signed,0.240717987951,216361.406912
thankful,0.241440910007,107056.439403
movement,0.244620751889,922824.426897
doctor,0.24481711788,94007.758674
project,0.245255617795,341369.362776
satisfied,0.245301924686,114798.571539
society,0.247186231624,34891.8874762
head,0.24810198698,1511.40024604
was-expected,0.248644399723,59770.9207203
gathered,0.249680230907,45786.3845843
eat,0.251006341543,61739.2892937
heard,0.251496442444,3342.56723728
address,0.252116062099,59418.1193304
was-fascinated,0.253725071359,500881.31322
efforts,0.256671267328,48019.5182616
image,0.257441255218,263038.519247
kissed,0.260447959549,39078.8212994
emerged,0.262245922436,151976.715478
was-visited,0.263045290217,68938.862211
understand,0.26596894956,24242.1932766
caused,0.266025969512,475593.381226
touch,0.266102777776,52988.362603
was-accompanying,0.268387877983,237440.575677
heaved,0.26861942279,272916.012477
impatient,0.269099907913,137937.842476
was-replied,0.269223524971,3909.40245128
news,0.271218115726,368577.103524
was-concerning,0.273744519656,97305.4314425
ignorance,0.27409378799,80487.4836597
asks,0.274519176194,36874.2026252
rose,0.274852823402,18611.5402946
live,0.275374147196,29248.8543882
insisted,0.275451765318,30196.5398512
vowed,0.275828994372,1428139.37131
visit,0.276643304688,14700.6661978
was-perceived,0.277401141274,354957.004369
chanced,0.278089770299,161547.787803
selected,0.278208886325,114637.833701
protection,0.278413318242,79503.2815376
arranged,0.278857394286,55376.4079055
assented,0.279364507765,253183.032458
'd,0.280266995416,67774.5429201
moments,0.282096264798,239520.9354
motive,0.282409740919,102891.115228
enjoyed,0.28333551774,59952.5902801
horror,0.283716075329,238410.507161
age,0.283789876015,25186.3966496
was-helping,0.284619101165,133078.478009
was-raised,0.285117575569,98935.3094439
accept,0.285174287422,268385.685241
was-amazed,0.286443196038,151100.200023
sisters,0.287273359531,45684.4781528
changed,0.287521361479,25752.3881659
ceased,0.289001800675,36008.7877448
sent,0.289026111799,10990.2095689
was-conduct,0.289038244515,766560.73878
poured,0.289121607996,113913.172914
pass,0.29044096484,53592.195577
pushed,0.291631750062,26866.1125059
lifted,0.291717129731,59306.9124978
was-face,0.293097201585,225791.923497
preference,0.293619255932,176916.754891
was-chosen,0.294223237392,474290.011735
make,0.295263082363,10773.2666691
are,0.295885193304,25651.6479574
sell,0.296659387761,799264.149414
company,0.297227199451,33934.2264756
affection,0.297588024682,41023.7146989
uttered,0.297918040869,31866.6745579
regard,0.30131630457,71338.5279214
checked,0.30166995292,365545.33788
introduced,0.303066182969,66297.9810387
energy,0.304112552614,416065.524905
uneasiness,0.305217908474,407041.711267
entrance,0.305535615687,84630.1649198
reiterated,0.305661710143,300901.954999
observe,0.306195112115,231261.368206
state,0.306798530474,65490.4132157
share,0.3070185386,73634.5199711
was-guided,0.307227348074,124521.883462
refuse,0.308344095467,170439.123509
attire,0.309389928964,180301.626957
forgive,0.309696149593,101477.098165
bringing,0.310686361249,112373.01232
was-pay,0.311050866224,134155.754191
getting,0.312994507614,37518.01666
was-satisfied,0.314098016951,99563.0953933
wrong,0.315068768715,158428.669959
repress,0.315575683124,1616546.2026
jealousy,0.315973214528,186153.402694
say,0.317402305434,3784.79334403
was-interrupting,0.317512123141,167730.324362
supposed,0.318281289412,36932.933829
chair,0.31901809801,14021.6787519
was-accused,0.319611601839,138725.171643
apt,0.320004689254,123809.020701
nodded,0.320125437067,16717.3287258
was-remembered,0.322302016844,266138.64437
shared,0.322898337767,339543.207009
settle,0.323543847055,56057.0875231
reply,0.324305808646,48720.5379152
feet,0.324321251307,9338.17624172
style,0.326981464292,168724.100273
missed,0.32706020476,154528.711619
curiosity,0.32773933765,343554.619668
bread,0.328053860054,483606.678944
garden,0.32943224555,6561.71557409
breathed,0.329671640672,80701.226061
was-keep,0.330909929677,52782.306185
secured,0.331226891969,272720.061665
approve,0.334808699057,697906.063317
fate,0.335033716879,113080.348832
tongue,0.33506884746,24701.3361935
played,0.337086087834,63936.0919835
confusion,0.337325720291,116570.022587
cousins,0.338995697829,186361.978778
feel,0.34017977704,12242.8012559
rejoined,0.341815672026,85717.7058464
intelligence,0.342136236276,244244.143321
lighted,0.343335564763,234543.503481
step,0.343977837072,65933.031689
watching,0.344501289259,110107.438833
lonely,0.344794696837,219890.585343
lack,0.346828991282,282530.621428
slow,0.346850759683,336000.357041
approaching,0.347347809159,394872.936563
grow,0.347573068154,218144.597787
sit,0.347607974445,53889.6945733
emotions,0.34798012881,183876.418882
was-sought,0.349317794644,311604.675906
possessions,0.349733929887,863544.639498
powers,0.350658674013,71611.1260161
relative,0.350682844082,643716.678628
poverty,0.354460719252,89004.0126116
greeting,0.354608878686,368865.517415
gazing,0.355894185164,503375.090935
undertook,0.356018023959,313951.522587
was-persuade,0.357183803143,77657.6566543
companion,0.357554019563,18833.7183957
flushed,0.357627353637,301677.402058
senses,0.358351111842,107043.701179
knees,0.359180929237,21044.0822714
was-picked,0.359412932724,151434.564785
was-disturbed,0.359962350578,198456.912975
speak,0.359978056565,22394.4581995
has,0.360052888704,3446.98083388
pale,0.360408834229,144990.693908
lamented,0.360501905281,211482.15515
pull,0.360672988842,728192.253583
begun,0.362710247936,138383.923561
meeting,0.364461563814,303699.112806
soul,0.364640694091,13584.8349284
discovered,0.364653413482,41239.7434058
was-placed,0.364892161194,50519.6535905
glad,0.365190558794,32210.0583363
resolved,0.365691749587,53465.1271014
singing,0.366688590022,144820.324564
disliked,0.367259119191,193541.427491
sacrificed,0.368978397963,282996.913251
possession,0.369738512284,99288.6896769
was-was,0.371559009633,181680.546616
was-promised,0.37204395436,65875.5639062
blew,0.372999235743,183846.168139
round,0.373307804998,44289.5599087
breathe,0.373587391721,607788.551659
was-reduced,0.374113970092,147695.063259
meant,0.375311048232,22347.9141036
was-got,0.37606028674,26009.8163589
was-involved,0.376075215586,226674.225277
appearance,0.37745349653,16805.0249225
was-comfort,0.377611280637,236687.466651
continue,0.378640486588,139271.116842
thanks,0.378655676606,291432.534598
weak,0.378915548309,565189.962273
sensed,0.379880038291,491295.898997
learning,0.380538317592,449824.613413
was-used,0.380879047023,29512.8149802
year,0.381443858524,78093.029237
pain,0.381505398574,299511.217258
neighbours,0.381966855551,33083.4686302
was-determined,0.382045563881,87524.0405152
was-hated,0.382184789027,262162.917945
task,0.382359261857,198478.725178
preserved,0.382491681216,139646.081742
condition,0.382938768551,58894.3614792
was-shown,0.383060878547,766138.876088
end,0.384332009788,82573.7638875
declined,0.385074261847,118918.937934
pictured,0.385163888145,423649.719806
was-thought,0.385272308381,84791.7089481
custom,0.385505024347,159078.403016
confession,0.385661444585,727339.549596
blamed,0.387277502773,561384.466879
clapped,0.38896732789,203968.331811
resentment,0.389083251279,495525.067047
said,0.3892968466,128.215474225
excited,0.389303141931,120045.880742
drop,0.390456168346,114722.241314
presence,0.391221251609,17048.0794687
prayers,0.392175504198,43350.7372013
slid,0.392882137583,216746.938614
gift,0.393812736993,304518.063373
purpose,0.393923549135,70792.083734
prevented,0.394431862276,101609.908855
dispatched,0.396001936404,145954.14912
locked,0.396015530531,317445.051321
calm,0.398420810359,92014.0194637
was-retorted,0.399650897924,130578.133644
lost,0.400557824035,22026.7328873
writes,0.400795148093,119315.831086
time,0.402295313622,24738.9784839
???,0.403921143672,12738.0438373
crept,0.404636881344,143909.692223
was-lead,0.405337517422,113660.704643
world,0.407551899316,147163.497311
was-suited,0.40931149541,119285.780686
spoken,0.409666630105,62796.4239697
intended,0.410259790268,49906.1192324
fingers,0.411319993475,15533.8425236
ended,0.411777761155,141109.070107
ring,0.413144180749,198269.685479
giving,0.414046183286,97550.9470599
sort,0.416082618517,167281.654582
flew,0.416284434248,75059.3920723
knelt,0.416430888811,79127.8789371
willing,0.417211867128,101312.269088
shrieked,0.418413034751,339090.565902
reception,0.41845726315,462484.298065
sits,0.419125071637,55124.4350133
responded,0.420128936665,107407.99607
was-deceive,0.42169059088,1116454.02237
was-drew,0.422470856881,43227.2133847
ill,0.423096915158,415268.554064
was-tired,0.423770952104,173477.888566
neighbour,0.424114861225,35248.3811652
speaking,0.424338518125,81822.4389572
astonished,0.42457890619,443515.259208
visitor,0.427994065813,133673.995817
resolve,0.428703765008,351706.013694
was-began,0.428883432804,163812.795754
beheld,0.429731611962,73808.2559407
party,0.432519849276,39665.2902842
was-addressed,0.433673100605,98909.489338
alarm,0.434462952856,591992.916143
paper,0.434830606743,192334.428911
embarrassment,0.436633529061,331071.254467
acquainted,0.438153578532,1189144.07631
expect,0.438610211429,88691.4339262
despised,0.43949688743,162904.934869
labours,0.439771894352,850413.828166
strained,0.439839271898,1116199.0486
back,0.439952502416,22307.7445104
taught,0.441062552605,127073.684105
become,0.441367700959,493830.023869
retorted,0.442467848572,280104.038042
laughed,0.443183021645,10847.9970409
endure,0.443937438178,226825.684269
anxiety,0.445980895644,146908.518862
was-drive,0.447034582584,735405.129657
was-missed,0.447661869012,335399.943256
attack,0.447839633089,380241.865038
was-inviting,0.448941624674,240088.423401
was-pursued,0.449316685615,209293.474607
mistake,0.449666592048,963821.533859
terror,0.449833801094,335886.334907
joy,0.449850940873,99806.1321179
was-overwhelmed,0.450686866901,1615253.44478
description,0.452201359191,193061.677742
acquaintance,0.453013854492,36295.9222719
attention,0.453144848373,26178.6455731
tea,0.453165391702,288013.838763
young,0.454232488232,75485.9080226
quoted,0.455126805517,451147.466182
was-think,0.456667574231,333600.074539
dreaming,0.456776019168,346843.531516
brave,0.45677692393,263209.229922
interposed,0.45719666354,261482.299623
overheard,0.457314185585,418197.93343
excused,0.458092232449,128159.170381
stirred,0.458154314706,268780.768132
suspected,0.458219796465,59285.3554373
blushed,0.458855972395,127332.512014
comforted,0.460433842377,2744071.33324
objected,0.460753024667,614849.244757
tonight,0.462753692605,343924.260349
shy,0.463140616319,287810.448711
puts,0.463764443827,105512.070628
claims,0.463951540609,86360.7910452
worried,0.465534385283,219433.307895
was-watched,0.465550394636,53776.1094258
help,0.467674681402,22101.5638277
was-calling,0.468564579732,204886.141221
desire,0.468844793917,69783.8183058
surveyed,0.469523171853,371648.098543
was-heard,0.471931295826,58945.6356383
system,0.472086812823,241232.883698
shrink,0.472568002938,229561.574955
was-believed,0.47263475401,493179.164778
save,0.473918629726,527700.042649
making,0.476047583381,39041.1782899
own,0.479643700086,11180.6623351
all,0.480264531712,117585.840975
veins,0.481048569364,190008.29753
was-continued,0.481061818844,30311.2251517
prefer,0.481346667129,192389.68977
bed,0.485633290352,21373.1825037
glance,0.486555786086,83046.7771739
was-receive,0.48665777977,120176.06162
eaten,0.490496652034,246511.201666
give,0.490605933032,16161.319328
mean,0.491474201648,49963.6764319
expecting,0.492148280213,311576.677503
book,0.494480439624,63293.8494888
was-making,0.495354679272,1676076.68917
avoided,0.496326803996,379165.960391
birth,0.497173985819,182228.963037
well,0.498047095219,163261.509879
partner,0.49885716111,55895.1761015
was-took,0.500630470784,28317.0041089
described,0.501642510156,170478.44862
refrain,0.501798986115,1156260.75799
times,0.502240464987,3019626.68358
displayed,0.502258338621,207775.448723
was-place,0.502451913757,148708.843385
was-assured,0.504483252497,59425.1113996
cares,0.507056879834,93936.2006425
body,0.50746273032,32212.8309444
spend,0.508761565821,244648.769988
exclamation,0.509332740827,305286.641456
was-exclaimed,0.509478264308,17703.0193427
tapped,0.510706559433,1484873.14281
compliments,0.511886222311,189534.739758
was-spared,0.51215210551,445682.006914
stooped,0.51224687262,539477.963337
says,0.514110940626,1771.48817475
was-reconciled,0.514285378656,178063.766691
illness,0.514841178634,99130.6750824
awaited,0.515191652198,466673.262402
stopped,0.515339427154,22378.0106219
curious,0.515927394957,577290.684111
understanding,0.517343666835,516092.637813
tired,0.517857013744,485171.908283
attendance,0.518862187245,1078986.22267
skin,0.520372856102,85213.0111928
entreated,0.520594292592,189563.601976
settled,0.520723297169,82417.2824494
conscience,0.52081623634,76171.8035028
holds,0.520980498385,496686.037963
think,0.520993041132,10732.2092904
look,0.522126428438,15173.9818359
alive,0.523704420239,107130.809591
brothers,0.523801055808,63529.617209
was-helped,0.524594324189,196570.535938
was-possessed,0.524662510892,1187940.04611
behalf,0.525337525042,248811.604473
charge,0.525594918376,77293.0021081
tale,0.525960019705,91598.7281755
bore,0.526109365419,133349.981843
want,0.526190620012,24027.1566034
answered,0.527787856106,14375.2815776
was-assist,0.52898898693,191271.461788
count,0.529860492853,596357.023572
dared,0.530086326002,83073.849881
insist,0.53164866106,4068655.0182
was-pitied,0.533883182363,476603.910257
offended,0.536024585153,523057.605446
admire,0.537040180634,754231.590329
lips,0.537292449422,11777.9609604
sure,0.537722270489,26118.2096432
was-giving,0.53874266731,256910.776168
trouble,0.539196163193,253295.539951
was-facing,0.539385233492,4105797.49952
disposition,0.541470455971,90666.6512346
certain,0.542750367441,157682.450221
decide,0.543869165842,990374.026449
deserved,0.54808900858,226754.899994
lowered,0.551251649767,515123.512873
married,0.551533788969,28301.8388879
invited,0.551837297267,72592.608821
was-resolved,0.554257448395,227017.34026
sake,0.554895590511,40839.5400618
emotion,0.555520623817,137904.607951
pride,0.555830201742,90814.1176601
was-considered,0.555852432882,115478.328173
inquired,0.555950415864,54228.2005194
ignored,0.556711186876,278570.33542
was-kissing,0.558125596396,321435.738069
was-spare,0.558192322558,395635.621249
destination,0.558820216584,4468966.91928
lot,0.559005601174,312705.81084
misery,0.559012211728,280045.347744
habit,0.559164840483,205839.584771
happier,0.559379893203,312983.149562
occupied,0.559426703299,76535.9622328
told,0.561134217143,4308.02054901
was-silenced,0.563795269143,1492249.78756
breath,0.566453954331,82822.0398977
finding,0.569427082065,666091.185227
was-embraced,0.570211357672,511548.140188
was-help,0.570450743825,56961.0786531
sorrows,0.572574276375,62303.6178431
endeavoured,0.572743263701,87313.1684435
wrung,0.575021128425,562930.76081
was-congratulated,0.576100037593,268495.874376
strove,0.576865577023,342489.230148
work,0.576952109868,21780.9588163
disappearance,0.578699607569,1278734.43194
finish,0.579044080062,494905.489885
was-noticed,0.580092421127,386985.478546
was-addressing,0.580600911227,612503.986128
seen,0.581655384164,14181.7359363
lessons,0.584272999923,434705.735285
vanished,0.585228715584,429577.537874
taking,0.58581882013,70900.3633988
drive,0.587007255572,406257.827875
clothes,0.587665519734,40505.5972819
song,0.588015673276,606929.803996
restrained,0.589408015317,797495.100612
brain,0.592257694246,158173.934042
face,0.592335899096,2906.97334003
future,0.592851246391,267491.266954
was-answered,0.593789374001,103257.783645
covered,0.593980652587,414154.801366
pardon,0.595341587376,1039493.33895
was-relieved,0.597981579187,500071.047832
start,0.598334495291,220579.482357
conceal,0.599911946687,417169.949992
best,0.600716549823,108764.722097
was-frightened,0.601884510532,155949.591771
deserves,0.602306118011,386212.914179
was-lost,0.602716206817,123537.848098
hates,0.604518624705,208939.708302
father,0.6045529901,2066.12873032
neck,0.605160078354,47712.6885169
colour,0.605851558438,131821.733349
toes,0.608091561385,456572.855626
childhood,0.611398618931,156599.61407
passed,0.611659153857,31561.0369365
exerted,0.613217167531,2400484.54092
was-pressed,0.613240446418,224946.561842
wrists,0.613243583939,890394.07519
observation,0.614622850589,507838.013472
expressed,0.614685827608,55469.8530618
grandmother,0.615085480961,60793.6803762
basket,0.616344381774,226005.469792
was-worried,0.618257874486,468043.470588
enjoy,0.620744202012,178562.667364
victim,0.620769262227,148062.076531
notice,0.622316558411,113406.734551
was-prevent,0.626348789793,175957.50889
frame,0.627387994671,204221.790283
was-explained,0.628077049944,202355.027202
indifferent,0.628159189325,802318.825671
withdrew,0.628951854098,144496.962043
lord,0.629593780675,98582.7344358
was-claimed,0.629661969429,767724.433852
guest,0.629866066709,108361.451058
pleasure,0.630963857965,142498.1831
secret,0.634173524714,178896.868088
troubles,0.636502652671,388133.73702
relinquished,0.63673691937,199728.224497
hungry,0.636989070887,191833.735654
dream,0.641846111265,413649.650264
possessed,0.64407409689,51586.0500083
explain,0.64577246391,247932.196942
temples,0.646479750842,573621.988001
was-found,0.646535045147,28661.9558766
wearing,0.64844644062,371647.850318
murmured,0.649183070593,106410.226275
decision,0.649436258557,504290.3839
wondered,0.649629461873,49030.3196913
afraid,0.649905399517,69252.9070111
deceived,0.650803864025,2000472.11911
formed,0.654288601413,146847.55287
contempt,0.654699507044,1564167.21876
note,0.655620199775,238534.155518
wear,0.657035849554,187055.60892
growing,0.659838189623,235929.687528
health,0.661426565628,38546.9132268
planning,0.662198161454,1020050.99433
hears,0.662239476488,246811.198671
flowers,0.662511301716,296913.040937
produced,0.663474089758,273847.882893
belong,0.663828743887,523618.328075
shivered,0.669464384567,654074.843659
was-excited,0.669690024484,947014.637528
rooms,0.671207880043,301465.284518
^,0.671370200726,370409.490602
things,0.674292153028,186714.098796
cry,0.67509096537,174002.678539
embrace,0.675451041404,1149376.4806
much,0.677104612431,24108.4902582
stare,0.678048729964,783745.083719
entreaties,0.678572289989,219366.706243
sound,0.679784843215,329617.408003
teacher,0.681058905458,228423.998732
ate,0.686221401491,170382.401691
information,0.68692693586,665653.465547
was-persisted,0.687265530594,301528.905923
realise,0.688482639364,615607.330843
performed,0.68923468257,204930.714101
hung,0.692286321669,111064.614471
strong,0.694353773977,539996.799205
was-address,0.69458496722,733670.935247
does,0.695251449338,40799.2105272
relaxed,0.696306463428,5151679.37515
carrying,0.697135138848,159512.84126
tried,0.698703417893,22694.4236078
carriage,0.69877132452,67749.6650803
stop,0.699428042708,107500.613901
message,0.700869892914,491616.59563
train,0.701638614408,615988.318028
worn,0.701815478006,559501.756596
wished,0.701861139816,22118.4620487
keeps,0.702150883775,275979.749116
was-tempted,0.70217884522,352151.710224
was-asked,0.70298078649,5129.84031825
jaw,0.707385360239,553259.541798
displeasure,0.709567957487,2517624.74546
was-has,0.709823276201,423951.989934
receive,0.710349695211,271439.761199
schemes,0.710926792624,915030.170768
glided,0.711890921182,942406.431337
gentle,0.712328925161,1122062.17235
was-drawing,0.714393111047,680421.029927
go,0.714409853211,9886.59036378
resolution,0.714942191696,348777.80157
regret,0.716872329032,462238.267593
was-reassured,0.717793038544,1895788.97912
was-console,0.719949657552,297565.923276
effort,0.723282285059,884584.567872
yield,0.723611649303,337499.88106
toilet,0.723823985132,928559.245054
conquered,0.726425675278,3163664.0742
mine,0.726433977348,1231535.12253
sleeping,0.727822149597,554369.852099
kiss,0.728557810172,985515.141175
pleased,0.730774074037,81741.4893429
talked,0.731252091452,33488.7796014
managed,0.732749554939,118540.164094
list,0.733626791039,486251.895838
tied,0.734038333034,819890.230342
complexion,0.736611274744,205711.386408
encouraged,0.736942863243,357480.632718
palm,0.740451529166,1361631.48568
was-surprised,0.740585607816,161113.119931
determination,0.740617191466,133834.285055
sorrow,0.741807540677,131411.393023
walk,0.741971898929,69897.7297608
good,0.742348543405,54315.9054326
darling,0.743248620064,408828.034905
consent,0.743501626285,147211.09628
hurt,0.743932451584,818658.356232
putting,0.744483948499,371551.029613
was-handed,0.745446926955,581672.249384
thoughts,0.752647804733,44020.4466774
question,0.753488398644,234488.094253
hurried,0.753808084314,104244.211982
startled,0.755366421822,632921.227267
agony,0.755489168086,1364504.19453
shuddered,0.756550735022,310351.88136
pursued,0.756613370483,488827.154157
staying,0.76011778124,292270.703679
figure,0.760276885871,117870.274167
guessed,0.762088647885,286240.877028
opened,0.762259218623,28533.1656942
kept,0.763235197091,23938.75468
was-paid,0.764137511022,386379.356003
dressing-room,0.76485585192,953029.001222
was-remarked,0.766200247447,100469.570851
bones,0.76623260414,514635.018504
was-call,0.769419324027,58629.7304822
ways,0.770630216096,175443.995272
threw,0.771512288102,56838.9418131
flight,0.772250290152,450565.776275
suffer,0.772398803905,163424.038328
sprang,0.772446740009,82769.8860485
was-bless,0.772846212745,318930.359647
was-confined,0.773805555543,323823.441128
faltered,0.774458850399,636155.400229
attempted,0.774922170303,182734.682192
handkerchief,0.776268750635,192771.3042
sufferings,0.777527936986,445133.731821
safe,0.778464205219,457111.8172
seeing,0.779219597487,534849.739111
wrapped,0.779326104523,405660.095915
implored,0.780528120597,541034.735059
situation,0.781282389934,73035.3361022
patience,0.782068564311,271379.492815
form,0.78543766463,72133.3547918
virtues,0.78545194061,323676.795813
painted,0.787096915259,512128.239146
wheeled,0.787556418056,406875.662926
was-responded,0.79002600452,421730.023181
cried,0.790272790627,12680.6708324
ask,0.791966008324,39995.1025317
replies,0.792069514979,1396687.31111
confided,0.797675608767,251411.225899
--,0.797932703311,313764.339272
innocence,0.799168826615,578341.879908
was-treat,0.802333855243,607741.793959
closed,0.803096318084,98247.9729143
sung,0.803609731354,391048.750441
union,0.806376602438,8287403.08359
was-laughed,0.806429443957,289664.389677
purse,0.807778911934,516164.361696
began,0.80982485786,16744.4618859
less,0.812899449727,1744420.42445
engagement,0.814663882152,394514.83315
drove,0.814840304484,158045.725138
months,0.815592927997,599408.761313
was-confused,0.818059656684,1152838.5498
was-accosted,0.820419936756,733517.441573
happiness,0.821705791558,90592.9066317
tender,0.828357932262,490795.04643
was-greet,0.829046992107,1215389.30297
despair,0.832758605669,547248.246308
account,0.83546904127,106895.669685
box,0.837681338375,109577.575369
appear,0.841288887018,279130.158874
like,0.841742705691,30643.0546889
attendants,0.851349207484,717696.525496
picked,0.853052998183,100507.572849
carried,0.857161660122,99474.7136668
little,0.857724782268,231074.453091
relieved,0.858535515144,441122.660644
sister-in-law,0.859433144533,527141.220168
looking,0.861865269455,51843.7007647
education,0.864126228139,256624.650791
asking,0.86442119754,316273.334969
ejaculated,0.864724669323,230578.368665
'm,0.865793184404,450665.270333
gloves,0.866756227487,723086.893498
wedding,0.867746698397,563582.758512
first,0.867802271893,196040.512315
was-have,0.870477368882,46268.1253035
sunk,0.871387843727,586728.810283
amused,0.873256406642,690171.018703
nostrils,0.873471038854,516593.763064
cold,0.875606588716,635934.017402
was-suffered,0.876654919949,328752.830159
miserable,0.878723868958,1017818.01363
couch,0.88000555938,478801.873612
was-amuse,0.8814718565,859117.922469
invitation,0.881568731182,186580.702645
confidence,0.88307413397,386305.943362
imagine,0.889398378331,264519.155171
spectacles,0.889684558232,428694.605471
was-sighed,0.890080817053,517696.45368
niece,0.893107074147,27063.2738139
mamma,0.893926020988,94123.0096848
confinement,0.895304687526,451446.015622
moved,0.904384550273,48788.0410936
minutes,0.908070375227,2114904.01428
parted,0.909641785825,470713.065455
spirits,0.91086514161,77585.7735769
lived,0.913152392273,31875.3729397
run,0.918113578895,67546.9878554
distress,0.920646599431,242401.011065
arrangements,0.922005016828,478699.02296
half,0.924871462974,189625.40197
wondering,0.925539192125,1141557.78943
reflection,0.92728642584,1513566.26314
visitors,0.931232959268,357493.775719
stir,0.93523974813,390520.465542
agitation,0.943669079396,248639.963088
was-do,0.945726881381,137825.480142
movements,0.94648129204,443228.830804
felt,0.948123030904,8286.41347782
was-added,0.950338204081,57465.8967132
was-married,0.950514305988,43463.146925
remarked,0.955856019854,43078.8299318
was-shocked,0.958200160136,261789.207507
was-having,0.960391455061,826460.909944
birthday,0.963494915149,168055.38042
letter,0.965022634175,43499.5724664
disappeared,0.966070868961,147713.859913
was-caught,0.976093158273,159907.240756
was-want,0.976466247153,250905.300212
was-discovered,0.977704671504,1215786.4905
older,0.978254720904,419607.479971
busied,0.985506954333,616896.765266
earned,0.986823754826,310439.520505
shrank,0.987204012736,385477.616919
fine,0.987427048407,237575.875033
prayed,0.990168094419,268075.171606
exclaimed,0.997828887644,23993.6528252
frightened,1.00480329211,325574.855047
sing,1.00533666349,84041.6135758
was-taught,1.00595833194,149287.395091
imagination,1.00854319086,231303.243343
dreaded,1.00954891904,426709.623135
catch,1.01004618445,834652.989879
was-going,1.01162299989,509530.097408
unlocked,1.01473341883,665768.881483
grown,1.01489651752,233163.579827
credit,1.01714699517,459150.058737
was-joined,1.01808184162,286865.043363
affections,1.0217104772,331100.107728
pitied,1.02243553934,2824110.34284
wanted,1.02290250397,22703.6129531
was-engaged,1.02502538399,84960.6799232
write,1.02965340411,223632.958351
was-preferred,1.03838041166,1810283.12015
cast,1.03840214436,376092.098225
avoid,1.040654184,1315940.94387
was-been,1.04112464237,1621132.40661
was-escape,1.0484158973,1698810.05053
faith,1.05033075042,350175.473899
listening,1.05212485932,435475.504032
spare,1.05253174911,869012.507575
dislike,1.05292629822,963436.836595
stuck,1.05613157652,733865.347688
nothing,1.05628244988,468425.033812
was-supported,1.05691692912,749762.52014
queen,1.06200655159,1815487.24162
rallied,1.06398696526,551381.556974
parent,1.07019862615,336699.582808
looks,1.07058543475,47351.4804162
smiling,1.07112602836,237547.739168
expressions,1.07122781798,2406073.39764
hips,1.07211979608,2107747.61673
cool,1.07372291518,495956.12272
care,1.07655090373,65755.1586935
guardian,1.07842719966,78123.2070867
temper,1.08095939271,129558.215328
triumph,1.08152246857,734680.811542
religion,1.09148743854,1304683.7421
incapable,1.09403296773,3137065.04316
suffered,1.09561814571,119131.692452
voice,1.09602700372,12374.4131428
hands,1.10552083952,16257.4464044
dressed,1.1121814266,366355.209198
resented,1.1158019995,478438.272186
indifference,1.12272586639,680247.024425
resided,1.12557544986,399672.265693
days,1.12780314643,94880.8488101
hanging,1.13036544358,684278.165478
innocent,1.13775144782,554975.765851
wiped,1.13905275056,327475.00281
was-take,1.1418117786,60411.8300293
thing,1.14811886923,224541.735184
bit,1.15661604952,378898.637932
more,1.15700641725,153990.850543
hugged,1.16076796075,1092316.96839
measured,1.1616764605,1341325.22238
was-look,1.16328077224,518874.088168
attendant,1.16506525086,1083166.46692
assume,1.16523767027,1322329.95843
eyelids,1.16551626593,981162.860261
rising,1.16581411383,798614.752414
sacrifice,1.16910629305,5596802.25954
bosom,1.16916618388,75504.2532042
was-destined,1.17238438969,1241970.39214
was-seated,1.17265565189,237529.824607
morning,1.17449597044,946491.97163
home,1.17790096343,35124.1086851
assertion,1.17808412873,680060.633756
experienced,1.18053543087,331917.360913
anything,1.18108862216,1173082.7295
lovely,1.18235753324,467552.532357
baby,1.1867168156,53132.1404573
was-visit,1.20022041127,218552.283296
fears,1.20401844513,220903.625636
laughter,1.20454711474,372595.065908
that,1.20555683462,2458016.91193
applied,1.20556128515,585421.297084
sobbed,1.21136910829,229607.233844
close,1.21246847968,422751.960291
charms,1.2152106523,643519.387033
prepared,1.21825002802,277953.695045
was-shut,1.22041134525,717029.088219
expectations,1.22387838469,822575.042935
busy,1.22530802757,180145.733031
was-murmured,1.22896812606,195909.872107
sat,1.23158037292,18503.8854579
smiles,1.23242219192,494945.547128
history,1.23261017272,199686.421945
handsome,1.23316810045,228579.480491
worth,1.23832251895,356163.089614
wore,1.24298639944,101459.238337
consented,1.24579762693,390535.668825
was-resumed,1.24683047353,333499.209296
shawl,1.2533777904,1133751.41345
apartment,1.25931331842,45063.4956158
grief,1.25987179725,279183.716714
gasped,1.26147520394,661478.719293
move,1.26587445674,197598.683458
allow,1.27176937667,239351.109701
sees,1.27656535538,314204.429221
fainted,1.27659589831,635631.900502
story,1.27820142302,86649.2494101
was-alarmed,1.28908068387,1927847.23645
was-released,1.29250849434,1459309.26868
parents,1.29310363964,49817.457435
person,1.29512969825,65306.1578115
pity,1.30586062226,2685442.13619
whispered,1.31061420573,59987.8898459
returning,1.31133535565,504506.393446
spread,1.31581264093,431400.349444
was-gasped,1.31895739738,3266053.17057
pleaded,1.32320385799,444439.035145
clung,1.34901826162,498512.960415
hostess,1.35228729699,1113457.42311
years,1.35320355549,106192.710371
hard,1.35420719871,851192.376129
evening,1.3639172861,467319.157793
waist,1.36399985144,367750.959005
hour,1.37432285504,633963.211394
unhappy,1.37748944889,2921332.01599
off,1.37834825972,1085713.23011
sobs,1.38012208041,2824517.10007
happy,1.38302486253,72881.8674879
maintained,1.42684934599,450827.897192
daughters,1.43448707532,102632.026478
self,1.43705116582,252172.872702
was-miss,1.4401514183,17580.7070592
heart,1.45963245703,13164.7855028
skirts,1.45992671346,892450.144036
thought,1.4610667877,10537.6926668
over,1.4696601898,2404063.36681
being,1.47266164372,1760514.98973
chin,1.47387115959,168725.451021
composure,1.48094338714,2249376.58299
turns,1.48099759729,313325.924343
content,1.48180658421,687971.425809
curls,1.50177661832,455107.552912
burst,1.50392428417,384725.171014
around,1.51195134306,624065.25569
vision,1.5248777661,700800.133193
sang,1.52669142969,415638.204136
creature,1.53251666918,308080.402017
-rrb-,1.53651987396,2997019.31163
right,1.54457895665,277888.160154
sex,1.54810076797,628471.304779
comfortable,1.54997145995,2117272.51362
sighed,1.55568415037,145284.941587
was-cried,1.56897081328,17668.9037989
away,1.57411570729,1107714.84743
air,1.58315834265,534847.668269
cries,1.58354014235,752482.673545
weeping,1.58911466526,1689483.78765
cheek,1.60537275356,128634.795338
mind,1.61317550321,20925.037806
so,1.62319902974,925678.588266
screamed,1.63441085533,1061970.01076
something,1.65519475548,664849.241509
again,1.65804658927,1000086.18081
guests,1.69550417267,178871.508995
capable,1.69613508877,1763941.06205
betray,1.69811632876,1241250.1863
bedroom,1.71134454512,489332.086613
table,1.73068908836,203282.141652
was-terrified,1.73081679303,3622739.09756
cheeks,1.73586602618,145652.989471
up,1.79581205187,680287.900638
trembled,1.81841301155,893375.115299
bonnet,1.81910136149,266604.429036
skirt,1.81966746843,1063578.10987
down,1.82520515623,923375.788947
veil,1.84822956532,1064435.39631
about,1.86906537289,737031.731681
school,1.87897696874,242026.59887
ran,1.96050976145,84097.5187504
children,1.99771728889,36111.3481767
chamber,2.06432898251,227881.144109
wept,2.11610963219,281855.961359
beautiful,2.12676465173,1559783.18549
sitting,2.13551767914,106748.573003
there,2.15766449103,951079.345585
apron,2.16894013885,377137.843064
was-kissed,2.17308650974,342438.294826
mother,2.1747006639,6589.16076635
aunt,2.26999695449,53979.5239674
eyes,2.3019270866,11343.5268321
now,2.44460392724,2143275.53683
room,2.46366630826,42746.883235
child,2.58261506523,60187.4427981
lap,2.85575012524,355887.551178
tears,2.98414707767,477690.136502
gown,3.01935092539,921963.938357
beauty,3.03044416354,225486.740013
lover,3.24072492398,206147.041256
maid,3.27156222214,700105.195981
hair,3.28368022114,84213.0555292
dress,4.20769778615,287933.96101
